Time Stamp,ID,Extended,Dir,Bus,LEN,D1,D2,D3,D4,D5,D6,D7,D8
116854,000003CF,false,Rx,0,8,61,11,00,A3,A3,A3,A3,A3,
216342,000003CF,false,Rx,0,8,61,11,00,A3,A3,A3,A3,A3,
320544,000003CF,false,Rx,0,8,61,11,00,A3,A3,A3,A3,A3,
328391,000003CF,false,Rx,0,8,69,01,A3,A3,A3,A3,A3,A3,
424412,000003CF,false,Rx,0,8,61,11,00,A3,A3,A3,A3,A3,
528334,000003CF,false,Rx,0,8,61,11,00,A3,A3,A3,A3,A3,
633778,000003CF,false,Rx,0,8,61,11,00,A3,A3,A3,A3,A3,
736323,000003CF,false,Rx,0,8,61,11,00,A3,A3,A3,A3,A3,
832268,000003CF,false,Rx,0,8,69,01,A3,A3,A3,A3,A3,A3,
841240,000003CF,false,Rx,0,8,61,11,00,A3,A3,A3,A3,A3,
944320,000003CF,false,Rx,0,8,61,11,00,A3,A3,A3,A3,A3,
1048236,000003CF,false,Rx,0,8,61,11,00,A3,A3,A3,A3,A3,
1152430,000003CF,false,Rx,0,8,61,11,00,A3,A3,A3,A3,A3,
1256281,000003CF,false,Rx,0,8,61,11,00,A3,A3,A3,A3,A3,
1336257,000003CF,false,Rx,0,8,69,01,A3,A3,A3,A3,A3,A3,
1360167,000003CF,false,Rx,0,8,61,11,00,A3,A3,A3,A3,A3,
1464238,000003CF,false,Rx,0,8,61,11,00,A3,A3,A3,A3,A3,
1568184,000003CF,false,Rx,0,8,61,11,00,A3,A3,A3,A3,A3,
1672302,000003CF,false,Rx,0,8,61,11,00,A3,A3,A3,A3,A3,
1776123,000003CF,false,Rx,0,8,61,11,00,A3,A3,A3,A3,A3,
1840171,000003CF,false,Rx,0,8,69,01,A3,A3,A3,A3,A3,A3,
1880168,000003CF,false,Rx,0,8,61,11,00,A3,A3,A3,A3,A3,
1984233,000003CF,false,Rx,0,8,61,11,00,A3,A3,A3,A3,A3,
2088173,000003CF,false,Rx,0,8,61,11,00,A3,A3,A3,A3,A3,
2192155,000003CF,false,Rx,0,8,61,11,00,A3,A3,A3,A3,A3,
2296291,000003CF,false,Rx,0,8,61,11,00,A3,A3,A3,A3,A3,
2344253,000003CF,false,Rx,0,8,69,01,A3,A3,A3,A3,A3,A3,
2400122,000003CF,false,Rx,0,8,61,11,00,A3,A3,A3,A3,A3,
2504170,000003CF,false,Rx,0,8,61,11,00,A3,A3,A3,A3,A3,
2609089,000003CF,false,Rx,0,8,61,11,00,A3,A3,A3,A3,A3,
2712016,000003CF,false,Rx,0,8,61,11,00,A3,A3,A3,A3,A3,
2816019,000003CF,false,Rx,0,8,61,11,00,A3,A3,A3,A3,A3,
2848156,000003CF,false,Rx,0,8,69,01,A3,A3,A3,A3,A3,A3,
2920030,000003CF,false,Rx,0,8,61,11,00,A3,A3,A3,A3,A3,
3024296,000003CF,false,Rx,0,8,61,11,00,A3,A3,A3,A3,A3,
3127998,000003CF,false,Rx,0,8,61,11,00,A3,A3,A3,A3,A3,
3232138,000003CF,false,Rx,0,8,61,11,00,A3,A3,A3,A3,A3,
3336142,000003CF,false,Rx,0,8,61,11,00,A3,A3,A3,A3,A3,
3352777,000003CF,false,Rx,0,8,69,01,A3,A3,A3,A3,A3,A3,
3439972,000003CF,false,Rx,0,8,61,11,00,A3,A3,A3,A3,A3,
3555526,000003CF,false,Rx,0,8,61,11,00,A3,A3,A3,A3,A3,
3647960,000003CF,false,Rx,0,8,61,11,00,A3,A3,A3,A3,A3,
3752068,000003CF,false,Rx,0,8,61,11,00,A3,A3,A3,A3,A3,
3855935,000003CF,false,Rx,0,8,69,01,A3,A3,A3,A3,A3,A3,
3859983,000003CF,false,Rx,0,8,61,11,00,A3,A3,A3,A3,A3,
3960112,000003CF,false,Rx,0,8,61,11,00,A3,A3,A3,A3,A3,
4064057,000003CF,false,Rx,0,8,61,11,00,A3,A3,A3,A3,A3,
4168108,000003CF,false,Rx,0,8,61,11,00,A3,A3,A3,A3,A3,
4272047,000003CF,false,Rx,0,8,61,11,00,A3,A3,A3,A3,A3,
4360069,000003CF,false,Rx,0,8,69,01,A3,A3,A3,A3,A3,A3,
4377976,000003CF,false,Rx,0,8,61,11,00,A3,A3,A3,A3,A3,
4479911,000003CF,false,Rx,0,8,61,11,00,A3,A3,A3,A3,A3,
4583939,000003CF,false,Rx,0,8,61,11,00,A3,A3,A3,A3,A3,
4687984,000003CF,false,Rx,0,8,61,11,00,A3,A3,A3,A3,A3,
4791977,000003CF,false,Rx,0,8,61,11,00,A3,A3,A3,A3,A3,
4863873,000003CF,false,Rx,0,8,69,01,A3,A3,A3,A3,A3,A3,
4895983,000003CF,false,Rx,0,8,61,11,00,A3,A3,A3,A3,A3,
5000046,000003CF,false,Rx,0,8,61,11,00,A3,A3,A3,A3,A3,
5104030,000003CF,false,Rx,0,8,61,11,00,A3,A3,A3,A3,A3,
5210778,000003CF,false,Rx,0,8,61,11,00,A3,A3,A3,A3,A3,
5311972,000003CF,false,Rx,0,8,61,11,00,A3,A3,A3,A3,A3,
5367983,000003CF,false,Rx,0,8,69,01,A3,A3,A3,A3,A3,A3,
5416004,000003CF,false,Rx,0,8,61,11,00,A3,A3,A3,A3,A3,
5519905,000003CF,false,Rx,0,8,61,11,00,A3,A3,A3,A3,A3,
5623841,000003CF,false,Rx,0,8,61,11,00,A3,A3,A3,A3,A3,
5729303,000003CF,false,Rx,0,8,61,11,00,A3,A3,A3,A3,A3,
5831942,000003CF,false,Rx,0,8,61,11,00,A3,A3,A3,A3,A3,
5871831,000003CF,false,Rx,0,8,69,01,A3,A3,A3,A3,A3,A3,
5936004,000003CF,false,Rx,0,8,61,11,00,A3,A3,A3,A3,A3,
6039963,000003CF,false,Rx,0,8,61,11,00,A3,A3,A3,A3,A3,
6144785,000003CF,false,Rx,0,8,61,11,00,A3,A3,A3,A3,A3,
6247885,000003CF,false,Rx,0,8,61,11,00,A3,A3,A3,A3,A3,
6351772,000003CF,false,Rx,0,8,61,11,00,A3,A3,A3,A3,A3,
6375686,000003CF,false,Rx,0,8,69,01,A3,A3,A3,A3,A3,A3,
6455803,000003CF,false,Rx,0,8,61,11,00,A3,A3,A3,A3,A3,
6559866,000003CF,false,Rx,0,8,61,11,00,A3,A3,A3,A3,A3,
6663697,000003CF,false,Rx,0,8,61,11,00,A3,A3,A3,A3,A3,
6769759,000003CF,false,Rx,0,8,61,11,00,A3,A3,A3,A3,A3,
6871830,000003CF,false,Rx,0,8,61,11,00,A3,A3,A3,A3,A3,
6879709,000003CF,false,Rx,0,8,69,01,A3,A3,A3,A3,A3,A3,
6975864,000003CF,false,Rx,0,8,61,11,00,A3,A3,A3,A3,A3,
7079711,000003CF,false,Rx,0,8,61,11,00,A3,A3,A3,A3,A3,
7183819,000003CF,false,Rx,0,8,61,11,00,A3,A3,A3,A3,A3,
7289148,000003CF,false,Rx,0,8,61,11,00,A3,A3,A3,A3,A3,
7383816,000003CF,false,Rx,0,8,69,01,A3,A3,A3,A3,A3,A3,
7391722,000003CF,false,Rx,0,8,61,11,00,A3,A3,A3,A3,A3,
7424181,000003AF,false,Rx,0,8,BA,00,00,00,00,00,00,00,
7445744,000003AF,false,Rx,0,8,B9,01,00,00,00,00,00,00,
7490839,000003AF,false,Rx,0,8,BA,00,00,00,00,00,00,00,
7495822,000003CF,false,Rx,0,8,61,11,00,A3,A3,A3,A3,A3,
7526786,000003AF,false,Rx,0,8,B0,14,11,00,1F,00,00,00,
7528156,000001C1,false,Rx,0,8,70,A3,A3,A3,A3,A3,A3,A3,
7528440,000005C1,false,Rx,0,8,74,00,00,00,00,00,00,00,
7557684,000003AF,false,Rx,0,8,B0,14,11,00,1F,00,00,00,
7588723,000003AF,false,Rx,0,8,B0,14,11,00,1F,00,00,00,
7588801,00000151,false,Rx,0,8,70,00,00,00,00,00,00,00,
7589101,000001F1,false,Rx,0,8,70,00,00,00,00,00,00,00,
7592003,00000551,false,Rx,0,8,74,A3,A3,A3,A3,A3,A3,A3,
7592016,000005F1,false,Rx,0,8,74,A3,A3,A3,A3,A3,A3,A3,
7887575,000003CF,false,Rx,0,8,69,00,A3,A3,A3,A3,A3,A3,
7945842,000003AF,false,Rx,0,8,B9,00,00,00,00,00,00,00,
7989950,00000151,false,Rx,0,8,03,52,09,00,00,00,00,00,
7990605,00000551,false,Rx,0,8,74,A3,A3,A3,A3,A3,A3,A3,
7996024,000001C1,false,Rx,0,8,02,64,0F,A3,A3,A3,A3,A3,
7996385,000005C1,false,Rx,0,8,74,00,00,00,00,00,00,00,
8006325,00000151,false,Rx,0,8,02,54,01,00,00,00,00,00,
8006952,00000551,false,Rx,0,8,74,A3,A3,A3,A3,A3,A3,A3,
8010142,00000151,false,Rx,0,8,02,54,03,00,00,00,00,00,
8010788,00000551,false,Rx,0,8,74,A3,A3,A3,A3,A3,A3,A3,
8014413,000001C1,false,Rx,0,8,05,63,30,30,33,31,A3,A3,
8014434,000005C1,false,Rx,0,8,74,00,00,00,00,00,00,00,
8015955,00000151,false,Rx,0,8,10,0E,77,55,55,FF,60,01,
8016644,00000551,false,Rx,0,8,30,01,00,A3,A3,A3,A3,A3,
8023417,000001F1,false,Rx,0,8,11,2E,21,0B,00,25,41,42,
8023708,00000151,false,Rx,0,8,21,20,20,B0,30,30,30,20,
8024164,000005F1,false,Rx,0,8,30,01,00,A3,A3,A3,A3,A3,
8024449,00000551,false,Rx,0,8,30,01,00,A3,A3,A3,A3,A3,
8024760,000001F1,false,Rx,0,8,21,43,44,45,46,00,01,30,
8025588,000005F1,false,Rx,0,8,30,01,00,A3,A3,A3,A3,A3,
8025599,00000151,false,Rx,0,8,22,20,00,00,00,00,00,00,
8026430,00000551,false,Rx,0,8,74,A3,A3,A3,A3,A3,A3,A3,
8026708,000001F1,false,Rx,0,8,22,30,00,00,00,00,00,00,
8027719,000005F1,false,Rx,0,8,30,01,00,A3,A3,A3,A3,A3,
8028724,000001F1,false,Rx,0,8,23,00,00,00,00,00,00,00,
8030088,000005F1,false,Rx,0,8,30,01,00,A3,A3,A3,A3,A3,
8030722,000001F1,false,Rx,0,8,24,00,00,00,00,00,00,38,
8031358,000005F1,false,Rx,0,8,30,01,00,A3,A3,A3,A3,A3,
8034232,000001F1,false,Rx,0,8,25,00,00,00,00,00,66,00,
8034253,000005F1,false,Rx,0,8,30,01,00,A3,A3,A3,A3,A3,
8034259,000001F1,false,Rx,0,8,26,00,00,00,00,43,00,00,
8034266,000005F1,false,Rx,0,8,30,01,00,A3,A3,A3,A3,A3,
8034850,000001F1,false,Rx,0,8,27,00,00,00,41,80,00,00,
8042627,000005F1,false,Rx,0,8,30,01,00,A3,A3,A3,A3,A3,
8043602,000001F1,false,Rx,0,8,28,00,00,40,C0,00,00,00,
8044229,000005F1,false,Rx,0,8,30,01,00,A3,A3,A3,A3,A3,
8044725,000001F1,false,Rx,0,8,29,00,60,60,00,00,00,00,
8045531,000005F1,false,Rx,0,8,30,01,00,A3,A3,A3,A3,A3,
8046708,000001F1,false,Rx,0,8,2A,60,2F,C0,00,00,00,20,
8050593,000005F1,false,Rx,0,8,30,01,00,A3,A3,A3,A3,A3,
8054394,000001F1,false,Rx,0,8,2B,E6,38,00,00,00,23,57,
8054415,000005F1,false,Rx,0,8,30,01,00,A3,A3,A3,A3,A3,
8054724,000001F1,false,Rx,0,8,2C,06,00,00,00,36,53,C1,
8055210,000005F1,false,Rx,0,8,30,01,00,A3,A3,A3,A3,A3,
8055806,000001F1,false,Rx,0,8,2D,00,00,00,18,19,E0,80,
8056289,000005F1,false,Rx,0,8,30,01,00,A3,A3,A3,A3,A3,
8057695,000001F1,false,Rx,0,8,2E,00,00,10,3C,E7,DF,E0,
8059274,000005F1,false,Rx,0,8,30,01,00,A3,A3,A3,A3,A3,
8059744,000001F1,false,Rx,0,8,2F,00,20,3E,FC,30,38,00,
8060389,000005F1,false,Rx,0,8,30,01,00,A3,A3,A3,A3,A3,
8061549,000001F1,false,Rx,0,8,20,20,3E,40,E0,08,00,43,
8062383,000005F1,false,Rx,0,8,30,01,00,A3,A3,A3,A3,A3,
8062645,000001F1,false,Rx,0,8,21,FE,1F,10,08,00,43,F0,
8065648,000005F1,false,Rx,0,8,30,01,00,A3,A3,A3,A3,A3,
8066745,000001F1,false,Rx,0,8,22,BE,10,18,00,83,87,9E,
8067231,000005F1,false,Rx,0,8,30,01,00,A3,A3,A3,A3,A3,
8067822,000001F1,false,Rx,0,8,23,08,30,00,8E,1F,CE,08,
8070329,000005F1,false,Rx,0,8,30,01,00,A3,A3,A3,A3,A3,
8070780,000001F1,false,Rx,0,8,24,60,00,B1,FF,EC,09,C0,
8074326,000005F1,false,Rx,0,8,30,01,00,A3,A3,A3,A3,A3,
8074346,000001F1,false,Rx,0,8,25,00,C3,FF,E4,0F,00,00,
8075165,000005F1,false,Rx,0,8,30,01,00,A3,A3,A3,A3,A3,
8075600,000001F1,false,Rx,0,8,26,1F,FF,F4,0E,00,03,E7,
8076445,000005F1,false,Rx,0,8,30,01,00,A3,A3,A3,A3,A3,
8077659,000001F1,false,Rx,0,8,27,FF,F2,08,00,06,F6,7F,
8080419,000005F1,false,Rx,0,8,30,01,00,A3,A3,A3,A3,A3,
8081634,000001F1,false,Rx,0,8,28,F9,28,00,1C,F8,1F,FD,
8084441,000005F1,false,Rx,0,8,30,01,00,A3,A3,A3,A3,A3,
8085627,000001F1,false,Rx,0,8,29,E8,00,30,F8,1F,FC,E8,
8086248,000005F1,false,Rx,0,8,30,01,00,A3,A3,A3,A3,A3,
8086738,000001F1,false,Rx,0,8,2A,00,60,F0,07,FE,C8,00,
8087621,000005F1,false,Rx,0,8,30,01,00,A3,A3,A3,A3,A3,
8088785,000001F1,false,Rx,0,8,2B,C0,F8,01,FE,D0,00,80,
8089433,000005F1,false,Rx,0,8,30,01,00,A3,A3,A3,A3,A3,
8090628,000001F1,false,Rx,0,8,2C,78,02,7E,70,00,80,7C,
8094704,000005F1,false,Rx,0,8,30,01,00,A3,A3,A3,A3,A3,
8094718,000001F1,false,Rx,0,8,2D,00,1F,60,00,E0,7E,00,
8097464,000005F1,false,Rx,0,8,30,01,00,A3,A3,A3,A3,A3,
8098683,000001F1,false,Rx,0,8,2E,3F,20,00,3F,DF,80,7F,
8099327,000005F1,false,Rx,0,8,30,01,00,A3,A3,A3,A3,A3,
8099794,000001F1,false,Rx,0,8,2F,80,00,00,0F,C0,FF,C0,
8102242,000005F1,false,Rx,0,8,30,01,00,A3,A3,A3,A3,A3,
8102712,000001F1,false,Rx,0,8,20,00,00,07,C0,FF,60,00,
8103729,000005F1,false,Rx,0,8,30,01,00,A3,A3,A3,A3,A3,
8104725,000001F1,false,Rx,0,8,21,00,03,C3,FE,20,00,00,
8106992,000005F1,false,Rx,0,8,30,01,00,A3,A3,A3,A3,A3,
8107809,000001F1,false,Rx,0,8,22,00,EF,F8,20,00,00,00,
8108416,000005F1,false,Rx,0,8,30,01,00,A3,A3,A3,A3,A3,
8109608,000001F1,false,Rx,0,8,23,3F,E0,30,00,00,00,00,
8114436,000005F1,false,Rx,0,8,30,01,00,A3,A3,A3,A3,A3,
8114457,000001F1,false,Rx,0,8,24,30,30,00,00,00,00,18,
8114463,000005F1,false,Rx,0,8,30,01,00,A3,A3,A3,A3,A3,
8114821,000001F1,false,Rx,0,8,25,10,00,00,00,00,0C,10,
8116946,000005F1,false,Rx,0,8,30,01,00,A3,A3,A3,A3,A3,
8117752,000001F1,false,Rx,0,8,26,00,00,00,00,06,10,00,
8118398,000005F1,false,Rx,0,8,30,01,00,A3,A3,A3,A3,A3,
8119772,000001F1,false,Rx,0,8,27,00,00,00,03,30,00,00,
8121744,000005F1,false,Rx,0,8,30,01,00,A3,A3,A3,A3,A3,
8122595,000001F1,false,Rx,0,8,28,00,00,00,E0,00,00,00,
8123633,000005F1,false,Rx,0,8,30,01,00,A3,A3,A3,A3,A3,
8124696,000001F1,false,Rx,0,8,29,00,00,00,00,00,00,00,
8125458,000005F1,false,Rx,0,8,30,01,00,A3,A3,A3,A3,A3,
8126753,000001F1,false,Rx,0,8,2A,00,00,00,00,00,00,00,
8127582,000005F1,false,Rx,0,8,30,01,00,A3,A3,A3,A3,A3,
8128769,000001F1,false,Rx,0,8,2B,00,00,00,00,00,00,00,
8129413,000005F1,false,Rx,0,8,74,A3,A3,A3,A3,A3,A3,A3,
8391707,000003CF,false,Rx,0,8,69,00,A3,A3,A3,A3,A3,A3,
8445918,000003AF,false,Rx,0,8,B9,00,00,00,00,00,00,00,
8895676,000003CF,false,Rx,0,8,69,00,A3,A3,A3,A3,A3,A3,
8946123,000003AF,false,Rx,0,8,B9,00,00,00,00,00,00,00,
9400393,000003CF,false,Rx,0,8,69,00,A3,A3,A3,A3,A3,A3,
9446255,000003AF,false,Rx,0,8,B9,00,00,00,00,00,00,00,
9903517,000003CF,false,Rx,0,8,69,00,A3,A3,A3,A3,A3,A3,
9946266,000003AF,false,Rx,0,8,B9,00,00,00,00,00,00,00,
10407570,000003CF,false,Rx,0,8,69,00,A3,A3,A3,A3,A3,A3,
10446505,000003AF,false,Rx,0,8,B9,00,00,00,00,00,00,00,
10911337,000003CF,false,Rx,0,8,69,00,A3,A3,A3,A3,A3,A3,
10946702,000003AF,false,Rx,0,8,B9,00,00,00,00,00,00,00,
11415470,000003CF,false,Rx,0,8,69,00,A3,A3,A3,A3,A3,A3,
11446808,000003AF,false,Rx,0,8,B9,00,00,00,00,00,00,00,
11919505,000003CF,false,Rx,0,8,69,00,A3,A3,A3,A3,A3,A3,
11946944,000003AF,false,Rx,0,8,B9,00,00,00,00,00,00,00,
12423244,000003CF,false,Rx,0,8,69,00,A3,A3,A3,A3,A3,A3,
12447035,000003AF,false,Rx,0,8,B9,00,00,00,00,00,00,00,
12927530,000003CF,false,Rx,0,8,69,00,A3,A3,A3,A3,A3,A3,
12947203,000003AF,false,Rx,0,8,B9,00,00,00,00,00,00,00,
13432778,000003CF,false,Rx,0,8,69,00,A3,A3,A3,A3,A3,A3,
13447411,000003AF,false,Rx,0,8,B9,00,00,00,00,00,00,00,
13935067,000003CF,false,Rx,0,8,69,00,A3,A3,A3,A3,A3,A3,
13947530,000003AF,false,Rx,0,8,B9,00,00,00,00,00,00,00,
14439204,000003CF,false,Rx,0,8,69,00,A3,A3,A3,A3,A3,A3,
14447733,000003AF,false,Rx,0,8,B9,00,00,00,00,00,00,00,
14945115,000003CF,false,Rx,0,8,69,00,A3,A3,A3,A3,A3,A3,
14947798,000003AF,false,Rx,0,8,B9,00,00,00,00,00,00,00,
15447948,000003AF,false,Rx,0,8,B9,00,00,00,00,00,00,00,
15450411,000003CF,false,Rx,0,8,69,00,A3,A3,A3,A3,A3,A3,
15948059,000003AF,false,Rx,0,8,B9,00,00,00,00,00,00,00,
15950857,000003CF,false,Rx,0,8,69,00,A3,A3,A3,A3,A3,A3,
16448132,000003AF,false,Rx,0,8,B9,00,00,00,00,00,00,00,
16454938,000003CF,false,Rx,0,8,69,00,A3,A3,A3,A3,A3,A3,
16948318,000003AF,false,Rx,0,8,B9,00,00,00,00,00,00,00,
16959024,000003CF,false,Rx,0,8,69,00,A3,A3,A3,A3,A3,A3,
17448510,000003AF,false,Rx,0,8,B9,00,00,00,00,00,00,00,
17462924,000003CF,false,Rx,0,8,69,00,A3,A3,A3,A3,A3,A3,
17948471,000003AF,false,Rx,0,8,B9,00,00,00,00,00,00,00,
17966957,000003CF,false,Rx,0,8,69,00,A3,A3,A3,A3,A3,A3,
18448838,000003AF,false,Rx,0,8,B9,00,00,00,00,00,00,00,
18470848,000003CF,false,Rx,0,8,69,00,A3,A3,A3,A3,A3,A3,
18948857,000003AF,false,Rx,0,8,B9,00,00,00,00,00,00,00,
18974857,000003CF,false,Rx,0,8,69,00,A3,A3,A3,A3,A3,A3,
19449004,000003AF,false,Rx,0,8,B9,00,00,00,00,00,00,00,
19478589,000003CF,false,Rx,0,8,69,00,A3,A3,A3,A3,A3,A3,
19949147,000003AF,false,Rx,0,8,B9,00,00,00,00,00,00,00,
19982684,000003CF,false,Rx,0,8,69,00,A3,A3,A3,A3,A3,A3,
20449332,000003AF,false,Rx,0,8,B9,00,00,00,00,00,00,00,
20486523,000003CF,false,Rx,0,8,69,00,A3,A3,A3,A3,A3,A3,
20949371,000003AF,false,Rx,0,8,B9,00,00,00,00,00,00,00,
20990677,000003CF,false,Rx,0,8,69,00,A3,A3,A3,A3,A3,A3,
21449548,000003AF,false,Rx,0,8,B9,00,00,00,00,00,00,00,
21494554,000003CF,false,Rx,0,8,69,00,A3,A3,A3,A3,A3,A3,
21949593,000003AF,false,Rx,0,8,B9,00,00,00,00,00,00,00,
21998485,000003CF,false,Rx,0,8,69,00,A3,A3,A3,A3,A3,A3,
22449785,000003AF,false,Rx,0,8,B9,00,00,00,00,00,00,00,
22502500,000003CF,false,Rx,0,8,69,00,A3,A3,A3,A3,A3,A3,
22949949,000003AF,false,Rx,0,8,B9,00,00,00,00,00,00,00,
23006472,000003CF,false,Rx,0,8,69,00,A3,A3,A3,A3,A3,A3,
23450104,000003AF,false,Rx,0,8,B9,00,00,00,00,00,00,00,
23510312,000003CF,false,Rx,0,8,69,00,A3,A3,A3,A3,A3,A3,
23950060,000003AF,false,Rx,0,8,B9,00,00,00,00,00,00,00,
24014358,000003CF,false,Rx,0,8,69,00,A3,A3,A3,A3,A3,A3,
24450204,000003AF,false,Rx,0,8,B9,00,00,00,00,00,00,00,
24518216,000003CF,false,Rx,0,8,69,00,A3,A3,A3,A3,A3,A3,
24950336,000003AF,false,Rx,0,8,B9,00,00,00,00,00,00,00,
25022301,000003CF,false,Rx,0,8,69,00,A3,A3,A3,A3,A3,A3,
25450652,000003AF,false,Rx,0,8,B9,00,00,00,00,00,00,00,
25526210,000003CF,false,Rx,0,8,69,00,A3,A3,A3,A3,A3,A3,
25950713,000003AF,false,Rx,0,8,B9,00,00,00,00,00,00,00,
26030214,000003CF,false,Rx,0,8,69,00,A3,A3,A3,A3,A3,A3,
26450836,000003AF,false,Rx,0,8,B9,00,00,00,00,00,00,00,
26534058,000003CF,false,Rx,0,8,69,00,A3,A3,A3,A3,A3,A3,
26950977,000003AF,false,Rx,0,8,B9,00,00,00,00,00,00,00,
27037967,000003CF,false,Rx,0,8,69,00,A3,A3,A3,A3,A3,A3,
27451119,000003AF,false,Rx,0,8,B9,00,00,00,00,00,00,00,
27541896,000003CF,false,Rx,0,8,69,00,A3,A3,A3,A3,A3,A3,
27951340,000003AF,false,Rx,0,8,B9,00,00,00,00,00,00,00,
28046044,000003CF,false,Rx,0,8,69,00,A3,A3,A3,A3,A3,A3,
28451359,000003AF,false,Rx,0,8,B9,00,00,00,00,00,00,00,
28550062,000003CF,false,Rx,0,8,69,00,A3,A3,A3,A3,A3,A3,
28951505,000003AF,false,Rx,0,8,B9,00,00,00,00,00,00,00,
29054060,000003CF,false,Rx,0,8,69,00,A3,A3,A3,A3,A3,A3,
29451762,000003AF,false,Rx,0,8,B9,00,00,00,00,00,00,00,
29557819,000003CF,false,Rx,0,8,69,00,A3,A3,A3,A3,A3,A3,
29951698,000003AF,false,Rx,0,8,B9,00,00,00,00,00,00,00,
30061812,000003CF,false,Rx,0,8,69,00,A3,A3,A3,A3,A3,A3,
30451875,000003AF,false,Rx,0,8,B9,00,00,00,00,00,00,00,
30565728,000003CF,false,Rx,0,8,69,00,A3,A3,A3,A3,A3,A3,
30952163,000003AF,false,Rx,0,8,B9,00,00,00,00,00,00,00,
31069742,000003CF,false,Rx,0,8,69,00,A3,A3,A3,A3,A3,A3,
31452235,000003AF,false,Rx,0,8,B9,00,00,00,00,00,00,00,
31573724,000003CF,false,Rx,0,8,69,00,A3,A3,A3,A3,A3,A3,
31952268,000003AF,false,Rx,0,8,B9,00,00,00,00,00,00,00,
32077719,000003CF,false,Rx,0,8,69,00,A3,A3,A3,A3,A3,A3,
32452467,000003AF,false,Rx,0,8,B9,00,00,00,00,00,00,00,
32581666,000003CF,false,Rx,0,8,69,00,A3,A3,A3,A3,A3,A3,
32952719,000003AF,false,Rx,0,8,B9,00,00,00,00,00,00,00,
33085605,000003CF,false,Rx,0,8,69,00,A3,A3,A3,A3,A3,A3,
33452843,000003AF,false,Rx,0,8,B9,00,00,00,00,00,00,00,
33589516,000003CF,false,Rx,0,8,69,00,A3,A3,A3,A3,A3,A3,
33952878,000003AF,false,Rx,0,8,B9,00,00,00,00,00,00,00,
34093464,000003CF,false,Rx,0,8,69,00,A3,A3,A3,A3,A3,A3,
34453024,000003AF,false,Rx,0,8,B9,00,00,00,00,00,00,00,
34597400,000003CF,false,Rx,0,8,69,00,A3,A3,A3,A3,A3,A3,
34953223,000003AF,false,Rx,0,8,B9,00,00,00,00,00,00,00,
35101434,000003CF,false,Rx,0,8,69,00,A3,A3,A3,A3,A3,A3,
35453347,000003AF,false,Rx,0,8,B9,00,00,00,00,00,00,00,
35605283,000003CF,false,Rx,0,8,69,00,A3,A3,A3,A3,A3,A3,
35953533,000003AF,false,Rx,0,8,B9,00,00,00,00,00,00,00,
36109336,000003CF,false,Rx,0,8,69,00,A3,A3,A3,A3,A3,A3,
36453671,000003AF,false,Rx,0,8,B9,00,00,00,00,00,00,00,
36613156,000003CF,false,Rx,0,8,69,00,A3,A3,A3,A3,A3,A3,
36953707,000003AF,false,Rx,0,8,B9,00,00,00,00,00,00,00,
37117236,000003CF,false,Rx,0,8,69,00,A3,A3,A3,A3,A3,A3,
37453905,000003AF,false,Rx,0,8,B9,00,00,00,00,00,00,00,
37621139,000003CF,false,Rx,0,8,69,00,A3,A3,A3,A3,A3,A3,
37954055,000003AF,false,Rx,0,8,B9,00,00,00,00,00,00,00,
38125044,000003CF,false,Rx,0,8,69,00,A3,A3,A3,A3,A3,A3,
38454007,000003AF,false,Rx,0,8,B9,00,00,00,00,00,00,00,
38629074,000003CF,false,Rx,0,8,69,00,A3,A3,A3,A3,A3,A3,
38954282,000003AF,false,Rx,0,8,B9,00,00,00,00,00,00,00,
39133007,000003CF,false,Rx,0,8,69,00,A3,A3,A3,A3,A3,A3,
39454297,000003AF,false,Rx,0,8,B9,00,00,00,00,00,00,00,
39636843,000003CF,false,Rx,0,8,69,00,A3,A3,A3,A3,A3,A3,
39954619,000003AF,false,Rx,0,8,B9,00,00,00,00,00,00,00,
40140828,000003CF,false,Rx,0,8,69,00,A3,A3,A3,A3,A3,A3,
40454718,000003AF,false,Rx,0,8,B9,00,00,00,00,00,00,00,
40644940,000003CF,false,Rx,0,8,69,00,A3,A3,A3,A3,A3,A3,
40954713,000003AF,false,Rx,0,8,B9,00,00,00,00,00,00,00,
41149036,000003CF,false,Rx,0,8,69,00,A3,A3,A3,A3,A3,A3,
41454935,000003AF,false,Rx,0,8,B9,00,00,00,00,00,00,00,
41652853,000003CF,false,Rx,0,8,69,00,A3,A3,A3,A3,A3,A3,
41955124,000003AF,false,Rx,0,8,B9,00,00,00,00,00,00,00,
42156798,000003CF,false,Rx,0,8,69,00,A3,A3,A3,A3,A3,A3,
42455309,000003AF,false,Rx,0,8,B9,00,00,00,00,00,00,00,
42660705,000003CF,false,Rx,0,8,69,00,A3,A3,A3,A3,A3,A3,
42955298,000003AF,false,Rx,0,8,B9,00,00,00,00,00,00,00,
43164714,000003CF,false,Rx,0,8,69,00,A3,A3,A3,A3,A3,A3,
43455598,000003AF,false,Rx,0,8,B9,00,00,00,00,00,00,00,
43668678,000003CF,false,Rx,0,8,69,00,A3,A3,A3,A3,A3,A3,
43955658,000003AF,false,Rx,0,8,B9,00,00,00,00,00,00,00,
44172579,000003CF,false,Rx,0,8,69,00,A3,A3,A3,A3,A3,A3,
44455787,000003AF,false,Rx,0,8,B9,00,00,00,00,00,00,00,
44676624,000003CF,false,Rx,0,8,69,00,A3,A3,A3,A3,A3,A3,
44955947,000003AF,false,Rx,0,8,B9,00,00,00,00,00,00,00,
45181255,000003CF,false,Rx,0,8,69,00,A3,A3,A3,A3,A3,A3,
45456098,000003AF,false,Rx,0,8,B9,00,00,00,00,00,00,00,
45686210,000003CF,false,Rx,0,8,69,00,A3,A3,A3,A3,A3,A3,
45956157,000003AF,false,Rx,0,8,B9,00,00,00,00,00,00,00,
46188415,000003CF,false,Rx,0,8,69,00,A3,A3,A3,A3,A3,A3,
46456394,000003AF,false,Rx,0,8,B9,00,00,00,00,00,00,00,
46692442,000003CF,false,Rx,0,8,69,00,A3,A3,A3,A3,A3,A3,
46956503,000003AF,false,Rx,0,8,B9,00,00,00,00,00,00,00,
47197662,000003CF,false,Rx,0,8,69,00,A3,A3,A3,A3,A3,A3,
47456578,000003AF,false,Rx,0,8,B9,00,00,00,00,00,00,00,
47703313,000003CF,false,Rx,0,8,69,00,A3,A3,A3,A3,A3,A3,
47956737,000003AF,false,Rx,0,8,B9,00,00,00,00,00,00,00,
48204329,000003CF,false,Rx,0,8,69,00,A3,A3,A3,A3,A3,A3,
48456781,000003AF,false,Rx,0,8,B9,00,00,00,00,00,00,00,
48708250,000003CF,false,Rx,0,8,69,00,A3,A3,A3,A3,A3,A3,
48957081,000003AF,false,Rx,0,8,B9,00,00,00,00,00,00,00,
49212148,000003CF,false,Rx,0,8,69,00,A3,A3,A3,A3,A3,A3,
49457179,000003AF,false,Rx,0,8,B9,00,00,00,00,00,00,00,
49715977,000003CF,false,Rx,0,8,69,00,A3,A3,A3,A3,A3,A3,
49957186,000003AF,false,Rx,0,8,B9,00,00,00,00,00,00,00,
50220092,000003CF,false,Rx,0,8,69,00,A3,A3,A3,A3,A3,A3,
50457398,000003AF,false,Rx,0,8,B9,00,00,00,00,00,00,00,
50724052,000003CF,false,Rx,0,8,69,00,A3,A3,A3,A3,A3,A3,
50957512,000003AF,false,Rx,0,8,B9,00,00,00,00,00,00,00,
51227960,000003CF,false,Rx,0,8,69,00,A3,A3,A3,A3,A3,A3,
51457693,000003AF,false,Rx,0,8,B9,00,00,00,00,00,00,00,
51731951,000003CF,false,Rx,0,8,69,00,A3,A3,A3,A3,A3,A3,
51957869,000003AF,false,Rx,0,8,B9,00,00,00,00,00,00,00,
52235905,000003CF,false,Rx,0,8,69,00,A3,A3,A3,A3,A3,A3,
52457930,000003AF,false,Rx,0,8,B9,00,00,00,00,00,00,00,
52739834,000003CF,false,Rx,0,8,69,00,A3,A3,A3,A3,A3,A3,
52958159,000003AF,false,Rx,0,8,B9,00,00,00,00,00,00,00,
53243688,000003CF,false,Rx,0,8,69,00,A3,A3,A3,A3,A3,A3,
53458212,000003AF,false,Rx,0,8,B9,00,00,00,00,00,00,00,
53747701,000003CF,false,Rx,0,8,69,00,A3,A3,A3,A3,A3,A3,
53958338,000003AF,false,Rx,0,8,B9,00,00,00,00,00,00,00,
54251694,000003CF,false,Rx,0,8,69,00,A3,A3,A3,A3,A3,A3,
54458434,000003AF,false,Rx,0,8,B9,00,00,00,00,00,00,00,
54755553,000003CF,false,Rx,0,8,69,00,A3,A3,A3,A3,A3,A3,
54958612,000003AF,false,Rx,0,8,B9,00,00,00,00,00,00,00,
55259713,000003CF,false,Rx,0,8,69,00,A3,A3,A3,A3,A3,A3,
55458826,000003AF,false,Rx,0,8,B9,00,00,00,00,00,00,00,
55763646,000003CF,false,Rx,0,8,69,00,A3,A3,A3,A3,A3,A3,
55958842,000003AF,false,Rx,0,8,B9,00,00,00,00,00,00,00,
56267584,000003CF,false,Rx,0,8,69,00,A3,A3,A3,A3,A3,A3,
56459030,000003AF,false,Rx,0,8,B9,00,00,00,00,00,00,00,
56771577,000003CF,false,Rx,0,8,69,00,A3,A3,A3,A3,A3,A3,
56959284,000003AF,false,Rx,0,8,B9,00,00,00,00,00,00,00,
57275394,000003CF,false,Rx,0,8,69,00,A3,A3,A3,A3,A3,A3,
57459323,000003AF,false,Rx,0,8,B9,00,00,00,00,00,00,00,
57779452,000003CF,false,Rx,0,8,69,00,A3,A3,A3,A3,A3,A3,
57959351,000003AF,false,Rx,0,8,B9,00,00,00,00,00,00,00,
58283420,000003CF,false,Rx,0,8,69,00,A3,A3,A3,A3,A3,A3,
58459639,000003AF,false,Rx,0,8,B9,00,00,00,00,00,00,00,
58787369,000003CF,false,Rx,0,8,69,00,A3,A3,A3,A3,A3,A3,
58959626,000003AF,false,Rx,0,8,B9,00,00,00,00,00,00,00,
59291296,000003CF,false,Rx,0,8,69,00,A3,A3,A3,A3,A3,A3,
59459823,000003AF,false,Rx,0,8,B9,00,00,00,00,00,00,00,
59795343,000003CF,false,Rx,0,8,69,00,A3,A3,A3,A3,A3,A3,
59960077,000003AF,false,Rx,0,8,B9,00,00,00,00,00,00,00,
60299260,000003CF,false,Rx,0,8,69,00,A3,A3,A3,A3,A3,A3,
60460200,000003AF,false,Rx,0,8,B9,00,00,00,00,00,00,00,
60803161,000003CF,false,Rx,0,8,69,00,A3,A3,A3,A3,A3,A3,
60960298,000003AF,false,Rx,0,8,B9,00,00,00,00,00,00,00,
61307121,000003CF,false,Rx,0,8,69,00,A3,A3,A3,A3,A3,A3,
61460604,000003AF,false,Rx,0,8,B9,00,00,00,00,00,00,00,
61811083,000003CF,false,Rx,0,8,69,00,A3,A3,A3,A3,A3,A3,
61960561,000003AF,false,Rx,0,8,B9,00,00,00,00,00,00,00,
62315104,000003CF,false,Rx,0,8,69,00,A3,A3,A3,A3,A3,A3,
62460673,000003AF,false,Rx,0,8,B9,00,00,00,00,00,00,00,
62818981,000003CF,false,Rx,0,8,69,00,A3,A3,A3,A3,A3,A3,
62960720,000003AF,false,Rx,0,8,B9,00,00,00,00,00,00,00,
63323044,000003CF,false,Rx,0,8,69,00,A3,A3,A3,A3,A3,A3,
63461044,000003AF,false,Rx,0,8,B9,00,00,00,00,00,00,00,
63826951,000003CF,false,Rx,0,8,69,00,A3,A3,A3,A3,A3,A3,
63961152,000003AF,false,Rx,0,8,B9,00,00,00,00,00,00,00,
64330941,000003CF,false,Rx,0,8,69,00,A3,A3,A3,A3,A3,A3,
64461292,000003AF,false,Rx,0,8,B9,00,00,00,00,00,00,00,
64834723,000003CF,false,Rx,0,8,69,00,A3,A3,A3,A3,A3,A3,
64961466,000003AF,false,Rx,0,8,B9,00,00,00,00,00,00,00,
65338643,000003CF,false,Rx,0,8,69,00,A3,A3,A3,A3,A3,A3,
65461548,000003AF,false,Rx,0,8,B9,00,00,00,00,00,00,00,
65842575,000003CF,false,Rx,0,8,69,00,A3,A3,A3,A3,A3,A3,
65961648,000003AF,false,Rx,0,8,B9,00,00,00,00,00,00,00,
66346788,000003CF,false,Rx,0,8,69,00,A3,A3,A3,A3,A3,A3,
66461878,000003AF,false,Rx,0,8,B9,00,00,00,00,00,00,00,
66850709,000003CF,false,Rx,0,8,69,00,A3,A3,A3,A3,A3,A3,
66961966,000003AF,false,Rx,0,8,B9,00,00,00,00,00,00,00,
67354655,000003CF,false,Rx,0,8,69,00,A3,A3,A3,A3,A3,A3,
67462036,000003AF,false,Rx,0,8,B9,00,00,00,00,00,00,00,
67858629,000003CF,false,Rx,0,8,69,00,A3,A3,A3,A3,A3,A3,
67962090,000003AF,false,Rx,0,8,B9,00,00,00,00,00,00,00,
68362717,000003CF,false,Rx,0,8,69,00,A3,A3,A3,A3,A3,A3,
68462736,000003AF,false,Rx,0,8,B9,00,00,00,00,00,00,00,
68866547,000003CF,false,Rx,0,8,69,00,A3,A3,A3,A3,A3,A3,
68962508,000003AF,false,Rx,0,8,B9,00,00,00,00,00,00,00,
69370501,000003CF,false,Rx,0,8,69,00,A3,A3,A3,A3,A3,A3,
69462655,000003AF,false,Rx,0,8,B9,00,00,00,00,00,00,00,
69874439,000003CF,false,Rx,0,8,69,00,A3,A3,A3,A3,A3,A3,
69962822,000003AF,false,Rx,0,8,B9,00,00,00,00,00,00,00,
70378436,000003CF,false,Rx,0,8,69,00,A3,A3,A3,A3,A3,A3,
70462904,000003AF,false,Rx,0,8,B9,00,00,00,00,00,00,00,
70882196,000003CF,false,Rx,0,8,69,00,A3,A3,A3,A3,A3,A3,
70962994,000003AF,false,Rx,0,8,B9,00,00,00,00,00,00,00,
71386289,000003CF,false,Rx,0,8,69,00,A3,A3,A3,A3,A3,A3,
71463166,000003AF,false,Rx,0,8,B9,00,00,00,00,00,00,00,
71890070,000003CF,false,Rx,0,8,69,00,A3,A3,A3,A3,A3,A3,
71963356,000003AF,false,Rx,0,8,B9,00,00,00,00,00,00,00,
72394627,000003CF,false,Rx,0,8,69,00,A3,A3,A3,A3,A3,A3,
72463467,000003AF,false,Rx,0,8,B9,00,00,00,00,00,00,00,
72898028,000003CF,false,Rx,0,8,69,00,A3,A3,A3,A3,A3,A3,
72963612,000003AF,false,Rx,0,8,B9,00,00,00,00,00,00,00,
73402180,000003CF,false,Rx,0,8,69,00,A3,A3,A3,A3,A3,A3,
73463710,000003AF,false,Rx,0,8,B9,00,00,00,00,00,00,00,
73906090,000003CF,false,Rx,0,8,69,00,A3,A3,A3,A3,A3,A3,
73963878,000003AF,false,Rx,0,8,B9,00,00,00,00,00,00,00,
74410030,000003CF,false,Rx,0,8,69,00,A3,A3,A3,A3,A3,A3,
74463980,000003AF,false,Rx,0,8,B9,00,00,00,00,00,00,00,
74913975,000003CF,false,Rx,0,8,69,00,A3,A3,A3,A3,A3,A3,
74964098,000003AF,false,Rx,0,8,B9,00,00,00,00,00,00,00,
75417923,000003CF,false,Rx,0,8,69,00,A3,A3,A3,A3,A3,A3,
75464168,000003AF,false,Rx,0,8,B9,00,00,00,00,00,00,00,
75921731,000003CF,false,Rx,0,8,69,00,A3,A3,A3,A3,A3,A3,
75964343,000003AF,false,Rx,0,8,B9,00,00,00,00,00,00,00,
76425868,000003CF,false,Rx,0,8,69,00,A3,A3,A3,A3,A3,A3,
76464609,000003AF,false,Rx,0,8,B9,00,00,00,00,00,00,00,
76929753,000003CF,false,Rx,0,8,69,00,A3,A3,A3,A3,A3,A3,
76964642,000003AF,false,Rx,0,8,B9,00,00,00,00,00,00,00,
77433962,000003CF,false,Rx,0,8,69,00,A3,A3,A3,A3,A3,A3,
77464733,000003AF,false,Rx,0,8,B9,00,00,00,00,00,00,00,
77939207,000003CF,false,Rx,0,8,69,00,A3,A3,A3,A3,A3,A3,
77964854,000003AF,false,Rx,0,8,B9,00,00,00,00,00,00,00,
78443931,000003CF,false,Rx,0,8,69,00,A3,A3,A3,A3,A3,A3,
78464960,000003AF,false,Rx,0,8,B9,00,00,00,00,00,00,00,
78945766,000003CF,false,Rx,0,8,69,00,A3,A3,A3,A3,A3,A3,
78965959,000003AF,false,Rx,0,8,B9,00,00,00,00,00,00,00,
79450811,000003CF,false,Rx,0,8,69,00,A3,A3,A3,A3,A3,A3,
79465384,000003AF,false,Rx,0,8,B9,00,00,00,00,00,00,00,
79956361,000003CF,false,Rx,0,8,69,00,A3,A3,A3,A3,A3,A3,
79965484,000003AF,false,Rx,0,8,B9,00,00,00,00,00,00,00,
80457682,000003CF,false,Rx,0,8,69,00,A3,A3,A3,A3,A3,A3,
80465564,000003AF,false,Rx,0,8,B9,00,00,00,00,00,00,00,
80961459,000003CF,false,Rx,0,8,69,00,A3,A3,A3,A3,A3,A3,
80965582,000003AF,false,Rx,0,8,B9,00,00,00,00,00,00,00,
81465362,000003CF,false,Rx,0,8,69,00,A3,A3,A3,A3,A3,A3,
81465675,000003AF,false,Rx,0,8,B9,00,00,00,00,00,00,00,
81966112,000003AF,false,Rx,0,8,B9,00,00,00,00,00,00,00,
81969342,000003CF,false,Rx,0,8,69,00,A3,A3,A3,A3,A3,A3,
82466161,000003AF,false,Rx,0,8,B9,00,00,00,00,00,00,00,
82473152,000003CF,false,Rx,0,8,69,00,A3,A3,A3,A3,A3,A3,
82966258,000003AF,false,Rx,0,8,B9,00,00,00,00,00,00,00,
82977243,000003CF,false,Rx,0,8,69,00,A3,A3,A3,A3,A3,A3,
83466417,000003AF,false,Rx,0,8,B9,00,00,00,00,00,00,00,
83481046,000003CF,false,Rx,0,8,69,00,A3,A3,A3,A3,A3,A3,
83966636,000003AF,false,Rx,0,8,B9,00,00,00,00,00,00,00,
83985191,000003CF,false,Rx,0,8,69,00,A3,A3,A3,A3,A3,A3,
84466785,000003AF,false,Rx,0,8,B9,00,00,00,00,00,00,00,
84489067,000003CF,false,Rx,0,8,69,00,A3,A3,A3,A3,A3,A3,
84966780,000003AF,false,Rx,0,8,B9,00,00,00,00,00,00,00,
84993080,000003CF,false,Rx,0,8,69,00,A3,A3,A3,A3,A3,A3,
85467033,000003AF,false,Rx,0,8,B9,00,00,00,00,00,00,00,
85497023,000003CF,false,Rx,0,8,69,00,A3,A3,A3,A3,A3,A3,
85967191,000003AF,false,Rx,0,8,B9,00,00,00,00,00,00,00,
86001018,000003CF,false,Rx,0,8,69,00,A3,A3,A3,A3,A3,A3,
86467242,000003AF,false,Rx,0,8,B9,00,00,00,00,00,00,00,
86504902,000003CF,false,Rx,0,8,69,00,A3,A3,A3,A3,A3,A3,
86967416,000003AF,false,Rx,0,8,B9,00,00,00,00,00,00,00,
87008909,000003CF,false,Rx,0,8,69,00,A3,A3,A3,A3,A3,A3,
87467465,000003AF,false,Rx,0,8,B9,00,00,00,00,00,00,00,
87512925,000003CF,false,Rx,0,8,69,00,A3,A3,A3,A3,A3,A3,
87967749,000003AF,false,Rx,0,8,B9,00,00,00,00,00,00,00,
88016761,000003CF,false,Rx,0,8,69,00,A3,A3,A3,A3,A3,A3,
88467673,000003AF,false,Rx,0,8,B9,00,00,00,00,00,00,00,
88520882,000003CF,false,Rx,0,8,69,00,A3,A3,A3,A3,A3,A3,
88967944,000003AF,false,Rx,0,8,B9,00,00,00,00,00,00,00,
89024791,000003CF,false,Rx,0,8,69,00,A3,A3,A3,A3,A3,A3,
89467945,000003AF,false,Rx,0,8,B9,00,00,00,00,00,00,00,
89528640,000003CF,false,Rx,0,8,69,00,A3,A3,A3,A3,A3,A3,
89968207,000003AF,false,Rx,0,8,B9,00,00,00,00,00,00,00,
90032527,000003CF,false,Rx,0,8,69,00,A3,A3,A3,A3,A3,A3,
90468317,000003AF,false,Rx,0,8,B9,00,00,00,00,00,00,00,
90536664,000003CF,false,Rx,0,8,69,00,A3,A3,A3,A3,A3,A3,
90968548,000003AF,false,Rx,0,8,B9,00,00,00,00,00,00,00,
91040569,000003CF,false,Rx,0,8,69,00,A3,A3,A3,A3,A3,A3,
91468521,000003AF,false,Rx,0,8,B9,00,00,00,00,00,00,00,
91544474,000003CF,false,Rx,0,8,69,00,A3,A3,A3,A3,A3,A3,
91968811,000003AF,false,Rx,0,8,B9,00,00,00,00,00,00,00,
92048392,000003CF,false,Rx,0,8,69,00,A3,A3,A3,A3,A3,A3,
92468871,000003AF,false,Rx,0,8,B9,00,00,00,00,00,00,00,
92552373,000003CF,false,Rx,0,8,69,00,A3,A3,A3,A3,A3,A3,
92968968,000003AF,false,Rx,0,8,B9,00,00,00,00,00,00,00,
93056534,000003CF,false,Rx,0,8,69,00,A3,A3,A3,A3,A3,A3,
93469075,000003AF,false,Rx,0,8,B9,00,00,00,00,00,00,00,
93560359,000003CF,false,Rx,0,8,69,00,A3,A3,A3,A3,A3,A3,
93969193,000003AF,false,Rx,0,8,B9,00,00,00,00,00,00,00,
94064279,000003CF,false,Rx,0,8,69,00,A3,A3,A3,A3,A3,A3,
94469486,000003AF,false,Rx,0,8,B9,00,00,00,00,00,00,00,
94568218,000003CF,false,Rx,0,8,69,00,A3,A3,A3,A3,A3,A3,
94969454,000003AF,false,Rx,0,8,B9,00,00,00,00,00,00,00,
95072188,000003CF,false,Rx,0,8,69,00,A3,A3,A3,A3,A3,A3,
95469656,000003AF,false,Rx,0,8,B9,00,00,00,00,00,00,00,
95576164,000003CF,false,Rx,0,8,69,00,A3,A3,A3,A3,A3,A3,
95969833,000003AF,false,Rx,0,8,B9,00,00,00,00,00,00,00,
96080301,000003CF,false,Rx,0,8,69,00,A3,A3,A3,A3,A3,A3,
96470012,000003AF,false,Rx,0,8,B9,00,00,00,00,00,00,00,
96584183,000003CF,false,Rx,0,8,69,00,A3,A3,A3,A3,A3,A3,
96970094,000003AF,false,Rx,0,8,B9,00,00,00,00,00,00,00,
97087897,000003CF,false,Rx,0,8,69,00,A3,A3,A3,A3,A3,A3,
97470243,000003AF,false,Rx,0,8,B9,00,00,00,00,00,00,00,
97591967,000003CF,false,Rx,0,8,69,00,A3,A3,A3,A3,A3,A3,
97970437,000003AF,false,Rx,0,8,B9,00,00,00,00,00,00,00,
98095843,000003CF,false,Rx,0,8,69,00,A3,A3,A3,A3,A3,A3,
98470428,000003AF,false,Rx,0,8,B9,00,00,00,00,00,00,00,
98599840,000003CF,false,Rx,0,8,69,00,A3,A3,A3,A3,A3,A3,
98970717,000003AF,false,Rx,0,8,B9,00,00,00,00,00,00,00,
99103880,000003CF,false,Rx,0,8,69,00,A3,A3,A3,A3,A3,A3,
99470844,000003AF,false,Rx,0,8,B9,00,00,00,00,00,00,00,
99607843,000003CF,false,Rx,0,8,69,00,A3,A3,A3,A3,A3,A3,
99970934,000003AF,false,Rx,0,8,B9,00,00,00,00,00,00,00,
100111682,000003CF,false,Rx,0,8,69,00,A3,A3,A3,A3,A3,A3,
100470945,000003AF,false,Rx,0,8,B9,00,00,00,00,00,00,00,
100615617,000003CF,false,Rx,0,8,69,00,A3,A3,A3,A3,A3,A3,
100971185,000003AF,false,Rx,0,8,B9,00,00,00,00,00,00,00,
101119598,000003CF,false,Rx,0,8,69,00,A3,A3,A3,A3,A3,A3,
101471380,000003AF,false,Rx,0,8,B9,00,00,00,00,00,00,00,
101623493,000003CF,false,Rx,0,8,69,00,A3,A3,A3,A3,A3,A3,
101971412,000003AF,false,Rx,0,8,B9,00,00,00,00,00,00,00,
102127472,000003CF,false,Rx,0,8,69,00,A3,A3,A3,A3,A3,A3,
102471624,000003AF,false,Rx,0,8,B9,00,00,00,00,00,00,00,
102631529,000003CF,false,Rx,0,8,69,00,A3,A3,A3,A3,A3,A3,
102971791,000003AF,false,Rx,0,8,B9,00,00,00,00,00,00,00,
103135488,000003CF,false,Rx,0,8,69,00,A3,A3,A3,A3,A3,A3,
103471890,000003AF,false,Rx,0,8,B9,00,00,00,00,00,00,00,
103639496,000003CF,false,Rx,0,8,69,00,A3,A3,A3,A3,A3,A3,
103972054,000003AF,false,Rx,0,8,B9,00,00,00,00,00,00,00,
104143414,000003CF,false,Rx,0,8,69,00,A3,A3,A3,A3,A3,A3,
104472215,000003AF,false,Rx,0,8,B9,00,00,00,00,00,00,00,
104647240,000003CF,false,Rx,0,8,69,00,A3,A3,A3,A3,A3,A3,
104972272,000003AF,false,Rx,0,8,B9,00,00,00,00,00,00,00,
105151318,000003CF,false,Rx,0,8,69,00,A3,A3,A3,A3,A3,A3,
105472443,000003AF,false,Rx,0,8,B9,00,00,00,00,00,00,00,
105655313,000003CF,false,Rx,0,8,69,00,A3,A3,A3,A3,A3,A3,
105972617,000003AF,false,Rx,0,8,B9,00,00,00,00,00,00,00,
106159218,000003CF,false,Rx,0,8,69,00,A3,A3,A3,A3,A3,A3,
106472620,000003AF,false,Rx,0,8,B9,00,00,00,00,00,00,00,
106663176,000003CF,false,Rx,0,8,69,00,A3,A3,A3,A3,A3,A3,
106972698,000003AF,false,Rx,0,8,B9,00,00,00,00,00,00,00,
107167188,000003CF,false,Rx,0,8,69,00,A3,A3,A3,A3,A3,A3,
107473005,000003AF,false,Rx,0,8,B9,00,00,00,00,00,00,00,
107670978,000003CF,false,Rx,0,8,69,00,A3,A3,A3,A3,A3,A3,
107973155,000003AF,false,Rx,0,8,B9,00,00,00,00,00,00,00,
108175159,000003CF,false,Rx,0,8,69,00,A3,A3,A3,A3,A3,A3,
108473165,000003AF,false,Rx,0,8,B9,00,00,00,00,00,00,00,
108679033,000003CF,false,Rx,0,8,69,00,A3,A3,A3,A3,A3,A3,
108973375,000003AF,false,Rx,0,8,B9,00,00,00,00,00,00,00,
109183051,000003CF,false,Rx,0,8,69,00,A3,A3,A3,A3,A3,A3,
109473465,000003AF,false,Rx,0,8,B9,00,00,00,00,00,00,00,
109687228,000003CF,false,Rx,0,8,69,00,A3,A3,A3,A3,A3,A3,
109973655,000003AF,false,Rx,0,8,B9,00,00,00,00,00,00,00,
110192277,000003CF,false,Rx,0,8,69,00,A3,A3,A3,A3,A3,A3,
110473831,000003AF,false,Rx,0,8,B9,00,00,00,00,00,00,00,
110694914,000003CF,false,Rx,0,8,69,00,A3,A3,A3,A3,A3,A3,
110973823,000003AF,false,Rx,0,8,B9,00,00,00,00,00,00,00,
111198946,000003CF,false,Rx,0,8,69,00,A3,A3,A3,A3,A3,A3,
111474085,000003AF,false,Rx,0,8,B9,00,00,00,00,00,00,00,
111704968,000003CF,false,Rx,0,8,69,00,A3,A3,A3,A3,A3,A3,
111974235,000003AF,false,Rx,0,8,B9,00,00,00,00,00,00,00,
112209857,000003CF,false,Rx,0,8,69,00,A3,A3,A3,A3,A3,A3,
112474290,000003AF,false,Rx,0,8,B9,00,00,00,00,00,00,00,
112710624,000003CF,false,Rx,0,8,69,00,A3,A3,A3,A3,A3,A3,
112974448,000003AF,false,Rx,0,8,B9,00,00,00,00,00,00,00,
113214692,000003CF,false,Rx,0,8,69,00,A3,A3,A3,A3,A3,A3,
113474663,000003AF,false,Rx,0,8,B9,00,00,00,00,00,00,00,
113718536,000003CF,false,Rx,0,8,69,00,A3,A3,A3,A3,A3,A3,
113974737,000003AF,false,Rx,0,8,B9,00,00,00,00,00,00,00,
114222624,000003CF,false,Rx,0,8,69,00,A3,A3,A3,A3,A3,A3,
114474860,000003AF,false,Rx,0,8,B9,00,00,00,00,00,00,00,
114726503,000003CF,false,Rx,0,8,69,00,A3,A3,A3,A3,A3,A3,
114974941,000003AF,false,Rx,0,8,B9,00,00,00,00,00,00,00,
115230440,000003CF,false,Rx,0,8,69,00,A3,A3,A3,A3,A3,A3,
115475209,000003AF,false,Rx,0,8,B9,00,00,00,00,00,00,00,
115734314,000003CF,false,Rx,0,8,69,00,A3,A3,A3,A3,A3,A3,
115975323,000003AF,false,Rx,0,8,B9,00,00,00,00,00,00,00,
116238389,000003CF,false,Rx,0,8,69,00,A3,A3,A3,A3,A3,A3,
116475321,000003AF,false,Rx,0,8,B9,00,00,00,00,00,00,00,
116742324,000003CF,false,Rx,0,8,69,00,A3,A3,A3,A3,A3,A3,
116975554,000003AF,false,Rx,0,8,B9,00,00,00,00,00,00,00,
117246387,000003CF,false,Rx,0,8,69,00,A3,A3,A3,A3,A3,A3,
117475683,000003AF,false,Rx,0,8,B9,00,00,00,00,00,00,00,
117750306,000003CF,false,Rx,0,8,69,00,A3,A3,A3,A3,A3,A3,
117975911,000003AF,false,Rx,0,8,B9,00,00,00,00,00,00,00,
118254131,000003CF,false,Rx,0,8,69,00,A3,A3,A3,A3,A3,A3,
118476032,000003AF,false,Rx,0,8,B9,00,00,00,00,00,00,00,
118758113,000003CF,false,Rx,0,8,69,00,A3,A3,A3,A3,A3,A3,
118976115,000003AF,false,Rx,0,8,B9,00,00,00,00,00,00,00,
119262103,000003CF,false,Rx,0,8,69,00,A3,A3,A3,A3,A3,A3,
119476139,000003AF,false,Rx,0,8,B9,00,00,00,00,00,00,00,
119766098,000003CF,false,Rx,0,8,69,00,A3,A3,A3,A3,A3,A3,
119976334,000003AF,false,Rx,0,8,B9,00,00,00,00,00,00,00,
120270175,000003CF,false,Rx,0,8,69,00,A3,A3,A3,A3,A3,A3,
120476532,000003AF,false,Rx,0,8,B9,00,00,00,00,00,00,00,
120774027,000003CF,false,Rx,0,8,69,00,A3,A3,A3,A3,A3,A3,
120976628,000003AF,false,Rx,0,8,B9,00,00,00,00,00,00,00,
121278024,000003CF,false,Rx,0,8,69,00,A3,A3,A3,A3,A3,A3,
121476807,000003AF,false,Rx,0,8,B9,00,00,00,00,00,00,00,
121781849,000003CF,false,Rx,0,8,69,00,A3,A3,A3,A3,A3,A3,
121976863,000003AF,false,Rx,0,8,B9,00,00,00,00,00,00,00,
122285770,000003CF,false,Rx,0,8,69,00,A3,A3,A3,A3,A3,A3,
122477080,000003AF,false,Rx,0,8,B9,00,00,00,00,00,00,00,
122789803,000003CF,false,Rx,0,8,69,00,A3,A3,A3,A3,A3,A3,
122977258,000003AF,false,Rx,0,8,B9,00,00,00,00,00,00,00,
123293854,000003CF,false,Rx,0,8,69,00,A3,A3,A3,A3,A3,A3,
123477271,000003AF,false,Rx,0,8,B9,00,00,00,00,00,00,00,
123797905,000003CF,false,Rx,0,8,69,00,A3,A3,A3,A3,A3,A3,
123977568,000003AF,false,Rx,0,8,B9,00,00,00,00,00,00,00,
124301772,000003CF,false,Rx,0,8,69,00,A3,A3,A3,A3,A3,A3,
124477742,000003AF,false,Rx,0,8,B9,00,00,00,00,00,00,00,
124805697,000003CF,false,Rx,0,8,69,00,A3,A3,A3,A3,A3,A3,
124977724,000003AF,false,Rx,0,8,B9,00,00,00,00,00,00,00,
125309592,000003CF,false,Rx,0,8,69,00,A3,A3,A3,A3,A3,A3,
125477752,000003AF,false,Rx,0,8,B9,00,00,00,00,00,00,00,
125813512,000003CF,false,Rx,0,8,69,00,A3,A3,A3,A3,A3,A3,
125977896,000003AF,false,Rx,0,8,B9,00,00,00,00,00,00,00,
126317599,000003CF,false,Rx,0,8,69,00,A3,A3,A3,A3,A3,A3,
126478173,000003AF,false,Rx,0,8,B9,00,00,00,00,00,00,00,
126821599,000003CF,false,Rx,0,8,69,00,A3,A3,A3,A3,A3,A3,
126978229,000003AF,false,Rx,0,8,B9,00,00,00,00,00,00,00,
127325505,000003CF,false,Rx,0,8,69,00,A3,A3,A3,A3,A3,A3,
127478458,000003AF,false,Rx,0,8,B9,00,00,00,00,00,00,00,
127829271,000003CF,false,Rx,0,8,69,00,A3,A3,A3,A3,A3,A3,
127978479,000003AF,false,Rx,0,8,B9,00,00,00,00,00,00,00,
128333304,000003CF,false,Rx,0,8,69,00,A3,A3,A3,A3,A3,A3,
128478738,000003AF,false,Rx,0,8,B9,00,00,00,00,00,00,00,
128837276,000003CF,false,Rx,0,8,69,00,A3,A3,A3,A3,A3,A3,
128978914,000003AF,false,Rx,0,8,B9,00,00,00,00,00,00,00,
129341237,000003CF,false,Rx,0,8,69,00,A3,A3,A3,A3,A3,A3,
129479000,000003AF,false,Rx,0,8,B9,00,00,00,00,00,00,00,
129845153,000003CF,false,Rx,0,8,69,00,A3,A3,A3,A3,A3,A3,
129979168,000003AF,false,Rx,0,8,B9,00,00,00,00,00,00,00,
130349125,000003CF,false,Rx,0,8,69,00,A3,A3,A3,A3,A3,A3,
130479306,000003AF,false,Rx,0,8,B9,00,00,00,00,00,00,00,
130853137,000003CF,false,Rx,0,8,69,00,A3,A3,A3,A3,A3,A3,
130979429,000003AF,false,Rx,0,8,B9,00,00,00,00,00,00,00,
131357122,000003CF,false,Rx,0,8,69,00,A3,A3,A3,A3,A3,A3,
131479530,000003AF,false,Rx,0,8,B9,00,00,00,00,00,00,00,
131860937,000003CF,false,Rx,0,8,69,00,A3,A3,A3,A3,A3,A3,
131979703,000003AF,false,Rx,0,8,B9,00,00,00,00,00,00,00,
132365044,000003CF,false,Rx,0,8,69,00,A3,A3,A3,A3,A3,A3,
132479769,000003AF,false,Rx,0,8,B9,00,00,00,00,00,00,00,
132868885,000003CF,false,Rx,0,8,69,00,A3,A3,A3,A3,A3,A3,
132979936,000003AF,false,Rx,0,8,B9,00,00,00,00,00,00,00,
133373031,000003CF,false,Rx,0,8,69,00,A3,A3,A3,A3,A3,A3,
133480035,000003AF,false,Rx,0,8,B9,00,00,00,00,00,00,00,
133876849,000003CF,false,Rx,0,8,69,00,A3,A3,A3,A3,A3,A3,
133980192,000003AF,false,Rx,0,8,B9,00,00,00,00,00,00,00,
134380878,000003CF,false,Rx,0,8,69,00,A3,A3,A3,A3,A3,A3,
134480667,000003AF,false,Rx,0,8,B9,00,00,00,00,00,00,00,
134884833,000003CF,false,Rx,0,8,69,00,A3,A3,A3,A3,A3,A3,
134980453,000003AF,false,Rx,0,8,B9,00,00,00,00,00,00,00,
135389034,000003CF,false,Rx,0,8,69,00,A3,A3,A3,A3,A3,A3,
135480635,000003AF,false,Rx,0,8,B9,00,00,00,00,00,00,00,
135892743,000003CF,false,Rx,0,8,69,00,A3,A3,A3,A3,A3,A3,
135980621,000003AF,false,Rx,0,8,B9,00,00,00,00,00,00,00,
136396696,000003CF,false,Rx,0,8,69,00,A3,A3,A3,A3,A3,A3,
136480831,000003AF,false,Rx,0,8,B9,00,00,00,00,00,00,00,
136900560,000003CF,false,Rx,0,8,69,00,A3,A3,A3,A3,A3,A3,
136981000,000003AF,false,Rx,0,8,B9,00,00,00,00,00,00,00,
137404468,000003CF,false,Rx,0,8,69,00,A3,A3,A3,A3,A3,A3,
137481234,000003AF,false,Rx,0,8,B9,00,00,00,00,00,00,00,
137908454,000003CF,false,Rx,0,8,69,00,A3,A3,A3,A3,A3,A3,
137981208,000003AF,false,Rx,0,8,B9,00,00,00,00,00,00,00,
138412470,000003CF,false,Rx,0,8,69,00,A3,A3,A3,A3,A3,A3,
138481521,000003AF,false,Rx,0,8,B9,00,00,00,00,00,00,00,
138916337,000003CF,false,Rx,0,8,69,00,A3,A3,A3,A3,A3,A3,
138981515,000003AF,false,Rx,0,8,B9,00,00,00,00,00,00,00,
139420370,000003CF,false,Rx,0,8,69,00,A3,A3,A3,A3,A3,A3,
139481719,000003AF,false,Rx,0,8,B9,00,00,00,00,00,00,00,
139924367,000003CF,false,Rx,0,8,69,00,A3,A3,A3,A3,A3,A3,
139981953,000003AF,false,Rx,0,8,B9,00,00,00,00,00,00,00,
140428222,000003CF,false,Rx,0,8,69,00,A3,A3,A3,A3,A3,A3,
140481908,000003AF,false,Rx,0,8,B9,00,00,00,00,00,00,00,
140932198,000003CF,false,Rx,0,8,69,00,A3,A3,A3,A3,A3,A3,
140982189,000003AF,false,Rx,0,8,B9,00,00,00,00,00,00,00,
141436159,000003CF,false,Rx,0,8,69,00,A3,A3,A3,A3,A3,A3,
141482222,000003AF,false,Rx,0,8,B9,00,00,00,00,00,00,00,
141940506,000003CF,false,Rx,0,8,69,00,A3,A3,A3,A3,A3,A3,
141982431,000003AF,false,Rx,0,8,B9,00,00,00,00,00,00,00,
142445518,000003CF,false,Rx,0,8,69,00,A3,A3,A3,A3,A3,A3,
142482617,000003AF,false,Rx,0,8,B9,00,00,00,00,00,00,00,
142947950,000003CF,false,Rx,0,8,69,00,A3,A3,A3,A3,A3,A3,
142982763,000003AF,false,Rx,0,8,B9,00,00,00,00,00,00,00,
143452063,000003CF,false,Rx,0,8,69,00,A3,A3,A3,A3,A3,A3,
143482708,000003AF,false,Rx,0,8,B9,00,00,00,00,00,00,00,
143956849,000003CF,false,Rx,0,8,69,00,A3,A3,A3,A3,A3,A3,
143982972,000003AF,false,Rx,0,8,B9,00,00,00,00,00,00,00,
144463341,000003CF,false,Rx,0,8,69,00,A3,A3,A3,A3,A3,A3,
144483104,000003AF,false,Rx,0,8,B9,00,00,00,00,00,00,00,
144963838,000003CF,false,Rx,0,8,69,00,A3,A3,A3,A3,A3,A3,
144984864,000003AF,false,Rx,0,8,B9,00,00,00,00,00,00,00,
145467910,000003CF,false,Rx,0,8,69,00,A3,A3,A3,A3,A3,A3,
145483321,000003AF,false,Rx,0,8,B9,00,00,00,00,00,00,00,
145971779,000003CF,false,Rx,0,8,69,00,A3,A3,A3,A3,A3,A3,
145983457,000003AF,false,Rx,0,8,B9,00,00,00,00,00,00,00,
146475871,000003CF,false,Rx,0,8,69,00,A3,A3,A3,A3,A3,A3,
146483700,000003AF,false,Rx,0,8,B9,00,00,00,00,00,00,00,
146979728,000003CF,false,Rx,0,8,69,00,A3,A3,A3,A3,A3,A3,
146983812,000003AF,false,Rx,0,8,B9,00,00,00,00,00,00,00,
147483806,000003CF,false,Rx,0,8,69,00,A3,A3,A3,A3,A3,A3,
147483828,000003AF,false,Rx,0,8,B9,00,00,00,00,00,00,00,
147984001,000003AF,false,Rx,0,8,B9,00,00,00,00,00,00,00,
147987533,000003CF,false,Rx,0,8,69,00,A3,A3,A3,A3,A3,A3,
148484203,000003AF,false,Rx,0,8,B9,00,00,00,00,00,00,00,
148491527,000003CF,false,Rx,0,8,69,00,A3,A3,A3,A3,A3,A3,
148984321,000003AF,false,Rx,0,8,B9,00,00,00,00,00,00,00,
148995599,000003CF,false,Rx,0,8,69,00,A3,A3,A3,A3,A3,A3,
149484523,000003AF,false,Rx,0,8,B9,00,00,00,00,00,00,00,
149499513,000003CF,false,Rx,0,8,69,00,A3,A3,A3,A3,A3,A3,
149984635,000003AF,false,Rx,0,8,B9,00,00,00,00,00,00,00,
150003407,000003CF,false,Rx,0,8,69,00,A3,A3,A3,A3,A3,A3,
150484705,000003AF,false,Rx,0,8,B9,00,00,00,00,00,00,00,
150507439,000003CF,false,Rx,0,8,69,00,A3,A3,A3,A3,A3,A3,
150984846,000003AF,false,Rx,0,8,B9,00,00,00,00,00,00,00,
151011563,000003CF,false,Rx,0,8,69,00,A3,A3,A3,A3,A3,A3,
151484882,000003AF,false,Rx,0,8,B9,00,00,00,00,00,00,00,
151515368,000003CF,false,Rx,0,8,69,00,A3,A3,A3,A3,A3,A3,
151985098,000003AF,false,Rx,0,8,B9,00,00,00,00,00,00,00,
152019390,000003CF,false,Rx,0,8,69,00,A3,A3,A3,A3,A3,A3,
152485231,000003AF,false,Rx,0,8,B9,00,00,00,00,00,00,00,
152523319,000003CF,false,Rx,0,8,69,00,A3,A3,A3,A3,A3,A3,
152985363,000003AF,false,Rx,0,8,B9,00,00,00,00,00,00,00,
153027167,000003CF,false,Rx,0,8,69,00,A3,A3,A3,A3,A3,A3,
153485548,000003AF,false,Rx,0,8,B9,00,00,00,00,00,00,00,
153531094,000003CF,false,Rx,0,8,69,00,A3,A3,A3,A3,A3,A3,
153985617,000003AF,false,Rx,0,8,B9,00,00,00,00,00,00,00,
154035325,000003CF,false,Rx,0,8,69,00,A3,A3,A3,A3,A3,A3,
154485863,000003AF,false,Rx,0,8,B9,00,00,00,00,00,00,00,
154539032,000003CF,false,Rx,0,8,69,00,A3,A3,A3,A3,A3,A3,
154985957,000003AF,false,Rx,0,8,B9,00,00,00,00,00,00,00,
155042927,000003CF,false,Rx,0,8,69,00,A3,A3,A3,A3,A3,A3,
155486014,000003AF,false,Rx,0,8,B9,00,00,00,00,00,00,00,
155546843,000003CF,false,Rx,0,8,69,00,A3,A3,A3,A3,A3,A3,
155986280,000003AF,false,Rx,0,8,B9,00,00,00,00,00,00,00,
156050970,000003CF,false,Rx,0,8,69,00,A3,A3,A3,A3,A3,A3,
156486354,000003AF,false,Rx,0,8,B9,00,00,00,00,00,00,00,
156554779,000003CF,false,Rx,0,8,69,00,A3,A3,A3,A3,A3,A3,
156986385,000003AF,false,Rx,0,8,B9,00,00,00,00,00,00,00,
157058947,000003CF,false,Rx,0,8,69,00,A3,A3,A3,A3,A3,A3,
157486611,000003AF,false,Rx,0,8,B9,00,00,00,00,00,00,00,
157562757,000003CF,false,Rx,0,8,69,00,A3,A3,A3,A3,A3,A3,
157986737,000003AF,false,Rx,0,8,B9,00,00,00,00,00,00,00,
158066751,000003CF,false,Rx,0,8,69,00,A3,A3,A3,A3,A3,A3,
158486827,000003AF,false,Rx,0,8,B9,00,00,00,00,00,00,00,
158570708,000003CF,false,Rx,0,8,69,00,A3,A3,A3,A3,A3,A3,
158987044,000003AF,false,Rx,0,8,B9,00,00,00,00,00,00,00,
159074709,000003CF,false,Rx,0,8,69,00,A3,A3,A3,A3,A3,A3,
159487150,000003AF,false,Rx,0,8,B9,00,00,00,00,00,00,00,
159578660,000003CF,false,Rx,0,8,69,00,A3,A3,A3,A3,A3,A3,
159987365,000003AF,false,Rx,0,8,B9,00,00,00,00,00,00,00,
160082581,000003CF,false,Rx,0,8,69,00,A3,A3,A3,A3,A3,A3,
160487345,000003AF,false,Rx,0,8,B9,00,00,00,00,00,00,00,
160586612,000003CF,false,Rx,0,8,69,00,A3,A3,A3,A3,A3,A3,
160987554,000003AF,false,Rx,0,8,B9,00,00,00,00,00,00,00,
161090436,000003CF,false,Rx,0,8,69,00,A3,A3,A3,A3,A3,A3,
161487593,000003AF,false,Rx,0,8,B9,00,00,00,00,00,00,00,
161594451,000003CF,false,Rx,0,8,69,00,A3,A3,A3,A3,A3,A3,
161987758,000003AF,false,Rx,0,8,B9,00,00,00,00,00,00,00,
162098395,000003CF,false,Rx,0,8,69,00,A3,A3,A3,A3,A3,A3,
162488030,000003AF,false,Rx,0,8,B9,00,00,00,00,00,00,00,
162602516,000003CF,false,Rx,0,8,69,00,A3,A3,A3,A3,A3,A3,
162988191,000003AF,false,Rx,0,8,B9,00,00,00,00,00,00,00,
163106365,000003CF,false,Rx,0,8,69,00,A3,A3,A3,A3,A3,A3,
163488357,000003AF,false,Rx,0,8,B9,00,00,00,00,00,00,00,
163610305,000003CF,false,Rx,0,8,69,00,A3,A3,A3,A3,A3,A3,
163988408,000003AF,false,Rx,0,8,B9,00,00,00,00,00,00,00,
164114317,000003CF,false,Rx,0,8,69,00,A3,A3,A3,A3,A3,A3,
164488570,000003AF,false,Rx,0,8,B9,00,00,00,00,00,00,00,
164618223,000003CF,false,Rx,0,8,69,00,A3,A3,A3,A3,A3,A3,
164988722,000003AF,false,Rx,0,8,B9,00,00,00,00,00,00,00,
165122221,000003CF,false,Rx,0,8,69,00,A3,A3,A3,A3,A3,A3,
165488794,000003AF,false,Rx,0,8,B9,00,00,00,00,00,00,00,
165626169,000003CF,false,Rx,0,8,69,00,A3,A3,A3,A3,A3,A3,
165988834,000003AF,false,Rx,0,8,B9,00,00,00,00,00,00,00,
166130157,000003CF,false,Rx,0,8,69,00,A3,A3,A3,A3,A3,A3,
166488994,000003AF,false,Rx,0,8,B9,00,00,00,00,00,00,00,
166633877,000003CF,false,Rx,0,8,69,00,A3,A3,A3,A3,A3,A3,
166989148,000003AF,false,Rx,0,8,B9,00,00,00,00,00,00,00,
167137909,000003CF,false,Rx,0,8,69,00,A3,A3,A3,A3,A3,A3,
167489270,000003AF,false,Rx,0,8,B9,00,00,00,00,00,00,00,
167641918,000003CF,false,Rx,0,8,69,00,A3,A3,A3,A3,A3,A3,
167989482,000003AF,false,Rx,0,8,B9,00,00,00,00,00,00,00,
168145962,000003CF,false,Rx,0,8,69,00,A3,A3,A3,A3,A3,A3,
168489520,000003AF,false,Rx,0,8,B9,00,00,00,00,00,00,00,
168649934,000003CF,false,Rx,0,8,69,00,A3,A3,A3,A3,A3,A3,
168989625,000003AF,false,Rx,0,8,B9,00,00,00,00,00,00,00,
169153915,000003CF,false,Rx,0,8,69,00,A3,A3,A3,A3,A3,A3,
169489856,000003AF,false,Rx,0,8,B9,00,00,00,00,00,00,00,
169657807,000003CF,false,Rx,0,8,69,00,A3,A3,A3,A3,A3,A3,
169989925,000003AF,false,Rx,0,8,B9,00,00,00,00,00,00,00,
170161722,000003CF,false,Rx,0,8,69,00,A3,A3,A3,A3,A3,A3,
170490085,000003AF,false,Rx,0,8,B9,00,00,00,00,00,00,00,
170665747,000003CF,false,Rx,0,8,69,00,A3,A3,A3,A3,A3,A3,
170990278,000003AF,false,Rx,0,8,B9,00,00,00,00,00,00,00,
171169718,000003CF,false,Rx,0,8,69,00,A3,A3,A3,A3,A3,A3,
171490433,000003AF,false,Rx,0,8,B9,00,00,00,00,00,00,00,
171673609,000003CF,false,Rx,0,8,69,00,A3,A3,A3,A3,A3,A3,
171990480,000003AF,false,Rx,0,8,B9,00,00,00,00,00,00,00,
172177505,000003CF,false,Rx,0,8,69,00,A3,A3,A3,A3,A3,A3,
172490775,000003AF,false,Rx,0,8,B9,00,00,00,00,00,00,00,
172681435,000003CF,false,Rx,0,8,69,00,A3,A3,A3,A3,A3,A3,
172990712,000003AF,false,Rx,0,8,B9,00,00,00,00,00,00,00,
173185602,000003CF,false,Rx,0,8,69,00,A3,A3,A3,A3,A3,A3,
173490935,000003AF,false,Rx,0,8,B9,00,00,00,00,00,00,00,
173689299,000003CF,false,Rx,0,8,69,00,A3,A3,A3,A3,A3,A3,
173991188,000003AF,false,Rx,0,8,B9,00,00,00,00,00,00,00,
174193554,000003CF,false,Rx,0,8,69,00,A3,A3,A3,A3,A3,A3,
174491307,000003AF,false,Rx,0,8,B9,00,00,00,00,00,00,00,
174699172,000003CF,false,Rx,0,8,69,00,A3,A3,A3,A3,A3,A3,
174991428,000003AF,false,Rx,0,8,B9,00,00,00,00,00,00,00,
175201218,000003CF,false,Rx,0,8,69,00,A3,A3,A3,A3,A3,A3,
175491620,000003AF,false,Rx,0,8,B9,00,00,00,00,00,00,00,
175705280,000003CF,false,Rx,0,8,69,00,A3,A3,A3,A3,A3,A3,
175991659,000003AF,false,Rx,0,8,B9,00,00,00,00,00,00,00,
176211098,000003CF,false,Rx,0,8,69,00,A3,A3,A3,A3,A3,A3,
176491847,000003AF,false,Rx,0,8,B9,00,00,00,00,00,00,00,
176716442,000003CF,false,Rx,0,8,69,00,A3,A3,A3,A3,A3,A3,
176991993,000003AF,false,Rx,0,8,B9,00,00,00,00,00,00,00,
177217133,000003CF,false,Rx,0,8,69,00,A3,A3,A3,A3,A3,A3,
177491938,000003AF,false,Rx,0,8,B9,00,00,00,00,00,00,00,
177721027,000003CF,false,Rx,0,8,69,00,A3,A3,A3,A3,A3,A3,
177992208,000003AF,false,Rx,0,8,B9,00,00,00,00,00,00,00,
178224914,000003CF,false,Rx,0,8,69,00,A3,A3,A3,A3,A3,A3,
178492325,000003AF,false,Rx,0,8,B9,00,00,00,00,00,00,00,
178728845,000003CF,false,Rx,0,8,69,00,A3,A3,A3,A3,A3,A3,
178992344,000003AF,false,Rx,0,8,B9,00,00,00,00,00,00,00,
179233011,000003CF,false,Rx,0,8,69,00,A3,A3,A3,A3,A3,A3,
179492599,000003AF,false,Rx,0,8,B9,00,00,00,00,00,00,00,
179736908,000003CF,false,Rx,0,8,69,00,A3,A3,A3,A3,A3,A3,
179992651,000003AF,false,Rx,0,8,B9,00,00,00,00,00,00,00,
180240862,000003CF,false,Rx,0,8,69,00,A3,A3,A3,A3,A3,A3,
180492902,000003AF,false,Rx,0,8,B9,00,00,00,00,00,00,00,
180744667,000003CF,false,Rx,0,8,69,00,A3,A3,A3,A3,A3,A3,
180993096,000003AF,false,Rx,0,8,B9,00,00,00,00,00,00,00,
181248731,000003CF,false,Rx,0,8,69,00,A3,A3,A3,A3,A3,A3,
181493079,000003AF,false,Rx,0,8,B9,00,00,00,00,00,00,00,
181752840,000003CF,false,Rx,0,8,69,00,A3,A3,A3,A3,A3,A3,
181993326,000003AF,false,Rx,0,8,B9,00,00,00,00,00,00,00,
182256554,000003CF,false,Rx,0,8,69,00,A3,A3,A3,A3,A3,A3,
182493414,000003AF,false,Rx,0,8,B9,00,00,00,00,00,00,00,
182760544,000003CF,false,Rx,0,8,69,00,A3,A3,A3,A3,A3,A3,
182993596,000003AF,false,Rx,0,8,B9,00,00,00,00,00,00,00,
183264531,000003CF,false,Rx,0,8,69,00,A3,A3,A3,A3,A3,A3,
183493721,000003AF,false,Rx,0,8,B9,00,00,00,00,00,00,00,
183768561,000003CF,false,Rx,0,8,69,00,A3,A3,A3,A3,A3,A3,
183993863,000003AF,false,Rx,0,8,B9,00,00,00,00,00,00,00,
184272508,000003CF,false,Rx,0,8,69,00,A3,A3,A3,A3,A3,A3,
184494048,000003AF,false,Rx,0,8,B9,00,00,00,00,00,00,00,
184776469,000003CF,false,Rx,0,8,69,00,A3,A3,A3,A3,A3,A3,
184994063,000003AF,false,Rx,0,8,B9,00,00,00,00,00,00,00,
185280409,000003CF,false,Rx,0,8,69,00,A3,A3,A3,A3,A3,A3,
185494272,000003AF,false,Rx,0,8,B9,00,00,00,00,00,00,00,
185784345,000003CF,false,Rx,0,8,69,00,A3,A3,A3,A3,A3,A3,
185994455,000003AF,false,Rx,0,8,B9,00,00,00,00,00,00,00,
186288470,000003CF,false,Rx,0,8,69,00,A3,A3,A3,A3,A3,A3,
186494521,000003AF,false,Rx,0,8,B9,00,00,00,00,00,00,00,
186792334,000003CF,false,Rx,0,8,69,00,A3,A3,A3,A3,A3,A3,
186994694,000003AF,false,Rx,0,8,B9,00,00,00,00,00,00,00,
187296211,000003CF,false,Rx,0,8,69,00,A3,A3,A3,A3,A3,A3,
187494849,000003AF,false,Rx,0,8,B9,00,00,00,00,00,00,00,
187800199,000003CF,false,Rx,0,8,69,00,A3,A3,A3,A3,A3,A3,
187995035,000003AF,false,Rx,0,8,B9,00,00,00,00,00,00,00,
188304187,000003CF,false,Rx,0,8,69,00,A3,A3,A3,A3,A3,A3,
188495072,000003AF,false,Rx,0,8,B9,00,00,00,00,00,00,00,
188808094,000003CF,false,Rx,0,8,69,00,A3,A3,A3,A3,A3,A3,
188995291,000003AF,false,Rx,0,8,B9,00,00,00,00,00,00,00,
189312176,000003CF,false,Rx,0,8,69,00,A3,A3,A3,A3,A3,A3,
189495424,000003AF,false,Rx,0,8,B9,00,00,00,00,00,00,00,
189816092,000003CF,false,Rx,0,8,69,00,A3,A3,A3,A3,A3,A3,
189995379,000003AF,false,Rx,0,8,B9,00,00,00,00,00,00,00,
190320160,000003CF,false,Rx,0,8,69,00,A3,A3,A3,A3,A3,A3,
190495519,000003AF,false,Rx,0,8,B9,00,00,00,00,00,00,00,
190823803,000003CF,false,Rx,0,8,69,00,A3,A3,A3,A3,A3,A3,
190995739,000003AF,false,Rx,0,8,B9,00,00,00,00,00,00,00,
191328072,000003CF,false,Rx,0,8,69,00,A3,A3,A3,A3,A3,A3,
191495962,000003AF,false,Rx,0,8,B9,00,00,00,00,00,00,00,
191831810,000003CF,false,Rx,0,8,69,00,A3,A3,A3,A3,A3,A3,
191996022,000003AF,false,Rx,0,8,B9,00,00,00,00,00,00,00,
192335856,000003CF,false,Rx,0,8,69,00,A3,A3,A3,A3,A3,A3,
192496180,000003AF,false,Rx,0,8,B9,00,00,00,00,00,00,00,
192839795,000003CF,false,Rx,0,8,69,00,A3,A3,A3,A3,A3,A3,
192996406,000003AF,false,Rx,0,8,B9,00,00,00,00,00,00,00,
193343717,000003CF,false,Rx,0,8,69,00,A3,A3,A3,A3,A3,A3,
193496464,000003AF,false,Rx,0,8,B9,00,00,00,00,00,00,00,
193847628,000003CF,false,Rx,0,8,69,00,A3,A3,A3,A3,A3,A3,
193996520,000003AF,false,Rx,0,8,B9,00,00,00,00,00,00,00,
194351702,000003CF,false,Rx,0,8,69,00,A3,A3,A3,A3,A3,A3,
194496611,000003AF,false,Rx,0,8,B9,00,00,00,00,00,00,00,
194855483,000003CF,false,Rx,0,8,69,00,A3,A3,A3,A3,A3,A3,
194996736,000003AF,false,Rx,0,8,B9,00,00,00,00,00,00,00,
195359554,000003CF,false,Rx,0,8,69,00,A3,A3,A3,A3,A3,A3,
195496856,000003AF,false,Rx,0,8,B9,00,00,00,00,00,00,00,
195863524,000003CF,false,Rx,0,8,69,00,A3,A3,A3,A3,A3,A3,
195997083,000003AF,false,Rx,0,8,B9,00,00,00,00,00,00,00,
196367467,000003CF,false,Rx,0,8,69,00,A3,A3,A3,A3,A3,A3,
196497144,000003AF,false,Rx,0,8,B9,00,00,00,00,00,00,00,
196871477,000003CF,false,Rx,0,8,69,00,A3,A3,A3,A3,A3,A3,
196997334,000003AF,false,Rx,0,8,B9,00,00,00,00,00,00,00,
197375402,000003CF,false,Rx,0,8,69,00,A3,A3,A3,A3,A3,A3,
197497565,000003AF,false,Rx,0,8,B9,00,00,00,00,00,00,00,
197879179,000003CF,false,Rx,0,8,69,00,A3,A3,A3,A3,A3,A3,
197997720,000003AF,false,Rx,0,8,B9,00,00,00,00,00,00,00,
198383308,000003CF,false,Rx,0,8,69,00,A3,A3,A3,A3,A3,A3,
198497666,000003AF,false,Rx,0,8,B9,00,00,00,00,00,00,00,
198887190,000003CF,false,Rx,0,8,69,00,A3,A3,A3,A3,A3,A3,
198997918,000003AF,false,Rx,0,8,B9,00,00,00,00,00,00,00,
199391188,000003CF,false,Rx,0,8,69,00,A3,A3,A3,A3,A3,A3,
199498097,000003AF,false,Rx,0,8,B9,00,00,00,00,00,00,00,
199895200,000003CF,false,Rx,0,8,69,00,A3,A3,A3,A3,A3,A3,
199998248,000003AF,false,Rx,0,8,B9,00,00,00,00,00,00,00,
200399150,000003CF,false,Rx,0,8,69,00,A3,A3,A3,A3,A3,A3,
200498263,000003AF,false,Rx,0,8,B9,00,00,00,00,00,00,00,
200903097,000003CF,false,Rx,0,8,69,00,A3,A3,A3,A3,A3,A3,
200998527,000003AF,false,Rx,0,8,B9,00,00,00,00,00,00,00,
201407110,000003CF,false,Rx,0,8,69,00,A3,A3,A3,A3,A3,A3,
201498587,000003AF,false,Rx,0,8,B9,00,00,00,00,00,00,00,
201910924,000003CF,false,Rx,0,8,69,00,A3,A3,A3,A3,A3,A3,
201998711,000003AF,false,Rx,0,8,B9,00,00,00,00,00,00,00,
202415035,000003CF,false,Rx,0,8,69,00,A3,A3,A3,A3,A3,A3,
202498941,000003AF,false,Rx,0,8,B9,00,00,00,00,00,00,00,
202918828,000003CF,false,Rx,0,8,69,00,A3,A3,A3,A3,A3,A3,
202999079,000003AF,false,Rx,0,8,B9,00,00,00,00,00,00,00,
203422817,000003CF,false,Rx,0,8,69,00,A3,A3,A3,A3,A3,A3,
203499173,000003AF,false,Rx,0,8,B9,00,00,00,00,00,00,00,
203926914,000003CF,false,Rx,0,8,69,00,A3,A3,A3,A3,A3,A3,
203999367,000003AF,false,Rx,0,8,B9,00,00,00,00,00,00,00,
204430788,000003CF,false,Rx,0,8,69,00,A3,A3,A3,A3,A3,A3,
204499332,000003AF,false,Rx,0,8,B9,00,00,00,00,00,00,00,
204934596,000003CF,false,Rx,0,8,69,00,A3,A3,A3,A3,A3,A3,
204999577,000003AF,false,Rx,0,8,B9,00,00,00,00,00,00,00,
205438726,000003CF,false,Rx,0,8,69,00,A3,A3,A3,A3,A3,A3,
205499588,000003AF,false,Rx,0,8,B9,00,00,00,00,00,00,00,
205942690,000003CF,false,Rx,0,8,69,00,A3,A3,A3,A3,A3,A3,
205999841,000003AF,false,Rx,0,8,B9,00,00,00,00,00,00,00,
206447238,000003CF,false,Rx,0,8,69,00,A3,A3,A3,A3,A3,A3,
206499846,000003AF,false,Rx,0,8,B9,00,00,00,00,00,00,00,
206952403,000003CF,false,Rx,0,8,69,00,A3,A3,A3,A3,A3,A3,
207000093,000003AF,false,Rx,0,8,B9,00,00,00,00,00,00,00,
207454561,000003CF,false,Rx,0,8,69,00,A3,A3,A3,A3,A3,A3,
207500333,000003AF,false,Rx,0,8,B9,00,00,00,00,00,00,00,
207959052,000003CF,false,Rx,0,8,69,00,A3,A3,A3,A3,A3,A3,
208000434,000003AF,false,Rx,0,8,B9,00,00,00,00,00,00,00,
208464478,000003CF,false,Rx,0,8,69,00,A3,A3,A3,A3,A3,A3,
208500592,000003AF,false,Rx,0,8,B9,00,00,00,00,00,00,00,
208969693,000003CF,false,Rx,0,8,69,00,A3,A3,A3,A3,A3,A3,
209000719,000003AF,false,Rx,0,8,B9,00,00,00,00,00,00,00,
209470304,000003CF,false,Rx,0,8,69,00,A3,A3,A3,A3,A3,A3,
209500814,000003AF,false,Rx,0,8,B9,00,00,00,00,00,00,00,
209974279,000003CF,false,Rx,0,8,69,00,A3,A3,A3,A3,A3,A3,
210000771,000003AF,false,Rx,0,8,B9,00,00,00,00,00,00,00,
210478244,000003CF,false,Rx,0,8,69,00,A3,A3,A3,A3,A3,A3,
210501076,000003AF,false,Rx,0,8,B9,00,00,00,00,00,00,00,
210982236,000003CF,false,Rx,0,8,69,00,A3,A3,A3,A3,A3,A3,
211001265,000003AF,false,Rx,0,8,B9,00,00,00,00,00,00,00,
211486049,000003CF,false,Rx,0,8,69,00,A3,A3,A3,A3,A3,A3,
211501282,000003AF,false,Rx,0,8,B9,00,00,00,00,00,00,00,
211990117,000003CF,false,Rx,0,8,69,00,A3,A3,A3,A3,A3,A3,
212001544,000003AF,false,Rx,0,8,B9,00,00,00,00,00,00,00,
212496921,000003CF,false,Rx,0,8,69,00,A3,A3,A3,A3,A3,A3,
212501666,000003AF,false,Rx,0,8,B9,00,00,00,00,00,00,00,
212998101,000003CF,false,Rx,0,8,69,00,A3,A3,A3,A3,A3,A3,
213001595,000003AF,false,Rx,0,8,B9,00,00,00,00,00,00,00,
213501978,000003AF,false,Rx,0,8,B9,00,00,00,00,00,00,00,
213502000,000003CF,false,Rx,0,8,69,00,A3,A3,A3,A3,A3,A3,
214002196,000003AF,false,Rx,0,8,B9,00,00,00,00,00,00,00,
214005749,000003CF,false,Rx,0,8,69,00,A3,A3,A3,A3,A3,A3,
214502232,000003AF,false,Rx,0,8,B9,00,00,00,00,00,00,00,
214509927,000003CF,false,Rx,0,8,69,00,A3,A3,A3,A3,A3,A3,
215002398,000003AF,false,Rx,0,8,B9,00,00,00,00,00,00,00,
215013814,000003CF,false,Rx,0,8,69,00,A3,A3,A3,A3,A3,A3,
215502459,000003AF,false,Rx,0,8,B9,00,00,00,00,00,00,00,
215517816,000003CF,false,Rx,0,8,69,00,A3,A3,A3,A3,A3,A3,
216002617,000003AF,false,Rx,0,8,B9,00,00,00,00,00,00,00,
216021664,000003CF,false,Rx,0,8,69,00,A3,A3,A3,A3,A3,A3,
216502779,000003AF,false,Rx,0,8,B9,00,00,00,00,00,00,00,
216525618,000003CF,false,Rx,0,8,69,00,A3,A3,A3,A3,A3,A3,
217002886,000003AF,false,Rx,0,8,B9,00,00,00,00,00,00,00,
217029770,000003CF,false,Rx,0,8,69,00,A3,A3,A3,A3,A3,A3,
217502995,000003AF,false,Rx,0,8,B9,00,00,00,00,00,00,00,
217533612,000003CF,false,Rx,0,8,69,00,A3,A3,A3,A3,A3,A3,
218003123,000003AF,false,Rx,0,8,B9,00,00,00,00,00,00,00,
218037567,000003CF,false,Rx,0,8,69,00,A3,A3,A3,A3,A3,A3,
218503136,000003AF,false,Rx,0,8,B9,00,00,00,00,00,00,00,
218541523,000003CF,false,Rx,0,8,69,00,A3,A3,A3,A3,A3,A3,
219003281,000003AF,false,Rx,0,8,B9,00,00,00,00,00,00,00,
219045481,000003CF,false,Rx,0,8,69,00,A3,A3,A3,A3,A3,A3,
219503619,000003AF,false,Rx,0,8,B9,00,00,00,00,00,00,00,
219549322,000003CF,false,Rx,0,8,69,00,A3,A3,A3,A3,A3,A3,
220003565,000003AF,false,Rx,0,8,B9,00,00,00,00,00,00,00,
220053361,000003CF,false,Rx,0,8,69,00,A3,A3,A3,A3,A3,A3,
220503855,000003AF,false,Rx,0,8,B9,00,00,00,00,00,00,00,
220557374,000003CF,false,Rx,0,8,69,00,A3,A3,A3,A3,A3,A3,
221003814,000003AF,false,Rx,0,8,B9,00,00,00,00,00,00,00,
221061185,000003CF,false,Rx,0,8,69,00,A3,A3,A3,A3,A3,A3,
221504094,000003AF,false,Rx,0,8,B9,00,00,00,00,00,00,00,
221565233,000003CF,false,Rx,0,8,69,00,A3,A3,A3,A3,A3,A3,
222004198,000003AF,false,Rx,0,8,B9,00,00,00,00,00,00,00,
222069199,000003CF,false,Rx,0,8,69,00,A3,A3,A3,A3,A3,A3,
222504345,000003AF,false,Rx,0,8,B9,00,00,00,00,00,00,00,
222573203,000003CF,false,Rx,0,8,69,00,A3,A3,A3,A3,A3,A3,
223004450,000003AF,false,Rx,0,8,B9,00,00,00,00,00,00,00,
223077019,000003CF,false,Rx,0,8,69,00,A3,A3,A3,A3,A3,A3,
223504522,000003AF,false,Rx,0,8,B9,00,00,00,00,00,00,00,
223581174,000003CF,false,Rx,0,8,69,00,A3,A3,A3,A3,A3,A3,
224004715,000003AF,false,Rx,0,8,B9,00,00,00,00,00,00,00,
224085069,000003CF,false,Rx,0,8,69,00,A3,A3,A3,A3,A3,A3,
224504849,000003AF,false,Rx,0,8,B9,00,00,00,00,00,00,00,
224588980,000003CF,false,Rx,0,8,69,00,A3,A3,A3,A3,A3,A3,
225005096,000003AF,false,Rx,0,8,B9,00,00,00,00,00,00,00,
225094807,000003CF,false,Rx,0,8,69,00,A3,A3,A3,A3,A3,A3,
225505084,000003AF,false,Rx,0,8,B9,00,00,00,00,00,00,00,
225596948,000003CF,false,Rx,0,8,69,00,A3,A3,A3,A3,A3,A3,
226005299,000003AF,false,Rx,0,8,B9,00,00,00,00,00,00,00,
226101045,000003CF,false,Rx,0,8,69,00,A3,A3,A3,A3,A3,A3,
226505432,000003AF,false,Rx,0,8,B9,00,00,00,00,00,00,00,
226604851,000003CF,false,Rx,0,8,69,00,A3,A3,A3,A3,A3,A3,
227005592,000003AF,false,Rx,0,8,B9,00,00,00,00,00,00,00,
227108690,000003CF,false,Rx,0,8,69,00,A3,A3,A3,A3,A3,A3,
227505744,000003AF,false,Rx,0,8,B9,00,00,00,00,00,00,00,
227612771,000003CF,false,Rx,0,8,69,00,A3,A3,A3,A3,A3,A3,
228005833,000003AF,false,Rx,0,8,B9,00,00,00,00,00,00,00,
228116730,000003CF,false,Rx,0,8,69,00,A3,A3,A3,A3,A3,A3,
228505858,000003AF,false,Rx,0,8,B9,00,00,00,00,00,00,00,
228620592,000003CF,false,Rx,0,8,69,00,A3,A3,A3,A3,A3,A3,
229006171,000003AF,false,Rx,0,8,B9,00,00,00,00,00,00,00,
229124516,000003CF,false,Rx,0,8,69,00,A3,A3,A3,A3,A3,A3,
229506208,000003AF,false,Rx,0,8,B9,00,00,00,00,00,00,00,
229628554,000003CF,false,Rx,0,8,69,00,A3,A3,A3,A3,A3,A3,
230006402,000003AF,false,Rx,0,8,B9,00,00,00,00,00,00,00,
230132566,000003CF,false,Rx,0,8,69,00,A3,A3,A3,A3,A3,A3,
230506544,000003AF,false,Rx,0,8,B9,00,00,00,00,00,00,00,
230636532,000003CF,false,Rx,0,8,69,00,A3,A3,A3,A3,A3,A3,
231006651,000003AF,false,Rx,0,8,B9,00,00,00,00,00,00,00,
231140489,000003CF,false,Rx,0,8,69,00,A3,A3,A3,A3,A3,A3,
231506769,000003AF,false,Rx,0,8,B9,00,00,00,00,00,00,00,
231644457,000003CF,false,Rx,0,8,69,00,A3,A3,A3,A3,A3,A3,
232007057,000003AF,false,Rx,0,8,B9,00,00,00,00,00,00,00,
232148321,000003CF,false,Rx,0,8,69,00,A3,A3,A3,A3,A3,A3,
232507011,000003AF,false,Rx,0,8,B9,00,00,00,00,00,00,00,
232652325,000003CF,false,Rx,0,8,69,00,A3,A3,A3,A3,A3,A3,
233007266,000003AF,false,Rx,0,8,B9,00,00,00,00,00,00,00,
233156352,000003CF,false,Rx,0,8,69,00,A3,A3,A3,A3,A3,A3,
233507301,000003AF,false,Rx,0,8,B9,00,00,00,00,00,00,00,
233660199,000003CF,false,Rx,0,8,69,00,A3,A3,A3,A3,A3,A3,
234007499,000003AF,false,Rx,0,8,B9,00,00,00,00,00,00,00,
234164144,000003CF,false,Rx,0,8,69,00,A3,A3,A3,A3,A3,A3,
234507661,000003AF,false,Rx,0,8,B9,00,00,00,00,00,00,00,
234668141,000003CF,false,Rx,0,8,69,00,A3,A3,A3,A3,A3,A3,
235007759,000003AF,false,Rx,0,8,B9,00,00,00,00,00,00,00,
235172126,000003CF,false,Rx,0,8,69,00,A3,A3,A3,A3,A3,A3,
235507908,000003AF,false,Rx,0,8,B9,00,00,00,00,00,00,00,
235676085,000003CF,false,Rx,0,8,69,00,A3,A3,A3,A3,A3,A3,
236008017,000003AF,false,Rx,0,8,B9,00,00,00,00,00,00,00,
236179945,000003CF,false,Rx,0,8,69,00,A3,A3,A3,A3,A3,A3,
236508060,000003AF,false,Rx,0,8,B9,00,00,00,00,00,00,00,
236683916,000003CF,false,Rx,0,8,69,00,A3,A3,A3,A3,A3,A3,
237008332,000003AF,false,Rx,0,8,B9,00,00,00,00,00,00,00,
237187966,000003CF,false,Rx,0,8,69,00,A3,A3,A3,A3,A3,A3,
237508457,000003AF,false,Rx,0,8,B9,00,00,00,00,00,00,00,
237691780,000003CF,false,Rx,0,8,69,00,A3,A3,A3,A3,A3,A3,
238008500,000003AF,false,Rx,0,8,B9,00,00,00,00,00,00,00,
238195925,000003CF,false,Rx,0,8,69,00,A3,A3,A3,A3,A3,A3,
238508724,000003AF,false,Rx,0,8,B9,00,00,00,00,00,00,00,
238700002,000003CF,false,Rx,0,8,69,00,A3,A3,A3,A3,A3,A3,
239008796,000003AF,false,Rx,0,8,B9,00,00,00,00,00,00,00,
239205451,000003CF,false,Rx,0,8,69,00,A3,A3,A3,A3,A3,A3,
239509030,000003AF,false,Rx,0,8,B9,00,00,00,00,00,00,00,
239707796,000003CF,false,Rx,0,8,69,00,A3,A3,A3,A3,A3,A3,
240009112,000003AF,false,Rx,0,8,B9,00,00,00,00,00,00,00,
240211779,000003CF,false,Rx,0,8,69,00,A3,A3,A3,A3,A3,A3,
240509318,000003AF,false,Rx,0,8,B9,00,00,00,00,00,00,00,
240716887,000003CF,false,Rx,0,8,69,00,A3,A3,A3,A3,A3,A3,
241009480,000003AF,false,Rx,0,8,B9,00,00,00,00,00,00,00,
241222340,000003CF,false,Rx,0,8,69,00,A3,A3,A3,A3,A3,A3,
241509433,000003AF,false,Rx,0,8,B9,00,00,00,00,00,00,00,
241723536,000003CF,false,Rx,0,8,69,00,A3,A3,A3,A3,A3,A3,
242009717,000003AF,false,Rx,0,8,B9,00,00,00,00,00,00,00,
242227592,000003CF,false,Rx,0,8,69,00,A3,A3,A3,A3,A3,A3,
242509830,000003AF,false,Rx,0,8,B9,00,00,00,00,00,00,00,
242731471,000003CF,false,Rx,0,8,69,00,A3,A3,A3,A3,A3,A3,
243010028,000003AF,false,Rx,0,8,B9,00,00,00,00,00,00,00,
243235291,000003CF,false,Rx,0,8,69,00,A3,A3,A3,A3,A3,A3,
243510109,000003AF,false,Rx,0,8,B9,00,00,00,00,00,00,00,
243739414,000003CF,false,Rx,0,8,69,00,A3,A3,A3,A3,A3,A3,
244010207,000003AF,false,Rx,0,8,B9,00,00,00,00,00,00,00,
244243292,000003CF,false,Rx,0,8,69,00,A3,A3,A3,A3,A3,A3,
244510446,000003AF,false,Rx,0,8,B9,00,00,00,00,00,00,00,
244747141,000003CF,false,Rx,0,8,69,00,A3,A3,A3,A3,A3,A3,
245010504,000003AF,false,Rx,0,8,B9,00,00,00,00,00,00,00,
245251280,000003CF,false,Rx,0,8,69,00,A3,A3,A3,A3,A3,A3,
245510703,000003AF,false,Rx,0,8,B9,00,00,00,00,00,00,00,
245755151,000003CF,false,Rx,0,8,69,00,A3,A3,A3,A3,A3,A3,
246010679,000003AF,false,Rx,0,8,B9,00,00,00,00,00,00,00,
246259142,000003CF,false,Rx,0,8,69,00,A3,A3,A3,A3,A3,A3,
246510950,000003AF,false,Rx,0,8,B9,00,00,00,00,00,00,00,
246763085,000003CF,false,Rx,0,8,69,00,A3,A3,A3,A3,A3,A3,
247010980,000003AF,false,Rx,0,8,B9,00,00,00,00,00,00,00,
247267084,000003CF,false,Rx,0,8,69,00,A3,A3,A3,A3,A3,A3,
247511176,000003AF,false,Rx,0,8,B9,00,00,00,00,00,00,00,
247770889,000003CF,false,Rx,0,8,69,00,A3,A3,A3,A3,A3,A3,
248011352,000003AF,false,Rx,0,8,B9,00,00,00,00,00,00,00,
248274845,000003CF,false,Rx,0,8,69,00,A3,A3,A3,A3,A3,A3,
248511372,000003AF,false,Rx,0,8,B9,00,00,00,00,00,00,00,
248778817,000003CF,false,Rx,0,8,69,00,A3,A3,A3,A3,A3,A3,
249011652,000003AF,false,Rx,0,8,B9,00,00,00,00,00,00,00,
249282874,000003CF,false,Rx,0,8,69,00,A3,A3,A3,A3,A3,A3,
249511769,000003AF,false,Rx,0,8,B9,00,00,00,00,00,00,00,
249786762,000003CF,false,Rx,0,8,69,00,A3,A3,A3,A3,A3,A3,
250011731,000003AF,false,Rx,0,8,B9,00,00,00,00,00,00,00,
250290666,000003CF,false,Rx,0,8,69,00,A3,A3,A3,A3,A3,A3,
250512025,000003AF,false,Rx,0,8,B9,00,00,00,00,00,00,00,
250794704,000003CF,false,Rx,0,8,69,00,A3,A3,A3,A3,A3,A3,
251012143,000003AF,false,Rx,0,8,B9,00,00,00,00,00,00,00,
251298717,000003CF,false,Rx,0,8,69,00,A3,A3,A3,A3,A3,A3,
251512204,000003AF,false,Rx,0,8,B9,00,00,00,00,00,00,00,
251802744,000003CF,false,Rx,0,8,69,00,A3,A3,A3,A3,A3,A3,
252012303,000003AF,false,Rx,0,8,B9,00,00,00,00,00,00,00,
252306528,000003CF,false,Rx,0,8,69,00,A3,A3,A3,A3,A3,A3,
252512486,000003AF,false,Rx,0,8,B9,00,00,00,00,00,00,00,
252810532,000003CF,false,Rx,0,8,69,00,A3,A3,A3,A3,A3,A3,
253012707,000003AF,false,Rx,0,8,B9,00,00,00,00,00,00,00,
253314513,000003CF,false,Rx,0,8,69,00,A3,A3,A3,A3,A3,A3,
253512779,000003AF,false,Rx,0,8,B9,00,00,00,00,00,00,00,
253818622,000003CF,false,Rx,0,8,69,00,A3,A3,A3,A3,A3,A3,
254012990,000003AF,false,Rx,0,8,B9,00,00,00,00,00,00,00,
254322509,000003CF,false,Rx,0,8,69,00,A3,A3,A3,A3,A3,A3,
254513109,000003AF,false,Rx,0,8,B9,00,00,00,00,00,00,00,
254826276,000003CF,false,Rx,0,8,69,00,A3,A3,A3,A3,A3,A3,
255013268,000003AF,false,Rx,0,8,B9,00,00,00,00,00,00,00,
255330495,000003CF,false,Rx,0,8,69,00,A3,A3,A3,A3,A3,A3,
255513254,000003AF,false,Rx,0,8,B9,00,00,00,00,00,00,00,
255834347,000003CF,false,Rx,0,8,69,00,A3,A3,A3,A3,A3,A3,
256013548,000003AF,false,Rx,0,8,B9,00,00,00,00,00,00,00,
256338336,000003CF,false,Rx,0,8,69,00,A3,A3,A3,A3,A3,A3,
256513672,000003AF,false,Rx,0,8,B9,00,00,00,00,00,00,00,
256842273,000003CF,false,Rx,0,8,69,00,A3,A3,A3,A3,A3,A3,
257013693,000003AF,false,Rx,0,8,B9,00,00,00,00,00,00,00,
257346192,000003CF,false,Rx,0,8,69,00,A3,A3,A3,A3,A3,A3,
257513930,000003AF,false,Rx,0,8,B9,00,00,00,00,00,00,00,
257850083,000003CF,false,Rx,0,8,69,00,A3,A3,A3,A3,A3,A3,
258013987,000003AF,false,Rx,0,8,B9,00,00,00,00,00,00,00,
258354187,000003CF,false,Rx,0,8,69,00,A3,A3,A3,A3,A3,A3,
258514174,000003AF,false,Rx,0,8,B9,00,00,00,00,00,00,00,
258858023,000003CF,false,Rx,0,8,69,00,A3,A3,A3,A3,A3,A3,
259014398,000003AF,false,Rx,0,8,B9,00,00,00,00,00,00,00,
259362122,000003CF,false,Rx,0,8,69,00,A3,A3,A3,A3,A3,A3,
259514429,000003AF,false,Rx,0,8,B9,00,00,00,00,00,00,00,
259865878,000003CF,false,Rx,0,8,69,00,A3,A3,A3,A3,A3,A3,
260014685,000003AF,false,Rx,0,8,B9,00,00,00,00,00,00,00,
260369978,000003CF,false,Rx,0,8,69,00,A3,A3,A3,A3,A3,A3,
260514672,000003AF,false,Rx,0,8,B9,00,00,00,00,00,00,00,
260873934,000003CF,false,Rx,0,8,69,00,A3,A3,A3,A3,A3,A3,
261014901,000003AF,false,Rx,0,8,B9,00,00,00,00,00,00,00,
261377830,000003CF,false,Rx,0,8,69,00,A3,A3,A3,A3,A3,A3,
261514955,000003AF,false,Rx,0,8,B9,00,00,00,00,00,00,00,
261881795,000003CF,false,Rx,0,8,69,00,A3,A3,A3,A3,A3,A3,
262015160,000003AF,false,Rx,0,8,B9,00,00,00,00,00,00,00,
262385759,000003CF,false,Rx,0,8,69,00,A3,A3,A3,A3,A3,A3,
262515353,000003AF,false,Rx,0,8,B9,00,00,00,00,00,00,00,
262889677,000003CF,false,Rx,0,8,69,00,A3,A3,A3,A3,A3,A3,
263015471,000003AF,false,Rx,0,8,B9,00,00,00,00,00,00,00,
263393653,000003CF,false,Rx,0,8,69,00,A3,A3,A3,A3,A3,A3,
263515567,000003AF,false,Rx,0,8,B9,00,00,00,00,00,00,00,
263897659,000003CF,false,Rx,0,8,69,00,A3,A3,A3,A3,A3,A3,
264015578,000003AF,false,Rx,0,8,B9,00,00,00,00,00,00,00,
264401777,000003CF,false,Rx,0,8,69,00,A3,A3,A3,A3,A3,A3,
264515840,000003AF,false,Rx,0,8,B9,00,00,00,00,00,00,00,
264905532,000003CF,false,Rx,0,8,69,00,A3,A3,A3,A3,A3,A3,
265015913,000003AF,false,Rx,0,8,B9,00,00,00,00,00,00,00,
265409559,000003CF,false,Rx,0,8,69,00,A3,A3,A3,A3,A3,A3,
265516084,000003AF,false,Rx,0,8,B9,00,00,00,00,00,00,00,
265913516,000003CF,false,Rx,0,8,69,00,A3,A3,A3,A3,A3,A3,
266016294,000003AF,false,Rx,0,8,B9,00,00,00,00,00,00,00,
266417331,000003CF,false,Rx,0,8,69,00,A3,A3,A3,A3,A3,A3,
266516450,000003AF,false,Rx,0,8,B9,00,00,00,00,00,00,00,
266921268,000003CF,false,Rx,0,8,69,00,A3,A3,A3,A3,A3,A3,
267016422,000003AF,false,Rx,0,8,B9,00,00,00,00,00,00,00,
267425387,000003CF,false,Rx,0,8,69,00,A3,A3,A3,A3,A3,A3,
267516642,000003AF,false,Rx,0,8,B9,00,00,00,00,00,00,00,
267929357,000003CF,false,Rx,0,8,69,00,A3,A3,A3,A3,A3,A3,
268016782,000003AF,false,Rx,0,8,B9,00,00,00,00,00,00,00,
268433097,000003CF,false,Rx,0,8,69,00,A3,A3,A3,A3,A3,A3,
268516786,000003AF,false,Rx,0,8,B9,00,00,00,00,00,00,00,
268937112,000003CF,false,Rx,0,8,69,00,A3,A3,A3,A3,A3,A3,
269017016,000003AF,false,Rx,0,8,B9,00,00,00,00,00,00,00,
269441130,000003CF,false,Rx,0,8,69,00,A3,A3,A3,A3,A3,A3,
269517170,000003AF,false,Rx,0,8,B9,00,00,00,00,00,00,00,
269945083,000003CF,false,Rx,0,8,69,00,A3,A3,A3,A3,A3,A3,
270017305,000003AF,false,Rx,0,8,B9,00,00,00,00,00,00,00,
270449040,000003CF,false,Rx,0,8,69,00,A3,A3,A3,A3,A3,A3,
270517509,000003AF,false,Rx,0,8,B9,00,00,00,00,00,00,00,
270953172,000003CF,false,Rx,0,8,69,00,A3,A3,A3,A3,A3,A3,
271017618,000003AF,false,Rx,0,8,B9,00,00,00,00,00,00,00,
271458663,000003CF,false,Rx,0,8,69,00,A3,A3,A3,A3,A3,A3,
271517685,000003AF,false,Rx,0,8,B9,00,00,00,00,00,00,00,
271962917,000003CF,false,Rx,0,8,69,00,A3,A3,A3,A3,A3,A3,
272017908,000003AF,false,Rx,0,8,B9,00,00,00,00,00,00,00,
272464908,000003CF,false,Rx,0,8,69,00,A3,A3,A3,A3,A3,A3,
272517979,000003AF,false,Rx,0,8,B9,00,00,00,00,00,00,00,
272970280,000003CF,false,Rx,0,8,69,00,A3,A3,A3,A3,A3,A3,
273018104,000003AF,false,Rx,0,8,B9,00,00,00,00,00,00,00,
273476032,000003CF,false,Rx,0,8,69,00,A3,A3,A3,A3,A3,A3,
273518282,000003AF,false,Rx,0,8,B9,00,00,00,00,00,00,00,
273976811,000003CF,false,Rx,0,8,69,00,A3,A3,A3,A3,A3,A3,
274018464,000003AF,false,Rx,0,8,B9,00,00,00,00,00,00,00,
274480599,000003CF,false,Rx,0,8,69,00,A3,A3,A3,A3,A3,A3,
274518548,000003AF,false,Rx,0,8,B9,00,00,00,00,00,00,00,
274984687,000003CF,false,Rx,0,8,69,00,A3,A3,A3,A3,A3,A3,
275018688,000003AF,false,Rx,0,8,B9,00,00,00,00,00,00,00,
275488499,000003CF,false,Rx,0,8,69,00,A3,A3,A3,A3,A3,A3,
275518696,000003AF,false,Rx,0,8,B9,00,00,00,00,00,00,00,
275992523,000003CF,false,Rx,0,8,69,00,A3,A3,A3,A3,A3,A3,
276018837,000003AF,false,Rx,0,8,B9,00,00,00,00,00,00,00,
276496500,000003CF,false,Rx,0,8,69,00,A3,A3,A3,A3,A3,A3,
276518974,000003AF,false,Rx,0,8,B9,00,00,00,00,00,00,00,
277000535,000003CF,false,Rx,0,8,69,00,A3,A3,A3,A3,A3,A3,
277019259,000003AF,false,Rx,0,8,B9,00,00,00,00,00,00,00,
277504487,000003CF,false,Rx,0,8,69,00,A3,A3,A3,A3,A3,A3,
277519384,000003AF,false,Rx,0,8,B9,00,00,00,00,00,00,00,
278008290,000003CF,false,Rx,0,8,69,00,A3,A3,A3,A3,A3,A3,
278019414,000003AF,false,Rx,0,8,B9,00,00,00,00,00,00,00,
278512276,000003CF,false,Rx,0,8,69,00,A3,A3,A3,A3,A3,A3,
278519737,000003AF,false,Rx,0,8,B9,00,00,00,00,00,00,00,
279016356,000003CF,false,Rx,0,8,69,00,A3,A3,A3,A3,A3,A3,
279019720,000003AF,false,Rx,0,8,B9,00,00,00,00,00,00,00,
279520004,000003AF,false,Rx,0,8,B9,00,00,00,00,00,00,00,
279520309,000003CF,false,Rx,0,8,69,00,A3,A3,A3,A3,A3,A3,
280020114,000003AF,false,Rx,0,8,B9,00,00,00,00,00,00,00,
280024154,000003CF,false,Rx,0,8,69,00,A3,A3,A3,A3,A3,A3,
280520157,000003AF,false,Rx,0,8,B9,00,00,00,00,00,00,00,
280528047,000003CF,false,Rx,0,8,69,00,A3,A3,A3,A3,A3,A3,
281020381,000003AF,false,Rx,0,8,B9,00,00,00,00,00,00,00,
281032208,000003CF,false,Rx,0,8,69,00,A3,A3,A3,A3,A3,A3,
281520548,000003AF,false,Rx,0,8,B9,00,00,00,00,00,00,00,
281536120,000003CF,false,Rx,0,8,69,00,A3,A3,A3,A3,A3,A3,
282020638,000003AF,false,Rx,0,8,B9,00,00,00,00,00,00,00,
282041896,000003CF,false,Rx,0,8,69,00,A3,A3,A3,A3,A3,A3,
282520659,000003AF,false,Rx,0,8,B9,00,00,00,00,00,00,00,
282543856,000003CF,false,Rx,0,8,69,00,A3,A3,A3,A3,A3,A3,
283020823,000003AF,false,Rx,0,8,B9,00,00,00,00,00,00,00,
283047932,000003CF,false,Rx,0,8,69,00,A3,A3,A3,A3,A3,A3,
283521002,000003AF,false,Rx,0,8,B9,00,00,00,00,00,00,00,
283551979,000003CF,false,Rx,0,8,69,00,A3,A3,A3,A3,A3,A3,
284021026,000003AF,false,Rx,0,8,B9,00,00,00,00,00,00,00,
284055875,000003CF,false,Rx,0,8,69,00,A3,A3,A3,A3,A3,A3,
284521280,000003AF,false,Rx,0,8,B9,00,00,00,00,00,00,00,
284559862,000003CF,false,Rx,0,8,69,00,A3,A3,A3,A3,A3,A3,
285021427,000003AF,false,Rx,0,8,B9,00,00,00,00,00,00,00,
285063833,000003CF,false,Rx,0,8,69,00,A3,A3,A3,A3,A3,A3,
285521631,000003AF,false,Rx,0,8,B9,00,00,00,00,00,00,00,
285567785,000003CF,false,Rx,0,8,69,00,A3,A3,A3,A3,A3,A3,
286021684,000003AF,false,Rx,0,8,B9,00,00,00,00,00,00,00,
286071801,000003CF,false,Rx,0,8,69,00,A3,A3,A3,A3,A3,A3,
286521796,000003AF,false,Rx,0,8,B9,00,00,00,00,00,00,00,
286575612,000003CF,false,Rx,0,8,69,00,A3,A3,A3,A3,A3,A3,
287021993,000003AF,false,Rx,0,8,B9,00,00,00,00,00,00,00,
287079785,000003CF,false,Rx,0,8,69,00,A3,A3,A3,A3,A3,A3,
287521960,000003AF,false,Rx,0,8,B9,00,00,00,00,00,00,00,
287583605,000003CF,false,Rx,0,8,69,00,A3,A3,A3,A3,A3,A3,
288022282,000003AF,false,Rx,0,8,B9,00,00,00,00,00,00,00,
288087625,000003CF,false,Rx,0,8,69,00,A3,A3,A3,A3,A3,A3,
288522354,000003AF,false,Rx,0,8,B9,00,00,00,00,00,00,00,
288591348,000003CF,false,Rx,0,8,69,00,A3,A3,A3,A3,A3,A3,
289022473,000003AF,false,Rx,0,8,B9,00,00,00,00,00,00,00,
289095502,000003CF,false,Rx,0,8,69,00,A3,A3,A3,A3,A3,A3,
289522624,000003AF,false,Rx,0,8,B9,00,00,00,00,00,00,00,
289599281,000003CF,false,Rx,0,8,69,00,A3,A3,A3,A3,A3,A3,
290022651,000003AF,false,Rx,0,8,B9,00,00,00,00,00,00,00,
290103345,000003CF,false,Rx,0,8,69,00,A3,A3,A3,A3,A3,A3,
290524777,000003AF,false,Rx,0,8,B9,00,00,00,00,00,00,00,
290607330,000003CF,false,Rx,0,8,69,00,A3,A3,A3,A3,A3,A3,
291023109,000003AF,false,Rx,0,8,B9,00,00,00,00,00,00,00,
291111314,000003CF,false,Rx,0,8,69,00,A3,A3,A3,A3,A3,A3,
291523214,000003AF,false,Rx,0,8,B9,00,00,00,00,00,00,00,
291615197,000003CF,false,Rx,0,8,69,00,A3,A3,A3,A3,A3,A3,
292023251,000003AF,false,Rx,0,8,B9,00,00,00,00,00,00,00,
292119238,000003CF,false,Rx,0,8,69,00,A3,A3,A3,A3,A3,A3,
292523559,000003AF,false,Rx,0,8,B9,00,00,00,00,00,00,00,
292623738,000003CF,false,Rx,0,8,69,00,A3,A3,A3,A3,A3,A3,
293023687,000003AF,false,Rx,0,8,B9,00,00,00,00,00,00,00,
293127064,000003CF,false,Rx,0,8,69,00,A3,A3,A3,A3,A3,A3,
293523786,000003AF,false,Rx,0,8,B9,00,00,00,00,00,00,00,
293631097,000003CF,false,Rx,0,8,69,00,A3,A3,A3,A3,A3,A3,
294023765,000003AF,false,Rx,0,8,B9,00,00,00,00,00,00,00,
294134979,000003CF,false,Rx,0,8,69,00,A3,A3,A3,A3,A3,A3,
294523931,000003AF,false,Rx,0,8,B9,00,00,00,00,00,00,00,
294638993,000003CF,false,Rx,0,8,69,00,A3,A3,A3,A3,A3,A3,
295024147,000003AF,false,Rx,0,8,B9,00,00,00,00,00,00,00,
295142938,000003CF,false,Rx,0,8,69,00,A3,A3,A3,A3,A3,A3,
295524167,000003AF,false,Rx,0,8,B9,00,00,00,00,00,00,00,
295646814,000003CF,false,Rx,0,8,69,00,A3,A3,A3,A3,A3,A3,
296024396,000003AF,false,Rx,0,8,B9,00,00,00,00,00,00,00,
296150720,000003CF,false,Rx,0,8,69,00,A3,A3,A3,A3,A3,A3,
296524536,000003AF,false,Rx,0,8,B9,00,00,00,00,00,00,00,
296654728,000003CF,false,Rx,0,8,69,00,A3,A3,A3,A3,A3,A3,
297024569,000003AF,false,Rx,0,8,B9,00,00,00,00,00,00,00,
297158677,000003CF,false,Rx,0,8,69,00,A3,A3,A3,A3,A3,A3,
297524818,000003AF,false,Rx,0,8,B9,00,00,00,00,00,00,00,
297662723,000003CF,false,Rx,0,8,69,00,A3,A3,A3,A3,A3,A3,
298024919,000003AF,false,Rx,0,8,B9,00,00,00,00,00,00,00,
298166758,000003CF,false,Rx,0,8,69,00,A3,A3,A3,A3,A3,A3,
298525002,000003AF,false,Rx,0,8,B9,00,00,00,00,00,00,00,
298670459,000003CF,false,Rx,0,8,69,00,A3,A3,A3,A3,A3,A3,
299025204,000003AF,false,Rx,0,8,B9,00,00,00,00,00,00,00,
299174718,000003CF,false,Rx,0,8,69,00,A3,A3,A3,A3,A3,A3,
299525386,000003AF,false,Rx,0,8,B9,00,00,00,00,00,00,00,
299678462,000003CF,false,Rx,0,8,69,00,A3,A3,A3,A3,A3,A3,
300025507,000003AF,false,Rx,0,8,B9,00,00,00,00,00,00,00,
300182361,000003CF,false,Rx,0,8,69,00,A3,A3,A3,A3,A3,A3,
300525548,000003AF,false,Rx,0,8,B9,00,00,00,00,00,00,00,
300686311,000003CF,false,Rx,0,8,69,00,A3,A3,A3,A3,A3,A3,
301025655,000003AF,false,Rx,0,8,B9,00,00,00,00,00,00,00,
301190484,000003CF,false,Rx,0,8,69,00,A3,A3,A3,A3,A3,A3,
301525938,000003AF,false,Rx,0,8,B9,00,00,00,00,00,00,00,
301694337,000003CF,false,Rx,0,8,69,00,A3,A3,A3,A3,A3,A3,
302025976,000003AF,false,Rx,0,8,B9,00,00,00,00,00,00,00,
302198326,000003CF,false,Rx,0,8,69,00,A3,A3,A3,A3,A3,A3,
302526247,000003AF,false,Rx,0,8,B9,00,00,00,00,00,00,00,
302702334,000003CF,false,Rx,0,8,69,00,A3,A3,A3,A3,A3,A3,
303026365,000003AF,false,Rx,0,8,B9,00,00,00,00,00,00,00,
303206949,000003CF,false,Rx,0,8,69,00,A3,A3,A3,A3,A3,A3,
303526478,000003AF,false,Rx,0,8,B9,00,00,00,00,00,00,00,
303711396,000003CF,false,Rx,0,8,69,00,A3,A3,A3,A3,A3,A3,
304026621,000003AF,false,Rx,0,8,B9,00,00,00,00,00,00,00,
304214102,000003CF,false,Rx,0,8,69,00,A3,A3,A3,A3,A3,A3,
304526744,000003AF,false,Rx,0,8,B9,00,00,00,00,00,00,00,
304717999,000003CF,false,Rx,0,8,69,00,A3,A3,A3,A3,A3,A3,
305026940,000003AF,false,Rx,0,8,B9,00,00,00,00,00,00,00,
305222874,000003CF,false,Rx,0,8,69,00,A3,A3,A3,A3,A3,A3,
305527084,000003AF,false,Rx,0,8,B9,00,00,00,00,00,00,00,
305729961,000003CF,false,Rx,0,8,69,00,A3,A3,A3,A3,A3,A3,
306027135,000003AF,false,Rx,0,8,B9,00,00,00,00,00,00,00,
306230049,000003CF,false,Rx,0,8,69,00,A3,A3,A3,A3,A3,A3,
306527394,000003AF,false,Rx,0,8,B9,00,00,00,00,00,00,00,
306733921,000003CF,false,Rx,0,8,69,00,A3,A3,A3,A3,A3,A3,
307027426,000003AF,false,Rx,0,8,B9,00,00,00,00,00,00,00,
307237908,000003CF,false,Rx,0,8,69,00,A3,A3,A3,A3,A3,A3,
307527525,000003AF,false,Rx,0,8,B9,00,00,00,00,00,00,00,
307741855,000003CF,false,Rx,0,8,69,00,A3,A3,A3,A3,A3,A3,
308027694,000003AF,false,Rx,0,8,B9,00,00,00,00,00,00,00,
308245760,000003CF,false,Rx,0,8,69,00,A3,A3,A3,A3,A3,A3,
308527908,000003AF,false,Rx,0,8,B9,00,00,00,00,00,00,00,
308749904,000003CF,false,Rx,0,8,69,00,A3,A3,A3,A3,A3,A3,
309027960,000003AF,false,Rx,0,8,B9,00,00,00,00,00,00,00,
309253584,000003CF,false,Rx,0,8,69,00,A3,A3,A3,A3,A3,A3,
309528054,000003AF,false,Rx,0,8,B9,00,00,00,00,00,00,00,
309757643,000003CF,false,Rx,0,8,69,00,A3,A3,A3,A3,A3,A3,
310028218,000003AF,false,Rx,0,8,B9,00,00,00,00,00,00,00,
310261632,000003CF,false,Rx,0,8,69,00,A3,A3,A3,A3,A3,A3,
310528420,000003AF,false,Rx,0,8,B9,00,00,00,00,00,00,00,
310765457,000003CF,false,Rx,0,8,69,00,A3,A3,A3,A3,A3,A3,
311028523,000003AF,false,Rx,0,8,B9,00,00,00,00,00,00,00,
311269485,000003CF,false,Rx,0,8,69,00,A3,A3,A3,A3,A3,A3,
311528638,000003AF,false,Rx,0,8,B9,00,00,00,00,00,00,00,
311773469,000003CF,false,Rx,0,8,69,00,A3,A3,A3,A3,A3,A3,
312028824,000003AF,false,Rx,0,8,B9,00,00,00,00,00,00,00,
312277554,000003CF,false,Rx,0,8,69,00,A3,A3,A3,A3,A3,A3,
312528813,000003AF,false,Rx,0,8,B9,00,00,00,00,00,00,00,
312781387,000003CF,false,Rx,0,8,69,00,A3,A3,A3,A3,A3,A3,
313029083,000003AF,false,Rx,0,8,B9,00,00,00,00,00,00,00,
313285364,000003CF,false,Rx,0,8,69,00,A3,A3,A3,A3,A3,A3,
313529075,000003AF,false,Rx,0,8,B9,00,00,00,00,00,00,00,
313789359,000003CF,false,Rx,0,8,69,00,A3,A3,A3,A3,A3,A3,
314029372,000003AF,false,Rx,0,8,B9,00,00,00,00,00,00,00,
314293288,000003CF,false,Rx,0,8,69,00,A3,A3,A3,A3,A3,A3,
314529513,000003AF,false,Rx,0,8,B9,00,00,00,00,00,00,00,
314797209,000003CF,false,Rx,0,8,69,00,A3,A3,A3,A3,A3,A3,
315029524,000003AF,false,Rx,0,8,B9,00,00,00,00,00,00,00,
315301221,000003CF,false,Rx,0,8,69,00,A3,A3,A3,A3,A3,A3,
315529616,000003AF,false,Rx,0,8,B9,00,00,00,00,00,00,00,
315804980,000003CF,false,Rx,0,8,69,00,A3,A3,A3,A3,A3,A3,
316029819,000003AF,false,Rx,0,8,B9,00,00,00,00,00,00,00,
316309082,000003CF,false,Rx,0,8,69,00,A3,A3,A3,A3,A3,A3,
316530012,000003AF,false,Rx,0,8,B9,00,00,00,00,00,00,00,
316813179,000003CF,false,Rx,0,8,69,00,A3,A3,A3,A3,A3,A3,
317030108,000003AF,false,Rx,0,8,B9,00,00,00,00,00,00,00,
317317168,000003CF,false,Rx,0,8,69,00,A3,A3,A3,A3,A3,A3,
317530158,000003AF,false,Rx,0,8,B9,00,00,00,00,00,00,00,
317820918,000003CF,false,Rx,0,8,69,00,A3,A3,A3,A3,A3,A3,
318030282,000003AF,false,Rx,0,8,B9,00,00,00,00,00,00,00,
318324957,000003CF,false,Rx,0,8,69,00,A3,A3,A3,A3,A3,A3,
318530581,000003AF,false,Rx,0,8,B9,00,00,00,00,00,00,00,
318828747,000003CF,false,Rx,0,8,69,00,A3,A3,A3,A3,A3,A3,
319030732,000003AF,false,Rx,0,8,B9,00,00,00,00,00,00,00,
319332880,000003CF,false,Rx,0,8,69,00,A3,A3,A3,A3,A3,A3,
319530783,000003AF,false,Rx,0,8,B9,00,00,00,00,00,00,00,
319836754,000003CF,false,Rx,0,8,69,00,A3,A3,A3,A3,A3,A3,
320030850,000003AF,false,Rx,0,8,B9,00,00,00,00,00,00,00,
320340632,000003CF,false,Rx,0,8,69,00,A3,A3,A3,A3,A3,A3,
320530949,000003AF,false,Rx,0,8,B9,00,00,00,00,00,00,00,
320844701,000003CF,false,Rx,0,8,69,00,A3,A3,A3,A3,A3,A3,
321031277,000003AF,false,Rx,0,8,B9,00,00,00,00,00,00,00,
321348665,000003CF,false,Rx,0,8,69,00,A3,A3,A3,A3,A3,A3,
321531385,000003AF,false,Rx,0,8,B9,00,00,00,00,00,00,00,
321852561,000003CF,false,Rx,0,8,69,00,A3,A3,A3,A3,A3,A3,
322031605,000003AF,false,Rx,0,8,B9,00,00,00,00,00,00,00,
322356605,000003CF,false,Rx,0,8,69,00,A3,A3,A3,A3,A3,A3,
322531719,000003AF,false,Rx,0,8,B9,00,00,00,00,00,00,00,
322860398,000003CF,false,Rx,0,8,69,00,A3,A3,A3,A3,A3,A3,
323031765,000003AF,false,Rx,0,8,B9,00,00,00,00,00,00,00,
323364492,000003CF,false,Rx,0,8,69,00,A3,A3,A3,A3,A3,A3,
323531775,000003AF,false,Rx,0,8,B9,00,00,00,00,00,00,00,
323868619,000003CF,false,Rx,0,8,69,00,A3,A3,A3,A3,A3,A3,
324032076,000003AF,false,Rx,0,8,B9,00,00,00,00,00,00,00,
324372269,000003CF,false,Rx,0,8,69,00,A3,A3,A3,A3,A3,A3,
324532184,000003AF,false,Rx,0,8,B9,00,00,00,00,00,00,00,
324876329,000003CF,false,Rx,0,8,69,00,A3,A3,A3,A3,A3,A3,
325032232,000003AF,false,Rx,0,8,B9,00,00,00,00,00,00,00,
325380285,000003CF,false,Rx,0,8,69,00,A3,A3,A3,A3,A3,A3,
325532504,000003AF,false,Rx,0,8,B9,00,00,00,00,00,00,00,
325884127,000003CF,false,Rx,0,8,69,00,A3,A3,A3,A3,A3,A3,
326032673,000003AF,false,Rx,0,8,B9,00,00,00,00,00,00,00,
326388078,000003CF,false,Rx,0,8,69,00,A3,A3,A3,A3,A3,A3,
326532684,000003AF,false,Rx,0,8,B9,00,00,00,00,00,00,00,
326892258,000003CF,false,Rx,0,8,69,00,A3,A3,A3,A3,A3,A3,
327032860,000003AF,false,Rx,0,8,B9,00,00,00,00,00,00,00,
327396392,000003CF,false,Rx,0,8,69,00,A3,A3,A3,A3,A3,A3,
327532998,000003AF,false,Rx,0,8,B9,00,00,00,00,00,00,00,
327900254,000003CF,false,Rx,0,8,69,00,A3,A3,A3,A3,A3,A3,
328033206,000003AF,false,Rx,0,8,B9,00,00,00,00,00,00,00,
328404013,000003CF,false,Rx,0,8,69,00,A3,A3,A3,A3,A3,A3,
328533266,000003AF,false,Rx,0,8,B9,00,00,00,00,00,00,00,
328907860,000003CF,false,Rx,0,8,69,00,A3,A3,A3,A3,A3,A3,
329033374,000003AF,false,Rx,0,8,B9,00,00,00,00,00,00,00,
329411835,000003CF,false,Rx,0,8,69,00,A3,A3,A3,A3,A3,A3,
329533529,000003AF,false,Rx,0,8,B9,00,00,00,00,00,00,00,
329915936,000003CF,false,Rx,0,8,69,00,A3,A3,A3,A3,A3,A3,
330033631,000003AF,false,Rx,0,8,B9,00,00,00,00,00,00,00,
330419748,000003CF,false,Rx,0,8,69,00,A3,A3,A3,A3,A3,A3,
330533800,000003AF,false,Rx,0,8,B9,00,00,00,00,00,00,00,
330923944,000003CF,false,Rx,0,8,69,00,A3,A3,A3,A3,A3,A3,
331033919,000003AF,false,Rx,0,8,B9,00,00,00,00,00,00,00,
331427899,000003CF,false,Rx,0,8,69,00,A3,A3,A3,A3,A3,A3,
331534131,000003AF,false,Rx,0,8,B9,00,00,00,00,00,00,00,
331931640,000003CF,false,Rx,0,8,69,00,A3,A3,A3,A3,A3,A3,
332034280,000003AF,false,Rx,0,8,B9,00,00,00,00,00,00,00,
332435759,000003CF,false,Rx,0,8,69,00,A3,A3,A3,A3,A3,A3,
332534442,000003AF,false,Rx,0,8,B9,00,00,00,00,00,00,00,
332939629,000003CF,false,Rx,0,8,69,00,A3,A3,A3,A3,A3,A3,
333034593,000003AF,false,Rx,0,8,B9,00,00,00,00,00,00,00,
333443612,000003CF,false,Rx,0,8,69,00,A3,A3,A3,A3,A3,A3,
333534567,000003AF,false,Rx,0,8,B9,00,00,00,00,00,00,00,
333947586,000003CF,false,Rx,0,8,69,00,A3,A3,A3,A3,A3,A3,
334034680,000003AF,false,Rx,0,8,B9,00,00,00,00,00,00,00,
334451554,000003CF,false,Rx,0,8,69,00,A3,A3,A3,A3,A3,A3,
334534996,000003AF,false,Rx,0,8,B9,00,00,00,00,00,00,00,
334955500,000003CF,false,Rx,0,8,69,00,A3,A3,A3,A3,A3,A3,
335035042,000003AF,false,Rx,0,8,B9,00,00,00,00,00,00,00,
335460447,000003CF,false,Rx,0,8,69,00,A3,A3,A3,A3,A3,A3,
335535237,000003AF,false,Rx,0,8,B9,00,00,00,00,00,00,00,
335963370,000003CF,false,Rx,0,8,69,00,A3,A3,A3,A3,A3,A3,
336035240,000003AF,false,Rx,0,8,B9,00,00,00,00,00,00,00,
336467348,000003CF,false,Rx,0,8,69,00,A3,A3,A3,A3,A3,A3,
336535481,000003AF,false,Rx,0,8,B9,00,00,00,00,00,00,00,
336971338,000003CF,false,Rx,0,8,69,00,A3,A3,A3,A3,A3,A3,
337035627,000003AF,false,Rx,0,8,B9,00,00,00,00,00,00,00,
337477273,000003CF,false,Rx,0,8,69,00,A3,A3,A3,A3,A3,A3,
337535646,000003AF,false,Rx,0,8,B9,00,00,00,00,00,00,00,
337982141,000003CF,false,Rx,0,8,69,00,A3,A3,A3,A3,A3,A3,
338035902,000003AF,false,Rx,0,8,B9,00,00,00,00,00,00,00,
338483262,000003CF,false,Rx,0,8,69,00,A3,A3,A3,A3,A3,A3,
338535973,000003AF,false,Rx,0,8,B9,00,00,00,00,00,00,00,
338986996,000003CF,false,Rx,0,8,69,00,A3,A3,A3,A3,A3,A3,
339036153,000003AF,false,Rx,0,8,B9,00,00,00,00,00,00,00,
339490960,000003CF,false,Rx,0,8,69,00,A3,A3,A3,A3,A3,A3,
339536285,000003AF,false,Rx,0,8,B9,00,00,00,00,00,00,00,
339995052,000003CF,false,Rx,0,8,69,00,A3,A3,A3,A3,A3,A3,
340036471,000003AF,false,Rx,0,8,B9,00,00,00,00,00,00,00,
340498984,000003CF,false,Rx,0,8,69,00,A3,A3,A3,A3,A3,A3,
340536639,000003AF,false,Rx,0,8,B9,00,00,00,00,00,00,00,
341002824,000003CF,false,Rx,0,8,69,00,A3,A3,A3,A3,A3,A3,
341036784,000003AF,false,Rx,0,8,B9,00,00,00,00,00,00,00,
341506948,000003CF,false,Rx,0,8,69,00,A3,A3,A3,A3,A3,A3,
341536808,000003AF,false,Rx,0,8,B9,00,00,00,00,00,00,00,
342010714,000003CF,false,Rx,0,8,69,00,A3,A3,A3,A3,A3,A3,
342036951,000003AF,false,Rx,0,8,B9,00,00,00,00,00,00,00,
342514905,000003CF,false,Rx,0,8,69,00,A3,A3,A3,A3,A3,A3,
342537090,000003AF,false,Rx,0,8,B9,00,00,00,00,00,00,00,
343018675,000003CF,false,Rx,0,8,69,00,A3,A3,A3,A3,A3,A3,
343037301,000003AF,false,Rx,0,8,B9,00,00,00,00,00,00,00,
343522990,000003CF,false,Rx,0,8,69,00,A3,A3,A3,A3,A3,A3,
343537379,000003AF,false,Rx,0,8,B9,00,00,00,00,00,00,00,
344026634,000003CF,false,Rx,0,8,69,00,A3,A3,A3,A3,A3,A3,
344037517,000003AF,false,Rx,0,8,B9,00,00,00,00,00,00,00,
344530722,000003CF,false,Rx,0,8,69,00,A3,A3,A3,A3,A3,A3,
344538097,000003AF,false,Rx,0,8,B9,00,00,00,00,00,00,00,
345034643,000003CF,false,Rx,0,8,69,00,A3,A3,A3,A3,A3,A3,
345040425,000003AF,false,Rx,0,8,B9,00,00,00,00,00,00,00,
345537961,000003AF,false,Rx,0,8,B9,00,00,00,00,00,00,00,
345538586,000003CF,false,Rx,0,8,69,00,A3,A3,A3,A3,A3,A3,
346038051,000003AF,false,Rx,0,8,B9,00,00,00,00,00,00,00,
346042545,000003CF,false,Rx,0,8,69,00,A3,A3,A3,A3,A3,A3,
346538127,000003AF,false,Rx,0,8,B9,00,00,00,00,00,00,00,
346548472,000003CF,false,Rx,0,8,69,00,A3,A3,A3,A3,A3,A3,
347038294,000003AF,false,Rx,0,8,B9,00,00,00,00,00,00,00,
347050720,000003CF,false,Rx,0,8,69,00,A3,A3,A3,A3,A3,A3,
347538627,000003AF,false,Rx,0,8,B9,00,00,00,00,00,00,00,
347554342,000003CF,false,Rx,0,8,69,00,A3,A3,A3,A3,A3,A3,
348038678,000003AF,false,Rx,0,8,B9,00,00,00,00,00,00,00,
348058478,000003CF,false,Rx,0,8,69,00,A3,A3,A3,A3,A3,A3,
348538807,000003AF,false,Rx,0,8,B9,00,00,00,00,00,00,00,
348562153,000003CF,false,Rx,0,8,69,00,A3,A3,A3,A3,A3,A3,
349038950,000003AF,false,Rx,0,8,B9,00,00,00,00,00,00,00,
349066352,000003CF,false,Rx,0,8,69,00,A3,A3,A3,A3,A3,A3,
349539138,000003AF,false,Rx,0,8,B9,00,00,00,00,00,00,00,
349570055,000003CF,false,Rx,0,8,69,00,A3,A3,A3,A3,A3,A3,
350039196,000003AF,false,Rx,0,8,B9,00,00,00,00,00,00,00,
350074066,000003CF,false,Rx,0,8,69,00,A3,A3,A3,A3,A3,A3,
350539191,000003AF,false,Rx,0,8,B9,00,00,00,00,00,00,00,
350578105,000003CF,false,Rx,0,8,69,00,A3,A3,A3,A3,A3,A3,
351039483,000003AF,false,Rx,0,8,B9,00,00,00,00,00,00,00,
351082237,000003CF,false,Rx,0,8,69,00,A3,A3,A3,A3,A3,A3,
351539613,000003AF,false,Rx,0,8,B9,00,00,00,00,00,00,00,
351585957,000003CF,false,Rx,0,8,69,00,A3,A3,A3,A3,A3,A3,
352039708,000003AF,false,Rx,0,8,B9,00,00,00,00,00,00,00,
352090073,000003CF,false,Rx,0,8,69,00,A3,A3,A3,A3,A3,A3,
352539814,000003AF,false,Rx,0,8,B9,00,00,00,00,00,00,00,
352593972,000003CF,false,Rx,0,8,69,00,A3,A3,A3,A3,A3,A3,
353039936,000003AF,false,Rx,0,8,B9,00,00,00,00,00,00,00,
353097789,000003CF,false,Rx,0,8,69,00,A3,A3,A3,A3,A3,A3,
353540052,000003AF,false,Rx,0,8,B9,00,00,00,00,00,00,00,
353601902,000003CF,false,Rx,0,8,69,00,A3,A3,A3,A3,A3,A3,
354040345,000003AF,false,Rx,0,8,B9,00,00,00,00,00,00,00,
354105775,000003CF,false,Rx,0,8,69,00,A3,A3,A3,A3,A3,A3,
354540395,000003AF,false,Rx,0,8,B9,00,00,00,00,00,00,00,
354609751,000003CF,false,Rx,0,8,69,00,A3,A3,A3,A3,A3,A3,
355040544,000003AF,false,Rx,0,8,B9,00,00,00,00,00,00,00,
355113827,000003CF,false,Rx,0,8,69,00,A3,A3,A3,A3,A3,A3,
355540534,000003AF,false,Rx,0,8,B9,00,00,00,00,00,00,00,
355617593,000003CF,false,Rx,0,8,69,00,A3,A3,A3,A3,A3,A3,
356040756,000003AF,false,Rx,0,8,B9,00,00,00,00,00,00,00,
356121588,000003CF,false,Rx,0,8,69,00,A3,A3,A3,A3,A3,A3,
356540846,000003AF,false,Rx,0,8,B9,00,00,00,00,00,00,00,
356625601,000003CF,false,Rx,0,8,69,00,A3,A3,A3,A3,A3,A3,
357041159,000003AF,false,Rx,0,8,B9,00,00,00,00,00,00,00,
357129568,000003CF,false,Rx,0,8,69,00,A3,A3,A3,A3,A3,A3,
357541124,000003AF,false,Rx,0,8,B9,00,00,00,00,00,00,00,
357633477,000003CF,false,Rx,0,8,69,00,A3,A3,A3,A3,A3,A3,
358041411,000003AF,false,Rx,0,8,B9,00,00,00,00,00,00,00,
358137493,000003CF,false,Rx,0,8,69,00,A3,A3,A3,A3,A3,A3,
358541382,000003AF,false,Rx,0,8,B9,00,00,00,00,00,00,00,
358641474,000003CF,false,Rx,0,8,69,00,A3,A3,A3,A3,A3,A3,
359041750,000003AF,false,Rx,0,8,B9,00,00,00,00,00,00,00,
359145317,000003CF,false,Rx,0,8,69,00,A3,A3,A3,A3,A3,A3,
359541786,000003AF,false,Rx,0,8,B9,00,00,00,00,00,00,00,
359649282,000003CF,false,Rx,0,8,69,00,A3,A3,A3,A3,A3,A3,
360041945,000003AF,false,Rx,0,8,B9,00,00,00,00,00,00,00,
360153396,000003CF,false,Rx,0,8,69,00,A3,A3,A3,A3,A3,A3,
360541956,000003AF,false,Rx,0,8,B9,00,00,00,00,00,00,00,
360657233,000003CF,false,Rx,0,8,69,00,A3,A3,A3,A3,A3,A3,
361042187,000003AF,false,Rx,0,8,B9,00,00,00,00,00,00,00,
361161260,000003CF,false,Rx,0,8,69,00,A3,A3,A3,A3,A3,A3,
361542293,000003AF,false,Rx,0,8,B9,00,00,00,00,00,00,00,
361665065,000003CF,false,Rx,0,8,69,00,A3,A3,A3,A3,A3,A3,
362042377,000003AF,false,Rx,0,8,B9,00,00,00,00,00,00,00,
362169187,000003CF,false,Rx,0,8,69,00,A3,A3,A3,A3,A3,A3,
362542567,000003AF,false,Rx,0,8,B9,00,00,00,00,00,00,00,
362673182,000003CF,false,Rx,0,8,69,00,A3,A3,A3,A3,A3,A3,
363042615,000003AF,false,Rx,0,8,B9,00,00,00,00,00,00,00,
363177129,000003CF,false,Rx,0,8,69,00,A3,A3,A3,A3,A3,A3,
363542729,000003AF,false,Rx,0,8,B9,00,00,00,00,00,00,00,
363680855,000003CF,false,Rx,0,8,69,00,A3,A3,A3,A3,A3,A3,
364043029,000003AF,false,Rx,0,8,B9,00,00,00,00,00,00,00,
364184949,000003CF,false,Rx,0,8,69,00,A3,A3,A3,A3,A3,A3,
364543094,000003AF,false,Rx,0,8,B9,00,00,00,00,00,00,00,
364688843,000003CF,false,Rx,0,8,69,00,A3,A3,A3,A3,A3,A3,
365043261,000003AF,false,Rx,0,8,B9,00,00,00,00,00,00,00,
365192946,000003CF,false,Rx,0,8,69,00,A3,A3,A3,A3,A3,A3,
365543247,000003AF,false,Rx,0,8,B9,00,00,00,00,00,00,00,
365696873,000003CF,false,Rx,0,8,69,00,A3,A3,A3,A3,A3,A3,
366043566,000003AF,false,Rx,0,8,B9,00,00,00,00,00,00,00,
366200814,000003CF,false,Rx,0,8,69,00,A3,A3,A3,A3,A3,A3,
366543724,000003AF,false,Rx,0,8,B9,00,00,00,00,00,00,00,
366704626,000003CF,false,Rx,0,8,69,00,A3,A3,A3,A3,A3,A3,
367043826,000003AF,false,Rx,0,8,B9,00,00,00,00,00,00,00,
367208743,000003CF,false,Rx,0,8,69,00,A3,A3,A3,A3,A3,A3,
367544050,000003AF,false,Rx,0,8,B9,00,00,00,00,00,00,00,
367712952,000003CF,false,Rx,0,8,69,00,A3,A3,A3,A3,A3,A3,
368044105,000003AF,false,Rx,0,8,B9,00,00,00,00,00,00,00,
368217981,000003CF,false,Rx,0,8,69,00,A3,A3,A3,A3,A3,A3,
368544280,000003AF,false,Rx,0,8,B9,00,00,00,00,00,00,00,
368720691,000003CF,false,Rx,0,8,69,00,A3,A3,A3,A3,A3,A3,
369044424,000003AF,false,Rx,0,8,B9,00,00,00,00,00,00,00,
369224617,000003CF,false,Rx,0,8,69,00,A3,A3,A3,A3,A3,A3,
369544568,000003AF,false,Rx,0,8,B9,00,00,00,00,00,00,00,
369729761,000003CF,false,Rx,0,8,69,00,A3,A3,A3,A3,A3,A3,
370044554,000003AF,false,Rx,0,8,B9,00,00,00,00,00,00,00,
370235290,000003CF,false,Rx,0,8,69,00,A3,A3,A3,A3,A3,A3,
370544739,000003AF,false,Rx,0,8,B9,00,00,00,00,00,00,00,
370736226,000003CF,false,Rx,0,8,69,00,A3,A3,A3,A3,A3,A3,
371044905,000003AF,false,Rx,0,8,B9,00,00,00,00,00,00,00,
371240399,000003CF,false,Rx,0,8,69,00,A3,A3,A3,A3,A3,A3,
371545087,000003AF,false,Rx,0,8,B9,00,00,00,00,00,00,00,
371744360,000003CF,false,Rx,0,8,69,00,A3,A3,A3,A3,A3,A3,
372045181,000003AF,false,Rx,0,8,B9,00,00,00,00,00,00,00,
372248312,000003CF,false,Rx,0,8,69,00,A3,A3,A3,A3,A3,A3,
372545407,000003AF,false,Rx,0,8,B9,00,00,00,00,00,00,00,
372752190,000003CF,false,Rx,0,8,69,00,A3,A3,A3,A3,A3,A3,
373047893,000003AF,false,Rx,0,8,B9,00,00,00,00,00,00,00,
373256179,000003CF,false,Rx,0,8,69,00,A3,A3,A3,A3,A3,A3,
373545570,000003AF,false,Rx,0,8,B9,00,00,00,00,00,00,00,
373760241,000003CF,false,Rx,0,8,69,00,A3,A3,A3,A3,A3,A3,
374045821,000003AF,false,Rx,0,8,B9,00,00,00,00,00,00,00,
374264082,000003CF,false,Rx,0,8,69,00,A3,A3,A3,A3,A3,A3,
374545886,000003AF,false,Rx,0,8,B9,00,00,00,00,00,00,00,
374768071,000003CF,false,Rx,0,8,69,00,A3,A3,A3,A3,A3,A3,
375045885,000003AF,false,Rx,0,8,B9,00,00,00,00,00,00,00,
375272965,000003CF,false,Rx,0,8,69,00,A3,A3,A3,A3,A3,A3,
375546063,000003AF,false,Rx,0,8,B9,00,00,00,00,00,00,00,
375775905,000003CF,false,Rx,0,8,69,00,A3,A3,A3,A3,A3,A3,
376046333,000003AF,false,Rx,0,8,B9,00,00,00,00,00,00,00,
376279967,000003CF,false,Rx,0,8,69,00,A3,A3,A3,A3,A3,A3,
376546429,000003AF,false,Rx,0,8,B9,00,00,00,00,00,00,00,
376783924,000003CF,false,Rx,0,8,69,00,A3,A3,A3,A3,A3,A3,
377046552,000003AF,false,Rx,0,8,B9,00,00,00,00,00,00,00,
377288757,000003CF,false,Rx,0,8,69,00,A3,A3,A3,A3,A3,A3,
377549603,000003AF,false,Rx,0,8,B9,00,00,00,00,00,00,00,
377791708,000003CF,false,Rx,0,8,69,00,A3,A3,A3,A3,A3,A3,
378046702,000003AF,false,Rx,0,8,B9,00,00,00,00,00,00,00,
378295818,000003CF,false,Rx,0,8,69,00,A3,A3,A3,A3,A3,A3,
378546864,000003AF,false,Rx,0,8,B9,00,00,00,00,00,00,00,
378799669,000003CF,false,Rx,0,8,69,00,A3,A3,A3,A3,A3,A3,
379047085,000003AF,false,Rx,0,8,B9,00,00,00,00,00,00,00,
379303616,000003CF,false,Rx,0,8,69,00,A3,A3,A3,A3,A3,A3,
379547270,000003AF,false,Rx,0,8,B9,00,00,00,00,00,00,00,
379807529,000003CF,false,Rx,0,8,69,00,A3,A3,A3,A3,A3,A3,
380047368,000003AF,false,Rx,0,8,B9,00,00,00,00,00,00,00,
380311610,000003CF,false,Rx,0,8,69,00,A3,A3,A3,A3,A3,A3,
380547479,000003AF,false,Rx,0,8,B9,00,00,00,00,00,00,00,
380815492,000003CF,false,Rx,0,8,69,00,A3,A3,A3,A3,A3,A3,
381047750,000003AF,false,Rx,0,8,B9,00,00,00,00,00,00,00,
381319599,000003CF,false,Rx,0,8,69,00,A3,A3,A3,A3,A3,A3,
381547737,000003AF,false,Rx,0,8,B9,00,00,00,00,00,00,00,
381823310,000003CF,false,Rx,0,8,69,00,A3,A3,A3,A3,A3,A3,
382049074,000003AF,false,Rx,0,8,B9,00,00,00,00,00,00,00,
382327436,000003CF,false,Rx,0,8,69,00,A3,A3,A3,A3,A3,A3,
382548047,000003AF,false,Rx,0,8,B9,00,00,00,00,00,00,00,
382831286,000003CF,false,Rx,0,8,69,00,A3,A3,A3,A3,A3,A3,
383048250,000003AF,false,Rx,0,8,B9,00,00,00,00,00,00,00,
383335303,000003CF,false,Rx,0,8,69,00,A3,A3,A3,A3,A3,A3,
383548379,000003AF,false,Rx,0,8,B9,00,00,00,00,00,00,00,
383839214,000003CF,false,Rx,0,8,69,00,A3,A3,A3,A3,A3,A3,
384048436,000003AF,false,Rx,0,8,B9,00,00,00,00,00,00,00,
384343105,000003CF,false,Rx,0,8,69,00,A3,A3,A3,A3,A3,A3,
384548607,000003AF,false,Rx,0,8,B9,00,00,00,00,00,00,00,
384847168,000003CF,false,Rx,0,8,69,00,A3,A3,A3,A3,A3,A3,
385048683,000003AF,false,Rx,0,8,B9,00,00,00,00,00,00,00,
385351159,000003CF,false,Rx,0,8,69,00,A3,A3,A3,A3,A3,A3,
385548756,000003AF,false,Rx,0,8,B9,00,00,00,00,00,00,00,
385855088,000003CF,false,Rx,0,8,69,00,A3,A3,A3,A3,A3,A3,
386049016,000003AF,false,Rx,0,8,B9,00,00,00,00,00,00,00,
386359126,000003CF,false,Rx,0,8,69,00,A3,A3,A3,A3,A3,A3,
386549132,000003AF,false,Rx,0,8,B9,00,00,00,00,00,00,00,
386862879,000003CF,false,Rx,0,8,69,00,A3,A3,A3,A3,A3,A3,
387049253,000003AF,false,Rx,0,8,B9,00,00,00,00,00,00,00,
387366820,000003CF,false,Rx,0,8,69,00,A3,A3,A3,A3,A3,A3,
387549485,000003AF,false,Rx,0,8,B9,00,00,00,00,00,00,00,
387870882,000003CF,false,Rx,0,8,69,00,A3,A3,A3,A3,A3,A3,
388049528,000003AF,false,Rx,0,8,B9,00,00,00,00,00,00,00,
388374923,000003CF,false,Rx,0,8,69,00,A3,A3,A3,A3,A3,A3,
388549759,000003AF,false,Rx,0,8,B9,00,00,00,00,00,00,00,
388878840,000003CF,false,Rx,0,8,69,00,A3,A3,A3,A3,A3,A3,
389049817,000003AF,false,Rx,0,8,B9,00,00,00,00,00,00,00,
389382938,000003CF,false,Rx,0,8,69,00,A3,A3,A3,A3,A3,A3,
389550030,000003AF,false,Rx,0,8,B9,00,00,00,00,00,00,00,
389886683,000003CF,false,Rx,0,8,69,00,A3,A3,A3,A3,A3,A3,
390050159,000003AF,false,Rx,0,8,B9,00,00,00,00,00,00,00,
390390668,000003CF,false,Rx,0,8,69,00,A3,A3,A3,A3,A3,A3,
390550344,000003AF,false,Rx,0,8,B9,00,00,00,00,00,00,00,
390894654,000003CF,false,Rx,0,8,69,00,A3,A3,A3,A3,A3,A3,
391050429,000003AF,false,Rx,0,8,B9,00,00,00,00,00,00,00,
391398611,000003CF,false,Rx,0,8,69,00,A3,A3,A3,A3,A3,A3,
391550498,000003AF,false,Rx,0,8,B9,00,00,00,00,00,00,00,
391902599,000003CF,false,Rx,0,8,69,00,A3,A3,A3,A3,A3,A3,
392050695,000003AF,false,Rx,0,8,B9,00,00,00,00,00,00,00,
392406575,000003CF,false,Rx,0,8,69,00,A3,A3,A3,A3,A3,A3,
392550764,000003AF,false,Rx,0,8,B9,00,00,00,00,00,00,00,
392910413,000003CF,false,Rx,0,8,69,00,A3,A3,A3,A3,A3,A3,
393050960,000003AF,false,Rx,0,8,B9,00,00,00,00,00,00,00,
393414417,000003CF,false,Rx,0,8,69,00,A3,A3,A3,A3,A3,A3,
393551082,000003AF,false,Rx,0,8,B9,00,00,00,00,00,00,00,
393918338,000003CF,false,Rx,0,8,69,00,A3,A3,A3,A3,A3,A3,
394051062,000003AF,false,Rx,0,8,B9,00,00,00,00,00,00,00,
394422202,000003CF,false,Rx,0,8,69,00,A3,A3,A3,A3,A3,A3,
394551323,000003AF,false,Rx,0,8,B9,00,00,00,00,00,00,00,
394926265,000003CF,false,Rx,0,8,69,00,A3,A3,A3,A3,A3,A3,
395053006,000003AF,false,Rx,0,8,B9,00,00,00,00,00,00,00,
395430303,000003CF,false,Rx,0,8,69,00,A3,A3,A3,A3,A3,A3,
395551581,000003AF,false,Rx,0,8,B9,00,00,00,00,00,00,00,
395934222,000003CF,false,Rx,0,8,69,00,A3,A3,A3,A3,A3,A3,
396051737,000003AF,false,Rx,0,8,B9,00,00,00,00,00,00,00,
396438203,000003CF,false,Rx,0,8,69,00,A3,A3,A3,A3,A3,A3,
396551849,000003AF,false,Rx,0,8,B9,00,00,00,00,00,00,00,
396942107,000003CF,false,Rx,0,8,69,00,A3,A3,A3,A3,A3,A3,
397052005,000003AF,false,Rx,0,8,B9,00,00,00,00,00,00,00,
397446121,000003CF,false,Rx,0,8,69,00,A3,A3,A3,A3,A3,A3,
397552147,000003AF,false,Rx,0,8,B9,00,00,00,00,00,00,00,
397950032,000003CF,false,Rx,0,8,69,00,A3,A3,A3,A3,A3,A3,
398052154,000003AF,false,Rx,0,8,B9,00,00,00,00,00,00,00,
398454060,000003CF,false,Rx,0,8,69,00,A3,A3,A3,A3,A3,A3,
398552407,000003AF,false,Rx,0,8,B9,00,00,00,00,00,00,00,
398957982,000003CF,false,Rx,0,8,69,00,A3,A3,A3,A3,A3,A3,
399052577,000003AF,false,Rx,0,8,B9,00,00,00,00,00,00,00,
399461818,000003CF,false,Rx,0,8,69,00,A3,A3,A3,A3,A3,A3,
399554644,000003AF,false,Rx,0,8,B9,00,00,00,00,00,00,00,
399966159,000003CF,false,Rx,0,8,69,00,A3,A3,A3,A3,A3,A3,
400052841,000003AF,false,Rx,0,8,B9,00,00,00,00,00,00,00,
400471631,000003CF,false,Rx,0,8,69,00,A3,A3,A3,A3,A3,A3,
400552957,000003AF,false,Rx,0,8,B9,00,00,00,00,00,00,00,
400973799,000003CF,false,Rx,0,8,69,00,A3,A3,A3,A3,A3,A3,
401052957,000003AF,false,Rx,0,8,B9,00,00,00,00,00,00,00,
401477701,000003CF,false,Rx,0,8,69,00,A3,A3,A3,A3,A3,A3,
401553314,000003AF,false,Rx,0,8,B9,00,00,00,00,00,00,00,
401983633,000003CF,false,Rx,0,8,69,00,A3,A3,A3,A3,A3,A3,
402053340,000003AF,false,Rx,0,8,B9,00,00,00,00,00,00,00,
402488957,000003CF,false,Rx,0,8,69,00,A3,A3,A3,A3,A3,A3,
402553554,000003AF,false,Rx,0,8,B9,00,00,00,00,00,00,00,
402989570,000003CF,false,Rx,0,8,69,00,A3,A3,A3,A3,A3,A3,
403053718,000003AF,false,Rx,0,8,B9,00,00,00,00,00,00,00,
403493440,000003CF,false,Rx,0,8,69,00,A3,A3,A3,A3,A3,A3,
403553834,000003AF,false,Rx,0,8,B9,00,00,00,00,00,00,00,
403997453,000003CF,false,Rx,0,8,69,00,A3,A3,A3,A3,A3,A3,
404055619,000003AF,false,Rx,0,8,B9,00,00,00,00,00,00,00,
404501530,000003CF,false,Rx,0,8,69,00,A3,A3,A3,A3,A3,A3,
404553988,000003AF,false,Rx,0,8,B9,00,00,00,00,00,00,00,
405005313,000003CF,false,Rx,0,8,69,00,A3,A3,A3,A3,A3,A3,
405054196,000003AF,false,Rx,0,8,B9,00,00,00,00,00,00,00,
405509455,000003CF,false,Rx,0,8,69,00,A3,A3,A3,A3,A3,A3,
405554255,000003AF,false,Rx,0,8,B9,00,00,00,00,00,00,00,
406013200,000003CF,false,Rx,0,8,69,00,A3,A3,A3,A3,A3,A3,
406054496,000003AF,false,Rx,0,8,B9,00,00,00,00,00,00,00,
406517179,000003CF,false,Rx,0,8,69,00,A3,A3,A3,A3,A3,A3,
406554720,000003AF,false,Rx,0,8,B9,00,00,00,00,00,00,00,
407021278,000003CF,false,Rx,0,8,69,00,A3,A3,A3,A3,A3,A3,
407054790,000003AF,false,Rx,0,8,B9,00,00,00,00,00,00,00,
407525183,000003CF,false,Rx,0,8,69,00,A3,A3,A3,A3,A3,A3,
407554738,000003AF,false,Rx,0,8,B9,00,00,00,00,00,00,00,
408029167,000003CF,false,Rx,0,8,69,00,A3,A3,A3,A3,A3,A3,
408055109,000003AF,false,Rx,0,8,B9,00,00,00,00,00,00,00,
408533103,000003CF,false,Rx,0,8,69,00,A3,A3,A3,A3,A3,A3,
408555073,000003AF,false,Rx,0,8,B9,00,00,00,00,00,00,00,
409037087,000003CF,false,Rx,0,8,69,00,A3,A3,A3,A3,A3,A3,
409055255,000003AF,false,Rx,0,8,B9,00,00,00,00,00,00,00,
409541107,000003CF,false,Rx,0,8,69,00,A3,A3,A3,A3,A3,A3,
409555286,000003AF,false,Rx,0,8,B9,00,00,00,00,00,00,00,
410044917,000003CF,false,Rx,0,8,69,00,A3,A3,A3,A3,A3,A3,
410055619,000003AF,false,Rx,0,8,B9,00,00,00,00,00,00,00,
410548804,000003CF,false,Rx,0,8,69,00,A3,A3,A3,A3,A3,A3,
410555662,000003AF,false,Rx,0,8,B9,00,00,00,00,00,00,00,
411052965,000003CF,false,Rx,0,8,69,00,A3,A3,A3,A3,A3,A3,
411055788,000003AF,false,Rx,0,8,B9,00,00,00,00,00,00,00,
411556049,000003AF,false,Rx,0,8,B9,00,00,00,00,00,00,00,
411556809,000003CF,false,Rx,0,8,69,00,A3,A3,A3,A3,A3,A3,
412056728,000003AF,false,Rx,0,8,B9,00,00,00,00,00,00,00,
412060877,000003CF,false,Rx,0,8,69,00,A3,A3,A3,A3,A3,A3,
412557664,000003AF,false,Rx,0,8,B9,00,00,00,00,00,00,00,
412564807,000003CF,false,Rx,0,8,69,00,A3,A3,A3,A3,A3,A3,
413056269,000003AF,false,Rx,0,8,B9,00,00,00,00,00,00,00,
413068787,000003CF,false,Rx,0,8,69,00,A3,A3,A3,A3,A3,A3,
413556577,000003AF,false,Rx,0,8,B9,00,00,00,00,00,00,00,
413572720,000003CF,false,Rx,0,8,69,00,A3,A3,A3,A3,A3,A3,
414056705,000003AF,false,Rx,0,8,B9,00,00,00,00,00,00,00,
414077030,000003CF,false,Rx,0,8,69,00,A3,A3,A3,A3,A3,A3,
414556832,000003AF,false,Rx,0,8,B9,00,00,00,00,00,00,00,
414580514,000003CF,false,Rx,0,8,69,00,A3,A3,A3,A3,A3,A3,
415057020,000003AF,false,Rx,0,8,B9,00,00,00,00,00,00,00,
415084583,000003CF,false,Rx,0,8,69,00,A3,A3,A3,A3,A3,A3,
415557113,000003AF,false,Rx,0,8,B9,00,00,00,00,00,00,00,
415588535,000003CF,false,Rx,0,8,69,00,A3,A3,A3,A3,A3,A3,
416057172,000003AF,false,Rx,0,8,B9,00,00,00,00,00,00,00,
416092403,000003CF,false,Rx,0,8,69,00,A3,A3,A3,A3,A3,A3,
416557398,000003AF,false,Rx,0,8,B9,00,00,00,00,00,00,00,
416596409,000003CF,false,Rx,0,8,69,00,A3,A3,A3,A3,A3,A3,
417057643,000003AF,false,Rx,0,8,B9,00,00,00,00,00,00,00,
417100480,000003CF,false,Rx,0,8,69,00,A3,A3,A3,A3,A3,A3,
417560284,000003AF,false,Rx,0,8,B9,00,00,00,00,00,00,00,
417604364,000003CF,false,Rx,0,8,69,00,A3,A3,A3,A3,A3,A3,
418057732,000003AF,false,Rx,0,8,B9,00,00,00,00,00,00,00,
418108349,000003CF,false,Rx,0,8,69,00,A3,A3,A3,A3,A3,A3,
418557878,000003AF,false,Rx,0,8,B9,00,00,00,00,00,00,00,
418612341,000003CF,false,Rx,0,8,69,00,A3,A3,A3,A3,A3,A3,
419058010,000003AF,false,Rx,0,8,B9,00,00,00,00,00,00,00,
419116228,000003CF,false,Rx,0,8,69,00,A3,A3,A3,A3,A3,A3,
419558207,000003AF,false,Rx,0,8,B9,00,00,00,00,00,00,00,
419620066,000003CF,false,Rx,0,8,69,00,A3,A3,A3,A3,A3,A3,
420058381,000003AF,false,Rx,0,8,B9,00,00,00,00,00,00,00,
420124184,000003CF,false,Rx,0,8,69,00,A3,A3,A3,A3,A3,A3,
420558620,000003AF,false,Rx,0,8,B9,00,00,00,00,00,00,00,
420628111,000003CF,false,Rx,0,8,69,00,A3,A3,A3,A3,A3,A3,
421058918,000003AF,false,Rx,0,8,B9,00,00,00,00,00,00,00,
421131990,000003CF,false,Rx,0,8,69,00,A3,A3,A3,A3,A3,A3,
421558716,000003AF,false,Rx,0,8,B9,00,00,00,00,00,00,00,
421635869,000003CF,false,Rx,0,8,69,00,A3,A3,A3,A3,A3,A3,
422058853,000003AF,false,Rx,0,8,B9,00,00,00,00,00,00,00,
422139909,000003CF,false,Rx,0,8,69,00,A3,A3,A3,A3,A3,A3,
422559031,000003AF,false,Rx,0,8,B9,00,00,00,00,00,00,00,
422643822,000003CF,false,Rx,0,8,69,00,A3,A3,A3,A3,A3,A3,
423059024,000003AF,false,Rx,0,8,B9,00,00,00,00,00,00,00,
423147945,000003CF,false,Rx,0,8,69,00,A3,A3,A3,A3,A3,A3,
423559249,000003AF,false,Rx,0,8,B9,00,00,00,00,00,00,00,
423651666,000003CF,false,Rx,0,8,69,00,A3,A3,A3,A3,A3,A3,
424059279,000003AF,false,Rx,0,8,B9,00,00,00,00,00,00,00,
424155748,000003CF,false,Rx,0,8,69,00,A3,A3,A3,A3,A3,A3,
424559468,000003AF,false,Rx,0,8,B9,00,00,00,00,00,00,00,
424659665,000003CF,false,Rx,0,8,69,00,A3,A3,A3,A3,A3,A3,
425059638,000003AF,false,Rx,0,8,B9,00,00,00,00,00,00,00,
425163714,000003CF,false,Rx,0,8,69,00,A3,A3,A3,A3,A3,A3,
425559843,000003AF,false,Rx,0,8,B9,00,00,00,00,00,00,00,
425667656,000003CF,false,Rx,0,8,69,00,A3,A3,A3,A3,A3,A3,
426059924,000003AF,false,Rx,0,8,B9,00,00,00,00,00,00,00,
426171603,000003CF,false,Rx,0,8,69,00,A3,A3,A3,A3,A3,A3,
426560045,000003AF,false,Rx,0,8,B9,00,00,00,00,00,00,00,
426675544,000003CF,false,Rx,0,8,69,00,A3,A3,A3,A3,A3,A3,
427060234,000003AF,false,Rx,0,8,B9,00,00,00,00,00,00,00,
427179599,000003CF,false,Rx,0,8,69,00,A3,A3,A3,A3,A3,A3,
427560330,000003AF,false,Rx,0,8,B9,00,00,00,00,00,00,00,
427683409,000003CF,false,Rx,0,8,69,00,A3,A3,A3,A3,A3,A3,
428060482,000003AF,false,Rx,0,8,B9,00,00,00,00,00,00,00,
428187494,000003CF,false,Rx,0,8,69,00,A3,A3,A3,A3,A3,A3,
428560639,000003AF,false,Rx,0,8,B9,00,00,00,00,00,00,00,
428691354,000003CF,false,Rx,0,8,69,00,A3,A3,A3,A3,A3,A3,
429060620,000003AF,false,Rx,0,8,B9,00,00,00,00,00,00,00,
429195371,000003CF,false,Rx,0,8,69,00,A3,A3,A3,A3,A3,A3,
429560922,000003AF,false,Rx,0,8,B9,00,00,00,00,00,00,00,
429699246,000003CF,false,Rx,0,8,69,00,A3,A3,A3,A3,A3,A3,
430060923,000003AF,false,Rx,0,8,B9,00,00,00,00,00,00,00,
430203317,000003CF,false,Rx,0,8,69,00,A3,A3,A3,A3,A3,A3,
430561181,000003AF,false,Rx,0,8,B9,00,00,00,00,00,00,00,
430707226,000003CF,false,Rx,0,8,69,00,A3,A3,A3,A3,A3,A3,
431061382,000003AF,false,Rx,0,8,B9,00,00,00,00,00,00,00,
431211294,000003CF,false,Rx,0,8,69,00,A3,A3,A3,A3,A3,A3,
431561490,000003AF,false,Rx,0,8,B9,00,00,00,00,00,00,00,
431715102,000003CF,false,Rx,0,8,69,00,A3,A3,A3,A3,A3,A3,
432061643,000003AF,false,Rx,0,8,B9,00,00,00,00,00,00,00,
432219050,000003CF,false,Rx,0,8,69,00,A3,A3,A3,A3,A3,A3,
432561778,000003AF,false,Rx,0,8,B9,00,00,00,00,00,00,00,
432724503,000003CF,false,Rx,0,8,69,00,A3,A3,A3,A3,A3,A3,
433061818,000003AF,false,Rx,0,8,B9,00,00,00,00,00,00,00,
433227179,000003CF,false,Rx,0,8,69,00,A3,A3,A3,A3,A3,A3,
433562016,000003AF,false,Rx,0,8,B9,00,00,00,00,00,00,00,
433731148,000003CF,false,Rx,0,8,69,00,A3,A3,A3,A3,A3,A3,
434062153,000003AF,false,Rx,0,8,B9,00,00,00,00,00,00,00,
434237030,000003CF,false,Rx,0,8,69,00,A3,A3,A3,A3,A3,A3,
434562286,000003AF,false,Rx,0,8,B9,00,00,00,00,00,00,00,
434742070,000003CF,false,Rx,0,8,69,00,A3,A3,A3,A3,A3,A3,
435062427,000003AF,false,Rx,0,8,B9,00,00,00,00,00,00,00,
435242904,000003CF,false,Rx,0,8,69,00,A3,A3,A3,A3,A3,A3,
435562599,000003AF,false,Rx,0,8,B9,00,00,00,00,00,00,00,
435746848,000003CF,false,Rx,0,8,69,00,A3,A3,A3,A3,A3,A3,
436062764,000003AF,false,Rx,0,8,B9,00,00,00,00,00,00,00,
436250713,000003CF,false,Rx,0,8,69,00,A3,A3,A3,A3,A3,A3,
436562769,000003AF,false,Rx,0,8,B9,00,00,00,00,00,00,00,
436754620,000003CF,false,Rx,0,8,69,00,A3,A3,A3,A3,A3,A3,
437062958,000003AF,false,Rx,0,8,B9,00,00,00,00,00,00,00,
437258519,000003CF,false,Rx,0,8,69,00,A3,A3,A3,A3,A3,A3,
437563036,000003AF,false,Rx,0,8,B9,00,00,00,00,00,00,00,
437762561,000003CF,false,Rx,0,8,69,00,A3,A3,A3,A3,A3,A3,
438063263,000003AF,false,Rx,0,8,B9,00,00,00,00,00,00,00,
438266411,000003CF,false,Rx,0,8,69,00,A3,A3,A3,A3,A3,A3,
438563393,000003AF,false,Rx,0,8,B9,00,00,00,00,00,00,00,
438770505,000003CF,false,Rx,0,8,69,00,A3,A3,A3,A3,A3,A3,
439063483,000003AF,false,Rx,0,8,B9,00,00,00,00,00,00,00,
439274342,000003CF,false,Rx,0,8,69,00,A3,A3,A3,A3,A3,A3,
439563522,000003AF,false,Rx,0,8,B9,00,00,00,00,00,00,00,
439778391,000003CF,false,Rx,0,8,69,00,A3,A3,A3,A3,A3,A3,
440063651,000003AF,false,Rx,0,8,B9,00,00,00,00,00,00,00,
440282381,000003CF,false,Rx,0,8,69,00,A3,A3,A3,A3,A3,A3,
440563925,000003AF,false,Rx,0,8,B9,00,00,00,00,00,00,00,
440786370,000003CF,false,Rx,0,8,69,00,A3,A3,A3,A3,A3,A3,
441064082,000003AF,false,Rx,0,8,B9,00,00,00,00,00,00,00,
441290318,000003CF,false,Rx,0,8,69,00,A3,A3,A3,A3,A3,A3,
441564204,000003AF,false,Rx,0,8,B9,00,00,00,00,00,00,00,
441794261,000003CF,false,Rx,0,8,69,00,A3,A3,A3,A3,A3,A3,
442064353,000003AF,false,Rx,0,8,B9,00,00,00,00,00,00,00,
442298136,000003CF,false,Rx,0,8,69,00,A3,A3,A3,A3,A3,A3,
442564425,000003AF,false,Rx,0,8,B9,00,00,00,00,00,00,00,
442802160,000003CF,false,Rx,0,8,69,00,A3,A3,A3,A3,A3,A3,
443064568,000003AF,false,Rx,0,8,B9,00,00,00,00,00,00,00,
443306126,000003CF,false,Rx,0,8,69,00,A3,A3,A3,A3,A3,A3,
443564692,000003AF,false,Rx,0,8,B9,00,00,00,00,00,00,00,
443810096,000003CF,false,Rx,0,8,69,00,A3,A3,A3,A3,A3,A3,
444064939,000003AF,false,Rx,0,8,B9,00,00,00,00,00,00,00,
444313985,000003CF,false,Rx,0,8,69,00,A3,A3,A3,A3,A3,A3,
444564961,000003AF,false,Rx,0,8,B9,00,00,00,00,00,00,00,
444817880,000003CF,false,Rx,0,8,69,00,A3,A3,A3,A3,A3,A3,
445065124,000003AF,false,Rx,0,8,B9,00,00,00,00,00,00,00,
445321869,000003CF,false,Rx,0,8,69,00,A3,A3,A3,A3,A3,A3,
445565329,000003AF,false,Rx,0,8,B9,00,00,00,00,00,00,00,
445825944,000003CF,false,Rx,0,8,69,00,A3,A3,A3,A3,A3,A3,
446065412,000003AF,false,Rx,0,8,B9,00,00,00,00,00,00,00,
446329899,000003CF,false,Rx,0,8,69,00,A3,A3,A3,A3,A3,A3,
446565548,000003AF,false,Rx,0,8,B9,00,00,00,00,00,00,00,
446833658,000003CF,false,Rx,0,8,69,00,A3,A3,A3,A3,A3,A3,
447065643,000003AF,false,Rx,0,8,B9,00,00,00,00,00,00,00,
447337757,000003CF,false,Rx,0,8,69,00,A3,A3,A3,A3,A3,A3,
447565690,000003AF,false,Rx,0,8,B9,00,00,00,00,00,00,00,
447841620,000003CF,false,Rx,0,8,69,00,A3,A3,A3,A3,A3,A3,
448065944,000003AF,false,Rx,0,8,B9,00,00,00,00,00,00,00,
448345760,000003CF,false,Rx,0,8,69,00,A3,A3,A3,A3,A3,A3,
448566125,000003AF,false,Rx,0,8,B9,00,00,00,00,00,00,00,
448849605,000003CF,false,Rx,0,8,69,00,A3,A3,A3,A3,A3,A3,
449066234,000003AF,false,Rx,0,8,B9,00,00,00,00,00,00,00,
449353656,000003CF,false,Rx,0,8,69,00,A3,A3,A3,A3,A3,A3,
449566231,000003AF,false,Rx,0,8,B9,00,00,00,00,00,00,00,
449857441,000003CF,false,Rx,0,8,69,00,A3,A3,A3,A3,A3,A3,
450066570,000003AF,false,Rx,0,8,B9,00,00,00,00,00,00,00,
450361570,000003CF,false,Rx,0,8,69,00,A3,A3,A3,A3,A3,A3,
450566612,000003AF,false,Rx,0,8,B9,00,00,00,00,00,00,00,
450865450,000003CF,false,Rx,0,8,69,00,A3,A3,A3,A3,A3,A3,
451066855,000003AF,false,Rx,0,8,B9,00,00,00,00,00,00,00,
451369315,000003CF,false,Rx,0,8,69,00,A3,A3,A3,A3,A3,A3,
451566930,000003AF,false,Rx,0,8,B9,00,00,00,00,00,00,00,
451873318,000003CF,false,Rx,0,8,69,00,A3,A3,A3,A3,A3,A3,
452067047,000003AF,false,Rx,0,8,B9,00,00,00,00,00,00,00,
452377363,000003CF,false,Rx,0,8,69,00,A3,A3,A3,A3,A3,A3,
452567225,000003AF,false,Rx,0,8,B9,00,00,00,00,00,00,00,
452881277,000003CF,false,Rx,0,8,69,00,A3,A3,A3,A3,A3,A3,
453067306,000003AF,false,Rx,0,8,B9,00,00,00,00,00,00,00,
453385191,000003CF,false,Rx,0,8,69,00,A3,A3,A3,A3,A3,A3,
453567493,000003AF,false,Rx,0,8,B9,00,00,00,00,00,00,00,
453889148,000003CF,false,Rx,0,8,69,00,A3,A3,A3,A3,A3,A3,
454067674,000003AF,false,Rx,0,8,B9,00,00,00,00,00,00,00,
454393126,000003CF,false,Rx,0,8,69,00,A3,A3,A3,A3,A3,A3,
454567850,000003AF,false,Rx,0,8,B9,00,00,00,00,00,00,00,
454897091,000003CF,false,Rx,0,8,69,00,A3,A3,A3,A3,A3,A3,
455067908,000003AF,false,Rx,0,8,B9,00,00,00,00,00,00,00,
455400988,000003CF,false,Rx,0,8,69,00,A3,A3,A3,A3,A3,A3,
455567886,000003AF,false,Rx,0,8,B9,00,00,00,00,00,00,00,
455905087,000003CF,false,Rx,0,8,69,00,A3,A3,A3,A3,A3,A3,
456068019,000003AF,false,Rx,0,8,B9,00,00,00,00,00,00,00,
456409044,000003CF,false,Rx,0,8,69,00,A3,A3,A3,A3,A3,A3,
456568368,000003AF,false,Rx,0,8,B9,00,00,00,00,00,00,00,
456912962,000003CF,false,Rx,0,8,69,00,A3,A3,A3,A3,A3,A3,
457068397,000003AF,false,Rx,0,8,B9,00,00,00,00,00,00,00,
457416963,000003CF,false,Rx,0,8,69,00,A3,A3,A3,A3,A3,A3,
457568595,000003AF,false,Rx,0,8,B9,00,00,00,00,00,00,00,
457920871,000003CF,false,Rx,0,8,69,00,A3,A3,A3,A3,A3,A3,
458068662,000003AF,false,Rx,0,8,B9,00,00,00,00,00,00,00,
458424842,000003CF,false,Rx,0,8,69,00,A3,A3,A3,A3,A3,A3,
458568763,000003AF,false,Rx,0,8,B9,00,00,00,00,00,00,00,
458928834,000003CF,false,Rx,0,8,69,00,A3,A3,A3,A3,A3,A3,
459068919,000003AF,false,Rx,0,8,B9,00,00,00,00,00,00,00,
459432639,000003CF,false,Rx,0,8,69,00,A3,A3,A3,A3,A3,A3,
459569105,000003AF,false,Rx,0,8,B9,00,00,00,00,00,00,00,
459936734,000003CF,false,Rx,0,8,69,00,A3,A3,A3,A3,A3,A3,
460069081,000003AF,false,Rx,0,8,B9,00,00,00,00,00,00,00,
460440504,000003CF,false,Rx,0,8,69,00,A3,A3,A3,A3,A3,A3,
460569346,000003AF,false,Rx,0,8,B9,00,00,00,00,00,00,00,
460944582,000003CF,false,Rx,0,8,69,00,A3,A3,A3,A3,A3,A3,
461069520,000003AF,false,Rx,0,8,B9,00,00,00,00,00,00,00,
461448627,000003CF,false,Rx,0,8,69,00,A3,A3,A3,A3,A3,A3,
461569524,000003AF,false,Rx,0,8,B9,00,00,00,00,00,00,00,
461952484,000003CF,false,Rx,0,8,69,00,A3,A3,A3,A3,A3,A3,
462069818,000003AF,false,Rx,0,8,B9,00,00,00,00,00,00,00,
462456415,000003CF,false,Rx,0,8,69,00,A3,A3,A3,A3,A3,A3,
462569811,000003AF,false,Rx,0,8,B9,00,00,00,00,00,00,00,
462960458,000003CF,false,Rx,0,8,69,00,A3,A3,A3,A3,A3,A3,
463070037,000003AF,false,Rx,0,8,B9,00,00,00,00,00,00,00,
463464371,000003CF,false,Rx,0,8,69,00,A3,A3,A3,A3,A3,A3,
463570155,000003AF,false,Rx,0,8,B9,00,00,00,00,00,00,00,
463968187,000003CF,false,Rx,0,8,69,00,A3,A3,A3,A3,A3,A3,
464070357,000003AF,false,Rx,0,8,B9,00,00,00,00,00,00,00,
464472466,000003CF,false,Rx,0,8,69,00,A3,A3,A3,A3,A3,A3,
464570456,000003AF,false,Rx,0,8,B9,00,00,00,00,00,00,00,
464977836,000003CF,false,Rx,0,8,69,00,A3,A3,A3,A3,A3,A3,
465070526,000003AF,false,Rx,0,8,B9,00,00,00,00,00,00,00,
465480124,000003CF,false,Rx,0,8,69,00,A3,A3,A3,A3,A3,A3,
465570793,000003AF,false,Rx,0,8,B9,00,00,00,00,00,00,00,
465984268,000003CF,false,Rx,0,8,69,00,A3,A3,A3,A3,A3,A3,
466070806,000003AF,false,Rx,0,8,B9,00,00,00,00,00,00,00,
466489544,000003CF,false,Rx,0,8,69,00,A3,A3,A3,A3,A3,A3,
466570881,000003AF,false,Rx,0,8,B9,00,00,00,00,00,00,00,
466994985,000003CF,false,Rx,0,8,69,00,A3,A3,A3,A3,A3,A3,
467071235,000003AF,false,Rx,0,8,B9,00,00,00,00,00,00,00,
467496072,000003CF,false,Rx,0,8,69,00,A3,A3,A3,A3,A3,A3,
467571302,000003AF,false,Rx,0,8,B9,00,00,00,00,00,00,00,
467999963,000003CF,false,Rx,0,8,69,00,A3,A3,A3,A3,A3,A3,
468071308,000003AF,false,Rx,0,8,B9,00,00,00,00,00,00,00,
468503856,000003CF,false,Rx,0,8,69,00,A3,A3,A3,A3,A3,A3,
468571628,000003AF,false,Rx,0,8,B9,00,00,00,00,00,00,00,
469007927,000003CF,false,Rx,0,8,69,00,A3,A3,A3,A3,A3,A3,
469071600,000003AF,false,Rx,0,8,B9,00,00,00,00,00,00,00,
469511905,000003CF,false,Rx,0,8,69,00,A3,A3,A3,A3,A3,A3,
469571872,000003AF,false,Rx,0,8,B9,00,00,00,00,00,00,00,
470015637,000003CF,false,Rx,0,8,69,00,A3,A3,A3,A3,A3,A3,
470071982,000003AF,false,Rx,0,8,B9,00,00,00,00,00,00,00,
470519909,000003CF,false,Rx,0,8,69,00,A3,A3,A3,A3,A3,A3,
470572089,000003AF,false,Rx,0,8,B9,00,00,00,00,00,00,00,
471023639,000003CF,false,Rx,0,8,69,00,A3,A3,A3,A3,A3,A3,
471072188,000003AF,false,Rx,0,8,B9,00,00,00,00,00,00,00,
471527672,000003CF,false,Rx,0,8,69,00,A3,A3,A3,A3,A3,A3,
471572391,000003AF,false,Rx,0,8,B9,00,00,00,00,00,00,00,
472031709,000003CF,false,Rx,0,8,69,00,A3,A3,A3,A3,A3,A3,
472072554,000003AF,false,Rx,0,8,B9,00,00,00,00,00,00,00,
472535603,000003CF,false,Rx,0,8,69,00,A3,A3,A3,A3,A3,A3,
472572664,000003AF,false,Rx,0,8,B9,00,00,00,00,00,00,00,
473039569,000003CF,false,Rx,0,8,69,00,A3,A3,A3,A3,A3,A3,
473072770,000003AF,false,Rx,0,8,B9,00,00,00,00,00,00,00,
473543694,000003CF,false,Rx,0,8,69,00,A3,A3,A3,A3,A3,A3,
473572870,000003AF,false,Rx,0,8,B9,00,00,00,00,00,00,00,
474047523,000003CF,false,Rx,0,8,69,00,A3,A3,A3,A3,A3,A3,
474073025,000003AF,false,Rx,0,8,B9,00,00,00,00,00,00,00,
474551468,000003CF,false,Rx,0,8,69,00,A3,A3,A3,A3,A3,A3,
474573200,000003AF,false,Rx,0,8,B9,00,00,00,00,00,00,00,
475055512,000003CF,false,Rx,0,8,69,00,A3,A3,A3,A3,A3,A3,
475073281,000003AF,false,Rx,0,8,B9,00,00,00,00,00,00,00,
475559291,000003CF,false,Rx,0,8,69,00,A3,A3,A3,A3,A3,A3,
475573554,000003AF,false,Rx,0,8,B9,00,00,00,00,00,00,00,
476063214,000003CF,false,Rx,0,8,69,00,A3,A3,A3,A3,A3,A3,
476075243,000003AF,false,Rx,0,8,B9,00,00,00,00,00,00,00,
476567287,000003CF,false,Rx,0,8,69,00,A3,A3,A3,A3,A3,A3,
476573563,000003AF,false,Rx,0,8,B9,00,00,00,00,00,00,00,
477071322,000003CF,false,Rx,0,8,69,00,A3,A3,A3,A3,A3,A3,
477073878,000003AF,false,Rx,0,8,B9,00,00,00,00,00,00,00,
477574004,000003AF,false,Rx,0,8,B9,00,00,00,00,00,00,00,
477574995,000003CF,false,Rx,0,8,69,00,A3,A3,A3,A3,A3,A3,
478074172,000003AF,false,Rx,0,8,B9,00,00,00,00,00,00,00,
478079026,000003CF,false,Rx,0,8,69,00,A3,A3,A3,A3,A3,A3,
478574398,000003AF,false,Rx,0,8,B9,00,00,00,00,00,00,00,
478583015,000003CF,false,Rx,0,8,69,00,A3,A3,A3,A3,A3,A3,
479074455,000003AF,false,Rx,0,8,B9,00,00,00,00,00,00,00,
479087017,000003CF,false,Rx,0,8,69,00,A3,A3,A3,A3,A3,A3,
479574548,000003AF,false,Rx,0,8,B9,00,00,00,00,00,00,00,
479593013,000003CF,false,Rx,0,8,69,00,A3,A3,A3,A3,A3,A3,
480074730,000003AF,false,Rx,0,8,B9,00,00,00,00,00,00,00,
480095079,000003CF,false,Rx,0,8,69,00,A3,A3,A3,A3,A3,A3,
480574909,000003AF,false,Rx,0,8,B9,00,00,00,00,00,00,00,
480598811,000003CF,false,Rx,0,8,69,00,A3,A3,A3,A3,A3,A3,
481074949,000003AF,false,Rx,0,8,B9,00,00,00,00,00,00,00,
481102850,000003CF,false,Rx,0,8,69,00,A3,A3,A3,A3,A3,A3,
481575044,000003AF,false,Rx,0,8,B9,00,00,00,00,00,00,00,
481606753,000003CF,false,Rx,0,8,69,00,A3,A3,A3,A3,A3,A3,
482075249,000003AF,false,Rx,0,8,B9,00,00,00,00,00,00,00,
482110770,000003CF,false,Rx,0,8,69,00,A3,A3,A3,A3,A3,A3,
482575364,000003AF,false,Rx,0,8,B9,00,00,00,00,00,00,00,
482614713,000003CF,false,Rx,0,8,69,00,A3,A3,A3,A3,A3,A3,
483075504,000003AF,false,Rx,0,8,B9,00,00,00,00,00,00,00,
483118573,000003CF,false,Rx,0,8,69,00,A3,A3,A3,A3,A3,A3,
483575638,000003AF,false,Rx,0,8,B9,00,00,00,00,00,00,00,
483622699,000003CF,false,Rx,0,8,69,00,A3,A3,A3,A3,A3,A3,
484075816,000003AF,false,Rx,0,8,B9,00,00,00,00,00,00,00,
484126598,000003CF,false,Rx,0,8,69,00,A3,A3,A3,A3,A3,A3,
484575853,000003AF,false,Rx,0,8,B9,00,00,00,00,00,00,00,
484630515,000003CF,false,Rx,0,8,69,00,A3,A3,A3,A3,A3,A3,
485075924,000003AF,false,Rx,0,8,B9,00,00,00,00,00,00,00,
485134509,000003CF,false,Rx,0,8,69,00,A3,A3,A3,A3,A3,A3,
485576245,000003AF,false,Rx,0,8,B9,00,00,00,00,00,00,00,
485638513,000003CF,false,Rx,0,8,69,00,A3,A3,A3,A3,A3,A3,
486076299,000003AF,false,Rx,0,8,B9,00,00,00,00,00,00,00,
486142393,000003CF,false,Rx,0,8,69,00,A3,A3,A3,A3,A3,A3,
486576511,000003AF,false,Rx,0,8,B9,00,00,00,00,00,00,00,
486646231,000003CF,false,Rx,0,8,69,00,A3,A3,A3,A3,A3,A3,
487076624,000003AF,false,Rx,0,8,B9,00,00,00,00,00,00,00,
487150206,000003CF,false,Rx,0,8,69,00,A3,A3,A3,A3,A3,A3,
487576674,000003AF,false,Rx,0,8,B9,00,00,00,00,00,00,00,
487654272,000003CF,false,Rx,0,8,69,00,A3,A3,A3,A3,A3,A3,
488076962,000003AF,false,Rx,0,8,B9,00,00,00,00,00,00,00,
488158203,000003CF,false,Rx,0,8,69,00,A3,A3,A3,A3,A3,A3,
488577041,000003AF,false,Rx,0,8,B9,00,00,00,00,00,00,00,
488662175,000003CF,false,Rx,0,8,69,00,A3,A3,A3,A3,A3,A3,
489077128,000003AF,false,Rx,0,8,B9,00,00,00,00,00,00,00,
489166210,000003CF,false,Rx,0,8,69,00,A3,A3,A3,A3,A3,A3,
489577347,000003AF,false,Rx,0,8,B9,00,00,00,00,00,00,00,
489670055,000003CF,false,Rx,0,8,69,00,A3,A3,A3,A3,A3,A3,
490077468,000003AF,false,Rx,0,8,B9,00,00,00,00,00,00,00,
490174166,000003CF,false,Rx,0,8,69,00,A3,A3,A3,A3,A3,A3,
490577451,000003AF,false,Rx,0,8,B9,00,00,00,00,00,00,00,
490677980,000003CF,false,Rx,0,8,69,00,A3,A3,A3,A3,A3,A3,
491077728,000003AF,false,Rx,0,8,B9,00,00,00,00,00,00,00,
491184879,000003CF,false,Rx,0,8,69,00,A3,A3,A3,A3,A3,A3,
491577839,000003AF,false,Rx,0,8,B9,00,00,00,00,00,00,00,
491685878,000003CF,false,Rx,0,8,69,00,A3,A3,A3,A3,A3,A3,
492078045,000003AF,false,Rx,0,8,B9,00,00,00,00,00,00,00,
492189870,000003CF,false,Rx,0,8,69,00,A3,A3,A3,A3,A3,A3,
492578155,000003AF,false,Rx,0,8,B9,00,00,00,00,00,00,00,
492693921,000003CF,false,Rx,0,8,69,00,A3,A3,A3,A3,A3,A3,
493078348,000003AF,false,Rx,0,8,B9,00,00,00,00,00,00,00,
493197684,000003CF,false,Rx,0,8,69,00,A3,A3,A3,A3,A3,A3,
493578472,000003AF,false,Rx,0,8,B9,00,00,00,00,00,00,00,
493701740,000003CF,false,Rx,0,8,69,00,A3,A3,A3,A3,A3,A3,
494078432,000003AF,false,Rx,0,8,B9,00,00,00,00,00,00,00,
494205718,000003CF,false,Rx,0,8,69,00,A3,A3,A3,A3,A3,A3,
494578682,000003AF,false,Rx,0,8,B9,00,00,00,00,00,00,00,
494709706,000003CF,false,Rx,0,8,69,00,A3,A3,A3,A3,A3,A3,
495078743,000003AF,false,Rx,0,8,B9,00,00,00,00,00,00,00,
495213739,000003CF,false,Rx,0,8,69,00,A3,A3,A3,A3,A3,A3,
495578969,000003AF,false,Rx,0,8,B9,00,00,00,00,00,00,00,
495717588,000003CF,false,Rx,0,8,69,00,A3,A3,A3,A3,A3,A3,
496079012,000003AF,false,Rx,0,8,B9,00,00,00,00,00,00,00,
496221465,000003CF,false,Rx,0,8,69,00,A3,A3,A3,A3,A3,A3,
496579190,000003AF,false,Rx,0,8,B9,00,00,00,00,00,00,00,
496725664,000003CF,false,Rx,0,8,69,00,A3,A3,A3,A3,A3,A3,
497079243,000003AF,false,Rx,0,8,B9,00,00,00,00,00,00,00,
497230488,000003CF,false,Rx,0,8,69,00,A3,A3,A3,A3,A3,A3,
497579404,000003AF,false,Rx,0,8,B9,00,00,00,00,00,00,00,
497733311,000003CF,false,Rx,0,8,69,00,A3,A3,A3,A3,A3,A3,
498079548,000003AF,false,Rx,0,8,B9,00,00,00,00,00,00,00,
498237399,000003CF,false,Rx,0,8,69,00,A3,A3,A3,A3,A3,A3,
498579828,000003AF,false,Rx,0,8,B9,00,00,00,00,00,00,00,
498742419,000003CF,false,Rx,0,8,69,00,A3,A3,A3,A3,A3,A3,
499079948,000003AF,false,Rx,0,8,B9,00,00,00,00,00,00,00,
499248103,000003CF,false,Rx,0,8,69,00,A3,A3,A3,A3,A3,A3,
499579920,000003AF,false,Rx,0,8,B9,00,00,00,00,00,00,00,
499749217,000003CF,false,Rx,0,8,69,00,A3,A3,A3,A3,A3,A3,
500080226,000003AF,false,Rx,0,8,B9,00,00,00,00,00,00,00,
500253255,000003CF,false,Rx,0,8,69,00,A3,A3,A3,A3,A3,A3,
500580252,000003AF,false,Rx,0,8,B9,00,00,00,00,00,00,00,
500757087,000003CF,false,Rx,0,8,69,00,A3,A3,A3,A3,A3,A3,
501080296,000003AF,false,Rx,0,8,B9,00,00,00,00,00,00,00,
501261122,000003CF,false,Rx,0,8,69,00,A3,A3,A3,A3,A3,A3,
501580528,000003AF,false,Rx,0,8,B9,00,00,00,00,00,00,00,
501765073,000003CF,false,Rx,0,8,69,00,A3,A3,A3,A3,A3,A3,
502080657,000003AF,false,Rx,0,8,B9,00,00,00,00,00,00,00,
502268979,000003CF,false,Rx,0,8,69,00,A3,A3,A3,A3,A3,A3,
502580873,000003AF,false,Rx,0,8,B9,00,00,00,00,00,00,00,
502772837,000003CF,false,Rx,0,8,69,00,A3,A3,A3,A3,A3,A3,
503080837,000003AF,false,Rx,0,8,B9,00,00,00,00,00,00,00,
503276940,000003CF,false,Rx,0,8,69,00,A3,A3,A3,A3,A3,A3,
503581161,000003AF,false,Rx,0,8,B9,00,00,00,00,00,00,00,
503780903,000003CF,false,Rx,0,8,69,00,A3,A3,A3,A3,A3,A3,
504081140,000003AF,false,Rx,0,8,B9,00,00,00,00,00,00,00,
504284924,000003CF,false,Rx,0,8,69,00,A3,A3,A3,A3,A3,A3,
504581281,000003AF,false,Rx,0,8,B9,00,00,00,00,00,00,00,
504788744,000003CF,false,Rx,0,8,69,00,A3,A3,A3,A3,A3,A3,
505081496,000003AF,false,Rx,0,8,B9,00,00,00,00,00,00,00,
505292805,000003CF,false,Rx,0,8,69,00,A3,A3,A3,A3,A3,A3,
505581650,000003AF,false,Rx,0,8,B9,00,00,00,00,00,00,00,
505796666,000003CF,false,Rx,0,8,69,00,A3,A3,A3,A3,A3,A3,
506081679,000003AF,false,Rx,0,8,B9,00,00,00,00,00,00,00,
506300645,000003CF,false,Rx,0,8,69,00,A3,A3,A3,A3,A3,A3,
506581952,000003AF,false,Rx,0,8,B9,00,00,00,00,00,00,00,
506804693,000003CF,false,Rx,0,8,69,00,A3,A3,A3,A3,A3,A3,
507082040,000003AF,false,Rx,0,8,B9,00,00,00,00,00,00,00,
507308570,000003CF,false,Rx,0,8,69,00,A3,A3,A3,A3,A3,A3,
507582200,000003AF,false,Rx,0,8,B9,00,00,00,00,00,00,00,
507812535,000003CF,false,Rx,0,8,69,00,A3,A3,A3,A3,A3,A3,
508082411,000003AF,false,Rx,0,8,B9,00,00,00,00,00,00,00,
508316513,000003CF,false,Rx,0,8,69,00,A3,A3,A3,A3,A3,A3,
508582525,000003AF,false,Rx,0,8,B9,00,00,00,00,00,00,00,
508820320,000003CF,false,Rx,0,8,69,00,A3,A3,A3,A3,A3,A3,
509082600,000003AF,false,Rx,0,8,B9,00,00,00,00,00,00,00,
509324401,000003CF,false,Rx,0,8,69,00,A3,A3,A3,A3,A3,A3,
509582681,000003AF,false,Rx,0,8,B9,00,00,00,00,00,00,00,
509828294,000003CF,false,Rx,0,8,69,00,A3,A3,A3,A3,A3,A3,
510082849,000003AF,false,Rx,0,8,B9,00,00,00,00,00,00,00,
510332208,000003CF,false,Rx,0,8,69,00,A3,A3,A3,A3,A3,A3,
510583020,000003AF,false,Rx,0,8,B9,00,00,00,00,00,00,00,
510836131,000003CF,false,Rx,0,8,69,00,A3,A3,A3,A3,A3,A3,
511083198,000003AF,false,Rx,0,8,B9,00,00,00,00,00,00,00,
511340263,000003CF,false,Rx,0,8,69,00,A3,A3,A3,A3,A3,A3,
511583276,000003AF,false,Rx,0,8,B9,00,00,00,00,00,00,00,
511844197,000003CF,false,Rx,0,8,69,00,A3,A3,A3,A3,A3,A3,
512083363,000003AF,false,Rx,0,8,B9,00,00,00,00,00,00,00,
512348005,000003CF,false,Rx,0,8,69,00,A3,A3,A3,A3,A3,A3,
512583659,000003AF,false,Rx,0,8,B9,00,00,00,00,00,00,00,
512852064,000003CF,false,Rx,0,8,69,00,A3,A3,A3,A3,A3,A3,
513083700,000003AF,false,Rx,0,8,B9,00,00,00,00,00,00,00,
513356093,000003CF,false,Rx,0,8,69,00,A3,A3,A3,A3,A3,A3,
513583812,000003AF,false,Rx,0,8,B9,00,00,00,00,00,00,00,
513859857,000003CF,false,Rx,0,8,69,00,A3,A3,A3,A3,A3,A3,
514083945,000003AF,false,Rx,0,8,B9,00,00,00,00,00,00,00,
514364036,000003CF,false,Rx,0,8,69,00,A3,A3,A3,A3,A3,A3,
514584153,000003AF,false,Rx,0,8,B9,00,00,00,00,00,00,00,
514868000,000003CF,false,Rx,0,8,69,00,A3,A3,A3,A3,A3,A3,
515084322,000003AF,false,Rx,0,8,B9,00,00,00,00,00,00,00,
515371886,000003CF,false,Rx,0,8,69,00,A3,A3,A3,A3,A3,A3,
515584379,000003AF,false,Rx,0,8,B9,00,00,00,00,00,00,00,
515875730,000003CF,false,Rx,0,8,69,00,A3,A3,A3,A3,A3,A3,
516084442,000003AF,false,Rx,0,8,B9,00,00,00,00,00,00,00,
516379865,000003CF,false,Rx,0,8,69,00,A3,A3,A3,A3,A3,A3,
516584736,000003AF,false,Rx,0,8,B9,00,00,00,00,00,00,00,
516883958,000003CF,false,Rx,0,8,69,00,A3,A3,A3,A3,A3,A3,
517084781,000003AF,false,Rx,0,8,B9,00,00,00,00,00,00,00,
517387725,000003CF,false,Rx,0,8,69,00,A3,A3,A3,A3,A3,A3,
517584966,000003AF,false,Rx,0,8,B9,00,00,00,00,00,00,00,
517891624,000003CF,false,Rx,0,8,69,00,A3,A3,A3,A3,A3,A3,
518085141,000003AF,false,Rx,0,8,B9,00,00,00,00,00,00,00,
518395656,000003CF,false,Rx,0,8,69,00,A3,A3,A3,A3,A3,A3,
518585231,000003AF,false,Rx,0,8,B9,00,00,00,00,00,00,00,
518899631,000003CF,false,Rx,0,8,69,00,A3,A3,A3,A3,A3,A3,
519085427,000003AF,false,Rx,0,8,B9,00,00,00,00,00,00,00,
519403605,000003CF,false,Rx,0,8,69,00,A3,A3,A3,A3,A3,A3,
519585577,000003AF,false,Rx,0,8,B9,00,00,00,00,00,00,00,
519907442,000003CF,false,Rx,0,8,69,00,A3,A3,A3,A3,A3,A3,
520085652,000003AF,false,Rx,0,8,B9,00,00,00,00,00,00,00,
520411502,000003CF,false,Rx,0,8,69,00,A3,A3,A3,A3,A3,A3,
520585813,000003AF,false,Rx,0,8,B9,00,00,00,00,00,00,00,
520915274,000003CF,false,Rx,0,8,69,00,A3,A3,A3,A3,A3,A3,
521085946,000003AF,false,Rx,0,8,B9,00,00,00,00,00,00,00,
521419329,000003CF,false,Rx,0,8,69,00,A3,A3,A3,A3,A3,A3,
521585997,000003AF,false,Rx,0,8,B9,00,00,00,00,00,00,00,
521923356,000003CF,false,Rx,0,8,69,00,A3,A3,A3,A3,A3,A3,
522086133,000003AF,false,Rx,0,8,B9,00,00,00,00,00,00,00,
522427330,000003CF,false,Rx,0,8,69,00,A3,A3,A3,A3,A3,A3,
522586311,000003AF,false,Rx,0,8,B9,00,00,00,00,00,00,00,
522931219,000003CF,false,Rx,0,8,69,00,A3,A3,A3,A3,A3,A3,
523086345,000003AF,false,Rx,0,8,B9,00,00,00,00,00,00,00,
523435244,000003CF,false,Rx,0,8,69,00,A3,A3,A3,A3,A3,A3,
523586632,000003AF,false,Rx,0,8,B9,00,00,00,00,00,00,00,
523939226,000003CF,false,Rx,0,8,69,00,A3,A3,A3,A3,A3,A3,
524086777,000003AF,false,Rx,0,8,B9,00,00,00,00,00,00,00,
524443123,000003CF,false,Rx,0,8,69,00,A3,A3,A3,A3,A3,A3,
524586780,000003AF,false,Rx,0,8,B9,00,00,00,00,00,00,00,
524947101,000003CF,false,Rx,0,8,69,00,A3,A3,A3,A3,A3,A3,
525086965,000003AF,false,Rx,0,8,B9,00,00,00,00,00,00,00,
525451006,000003CF,false,Rx,0,8,69,00,A3,A3,A3,A3,A3,A3,
525587118,000003AF,false,Rx,0,8,B9,00,00,00,00,00,00,00,
525954879,000003CF,false,Rx,0,8,69,00,A3,A3,A3,A3,A3,A3,
526087257,000003AF,false,Rx,0,8,B9,00,00,00,00,00,00,00,
526459051,000003CF,false,Rx,0,8,69,00,A3,A3,A3,A3,A3,A3,
526587357,000003AF,false,Rx,0,8,B9,00,00,00,00,00,00,00,
526962808,000003CF,false,Rx,0,8,69,00,A3,A3,A3,A3,A3,A3,
527087592,000003AF,false,Rx,0,8,B9,00,00,00,00,00,00,00,
527466755,000003CF,false,Rx,0,8,69,00,A3,A3,A3,A3,A3,A3,
527587668,000003AF,false,Rx,0,8,B9,00,00,00,00,00,00,00,
527970731,000003CF,false,Rx,0,8,69,00,A3,A3,A3,A3,A3,A3,
528087851,000003AF,false,Rx,0,8,B9,00,00,00,00,00,00,00,
528474910,000003CF,false,Rx,0,8,69,00,A3,A3,A3,A3,A3,A3,
528588019,000003AF,false,Rx,0,8,B9,00,00,00,00,00,00,00,
528978691,000003CF,false,Rx,0,8,69,00,A3,A3,A3,A3,A3,A3,
529088122,000003AF,false,Rx,0,8,B9,00,00,00,00,00,00,00,
529482734,000003CF,false,Rx,0,8,69,00,A3,A3,A3,A3,A3,A3,
529588256,000003AF,false,Rx,0,8,B9,00,00,00,00,00,00,00,
529986561,000003CF,false,Rx,0,8,69,00,A3,A3,A3,A3,A3,A3,
530088384,000003AF,false,Rx,0,8,B9,00,00,00,00,00,00,00,
530490471,000003CF,false,Rx,0,8,69,00,A3,A3,A3,A3,A3,A3,
530588535,000003AF,false,Rx,0,8,B9,00,00,00,00,00,00,00,
530996352,000003CF,false,Rx,0,8,69,00,A3,A3,A3,A3,A3,A3,
531088620,000003AF,false,Rx,0,8,B9,00,00,00,00,00,00,00,
531501436,000003CF,false,Rx,0,8,69,00,A3,A3,A3,A3,A3,A3,
531588758,000003AF,false,Rx,0,8,B9,00,00,00,00,00,00,00,
532002435,000003CF,false,Rx,0,8,69,00,A3,A3,A3,A3,A3,A3,
532088937,000003AF,false,Rx,0,8,B9,00,00,00,00,00,00,00,
532506441,000003CF,false,Rx,0,8,69,00,A3,A3,A3,A3,A3,A3,
532588909,000003AF,false,Rx,0,8,B9,00,00,00,00,00,00,00,
533010338,000003CF,false,Rx,0,8,69,00,A3,A3,A3,A3,A3,A3,
533089226,000003AF,false,Rx,0,8,B9,00,00,00,00,00,00,00,
533514313,000003CF,false,Rx,0,8,69,00,A3,A3,A3,A3,A3,A3,
533589290,000003AF,false,Rx,0,8,B9,00,00,00,00,00,00,00,
534018123,000003CF,false,Rx,0,8,69,00,A3,A3,A3,A3,A3,A3,
534089529,000003AF,false,Rx,0,8,B9,00,00,00,00,00,00,00,
534522109,000003CF,false,Rx,0,8,69,00,A3,A3,A3,A3,A3,A3,
534589643,000003AF,false,Rx,0,8,B9,00,00,00,00,00,00,00,
535026183,000003CF,false,Rx,0,8,69,00,A3,A3,A3,A3,A3,A3,
535089769,000003AF,false,Rx,0,8,B9,00,00,00,00,00,00,00,
535530217,000003CF,false,Rx,0,8,69,00,A3,A3,A3,A3,A3,A3,
535589826,000003AF,false,Rx,0,8,B9,00,00,00,00,00,00,00,
536034085,000003CF,false,Rx,0,8,69,00,A3,A3,A3,A3,A3,A3,
536090052,000003AF,false,Rx,0,8,B9,00,00,00,00,00,00,00,
536538111,000003CF,false,Rx,0,8,69,00,A3,A3,A3,A3,A3,A3,
536590146,000003AF,false,Rx,0,8,B9,00,00,00,00,00,00,00,
537041929,000003CF,false,Rx,0,8,69,00,A3,A3,A3,A3,A3,A3,
537090204,000003AF,false,Rx,0,8,B9,00,00,00,00,00,00,00,
537546019,000003CF,false,Rx,0,8,69,00,A3,A3,A3,A3,A3,A3,
537590504,000003AF,false,Rx,0,8,B9,00,00,00,00,00,00,00,
538049866,000003CF,false,Rx,0,8,69,00,A3,A3,A3,A3,A3,A3,
538090505,000003AF,false,Rx,0,8,B9,00,00,00,00,00,00,00,
538553771,000003CF,false,Rx,0,8,69,00,A3,A3,A3,A3,A3,A3,
538590801,000003AF,false,Rx,0,8,B9,00,00,00,00,00,00,00,
539057908,000003CF,false,Rx,0,8,69,00,A3,A3,A3,A3,A3,A3,
539090869,000003AF,false,Rx,0,8,B9,00,00,00,00,00,00,00,
539561700,000003CF,false,Rx,0,8,69,00,A3,A3,A3,A3,A3,A3,
539591003,000003AF,false,Rx,0,8,B9,00,00,00,00,00,00,00,
540065605,000003CF,false,Rx,0,8,69,00,A3,A3,A3,A3,A3,A3,
540091172,000003AF,false,Rx,0,8,B9,00,00,00,00,00,00,00,
540569721,000003CF,false,Rx,0,8,69,00,A3,A3,A3,A3,A3,A3,
540591284,000003AF,false,Rx,0,8,B9,00,00,00,00,00,00,00,
541073509,000003CF,false,Rx,0,8,69,00,A3,A3,A3,A3,A3,A3,
541091449,000003AF,false,Rx,0,8,B9,00,00,00,00,00,00,00,
541577665,000003CF,false,Rx,0,8,69,00,A3,A3,A3,A3,A3,A3,
541591463,000003AF,false,Rx,0,8,B9,00,00,00,00,00,00,00,
542081420,000003CF,false,Rx,0,8,69,00,A3,A3,A3,A3,A3,A3,
542091728,000003AF,false,Rx,0,8,B9,00,00,00,00,00,00,00,
542585521,000003CF,false,Rx,0,8,69,00,A3,A3,A3,A3,A3,A3,
542591807,000003AF,false,Rx,0,8,B9,00,00,00,00,00,00,00,
543089345,000003CF,false,Rx,0,8,69,00,A3,A3,A3,A3,A3,A3,
543094262,000003AF,false,Rx,0,8,B9,00,00,00,00,00,00,00,
543592031,000003AF,false,Rx,0,8,B9,00,00,00,00,00,00,00,
543593416,000003CF,false,Rx,0,8,69,00,A3,A3,A3,A3,A3,A3,
544092277,000003AF,false,Rx,0,8,B9,00,00,00,00,00,00,00,
544098949,000003CF,false,Rx,0,8,69,00,A3,A3,A3,A3,A3,A3,
544592346,000003AF,false,Rx,0,8,B9,00,00,00,00,00,00,00,
544601400,000003CF,false,Rx,0,8,69,00,A3,A3,A3,A3,A3,A3,
545092496,000003AF,false,Rx,0,8,B9,00,00,00,00,00,00,00,
545105314,000003CF,false,Rx,0,8,69,00,A3,A3,A3,A3,A3,A3,
545592576,000003AF,false,Rx,0,8,B9,00,00,00,00,00,00,00,
545609135,000003CF,false,Rx,0,8,69,00,A3,A3,A3,A3,A3,A3,
546092822,000003AF,false,Rx,0,8,B9,00,00,00,00,00,00,00,
546113231,000003CF,false,Rx,0,8,69,00,A3,A3,A3,A3,A3,A3,
546592959,000003AF,false,Rx,0,8,B9,00,00,00,00,00,00,00,
546617085,000003CF,false,Rx,0,8,69,00,A3,A3,A3,A3,A3,A3,
547092996,000003AF,false,Rx,0,8,B9,00,00,00,00,00,00,00,
547121149,000003CF,false,Rx,0,8,69,00,A3,A3,A3,A3,A3,A3,
547593112,000003AF,false,Rx,0,8,B9,00,00,00,00,00,00,00,
547625020,000003CF,false,Rx,0,8,69,00,A3,A3,A3,A3,A3,A3,
548093350,000003AF,false,Rx,0,8,B9,00,00,00,00,00,00,00,
548129146,000003CF,false,Rx,0,8,69,00,A3,A3,A3,A3,A3,A3,
548593605,000003AF,false,Rx,0,8,B9,00,00,00,00,00,00,00,
548632981,000003CF,false,Rx,0,8,69,00,A3,A3,A3,A3,A3,A3,
549093646,000003AF,false,Rx,0,8,B9,00,00,00,00,00,00,00,
549136936,000003CF,false,Rx,0,8,69,00,A3,A3,A3,A3,A3,A3,
549593831,000003AF,false,Rx,0,8,B9,00,00,00,00,00,00,00,
549640790,000003CF,false,Rx,0,8,69,00,A3,A3,A3,A3,A3,A3,
550093830,000003AF,false,Rx,0,8,B9,00,00,00,00,00,00,00,
550144908,000003CF,false,Rx,0,8,69,00,A3,A3,A3,A3,A3,A3,
550594064,000003AF,false,Rx,0,8,B9,00,00,00,00,00,00,00,
550648922,000003CF,false,Rx,0,8,69,00,A3,A3,A3,A3,A3,A3,
551094192,000003AF,false,Rx,0,8,B9,00,00,00,00,00,00,00,
551152802,000003CF,false,Rx,0,8,69,00,A3,A3,A3,A3,A3,A3,
551594267,000003AF,false,Rx,0,8,B9,00,00,00,00,00,00,00,
551656688,000003CF,false,Rx,0,8,69,00,A3,A3,A3,A3,A3,A3,
552094381,000003AF,false,Rx,0,8,B9,00,00,00,00,00,00,00,
552160767,000003CF,false,Rx,0,8,69,00,A3,A3,A3,A3,A3,A3,
552594599,000003AF,false,Rx,0,8,B9,00,00,00,00,00,00,00,
552664660,000003CF,false,Rx,0,8,69,00,A3,A3,A3,A3,A3,A3,
553094737,000003AF,false,Rx,0,8,B9,00,00,00,00,00,00,00,
553168527,000003CF,false,Rx,0,8,69,00,A3,A3,A3,A3,A3,A3,
553594797,000003AF,false,Rx,0,8,B9,00,00,00,00,00,00,00,
553672527,000003CF,false,Rx,0,8,69,00,A3,A3,A3,A3,A3,A3,
554094822,000003AF,false,Rx,0,8,B9,00,00,00,00,00,00,00,
554176635,000003CF,false,Rx,0,8,69,00,A3,A3,A3,A3,A3,A3,
554595020,000003AF,false,Rx,0,8,B9,00,00,00,00,00,00,00,
554680449,000003CF,false,Rx,0,8,69,00,A3,A3,A3,A3,A3,A3,
555095290,000003AF,false,Rx,0,8,B9,00,00,00,00,00,00,00,
555184362,000003CF,false,Rx,0,8,69,00,A3,A3,A3,A3,A3,A3,
555595368,000003AF,false,Rx,0,8,B9,00,00,00,00,00,00,00,
555688414,000003CF,false,Rx,0,8,69,00,A3,A3,A3,A3,A3,A3,
556095621,000003AF,false,Rx,0,8,B9,00,00,00,00,00,00,00,
556192500,000003CF,false,Rx,0,8,69,00,A3,A3,A3,A3,A3,A3,
556595735,000003AF,false,Rx,0,8,B9,00,00,00,00,00,00,00,
556696183,000003CF,false,Rx,0,8,69,00,A3,A3,A3,A3,A3,A3,
557095831,000003AF,false,Rx,0,8,B9,00,00,00,00,00,00,00,
557200207,000003CF,false,Rx,0,8,69,00,A3,A3,A3,A3,A3,A3,
557595832,000003AF,false,Rx,0,8,B9,00,00,00,00,00,00,00,
557704080,000003CF,false,Rx,0,8,69,00,A3,A3,A3,A3,A3,A3,
558096155,000003AF,false,Rx,0,8,B9,00,00,00,00,00,00,00,
558208042,000003CF,false,Rx,0,8,69,00,A3,A3,A3,A3,A3,A3,
558596188,000003AF,false,Rx,0,8,B9,00,00,00,00,00,00,00,
558712105,000003CF,false,Rx,0,8,69,00,A3,A3,A3,A3,A3,A3,
559096264,000003AF,false,Rx,0,8,B9,00,00,00,00,00,00,00,
559216034,000003CF,false,Rx,0,8,69,00,A3,A3,A3,A3,A3,A3,
559596570,000003AF,false,Rx,0,8,B9,00,00,00,00,00,00,00,
559720025,000003CF,false,Rx,0,8,69,00,A3,A3,A3,A3,A3,A3,
560096737,000003AF,false,Rx,0,8,B9,00,00,00,00,00,00,00,
560223968,000003CF,false,Rx,0,8,69,00,A3,A3,A3,A3,A3,A3,
560596656,000003AF,false,Rx,0,8,B9,00,00,00,00,00,00,00,
560728156,000003CF,false,Rx,0,8,69,00,A3,A3,A3,A3,A3,A3,
561096894,000003AF,false,Rx,0,8,B9,00,00,00,00,00,00,00,
561232011,000003CF,false,Rx,0,8,69,00,A3,A3,A3,A3,A3,A3,
561596946,000003AF,false,Rx,0,8,B9,00,00,00,00,00,00,00,
561735894,000003CF,false,Rx,0,8,69,00,A3,A3,A3,A3,A3,A3,
562097078,000003AF,false,Rx,0,8,B9,00,00,00,00,00,00,00,
562239843,000003CF,false,Rx,0,8,69,00,A3,A3,A3,A3,A3,A3,
562599507,000003AF,false,Rx,0,8,B9,00,00,00,00,00,00,00,
562743792,000003CF,false,Rx,0,8,69,00,A3,A3,A3,A3,A3,A3,
563097448,000003AF,false,Rx,0,8,B9,00,00,00,00,00,00,00,
563249031,000003CF,false,Rx,0,8,69,00,A3,A3,A3,A3,A3,A3,
563597509,000003AF,false,Rx,0,8,B9,00,00,00,00,00,00,00,
563754587,000003CF,false,Rx,0,8,69,00,A3,A3,A3,A3,A3,A3,
564097593,000003AF,false,Rx,0,8,B9,00,00,00,00,00,00,00,
564255518,000003CF,false,Rx,0,8,69,00,A3,A3,A3,A3,A3,A3,
564597819,000003AF,false,Rx,0,8,B9,00,00,00,00,00,00,00,
564759662,000003CF,false,Rx,0,8,69,00,A3,A3,A3,A3,A3,A3,
565097938,000003AF,false,Rx,0,8,B9,00,00,00,00,00,00,00,
565263496,000003CF,false,Rx,0,8,69,00,A3,A3,A3,A3,A3,A3,
565598067,000003AF,false,Rx,0,8,B9,00,00,00,00,00,00,00,
565767407,000003CF,false,Rx,0,8,69,00,A3,A3,A3,A3,A3,A3,
566098289,000003AF,false,Rx,0,8,B9,00,00,00,00,00,00,00,
566271383,000003CF,false,Rx,0,8,69,00,A3,A3,A3,A3,A3,A3,
566598406,000003AF,false,Rx,0,8,B9,00,00,00,00,00,00,00,
566775450,000003CF,false,Rx,0,8,69,00,A3,A3,A3,A3,A3,A3,
567099042,000003AF,false,Rx,0,8,B9,00,00,00,00,00,00,00,
567279368,000003CF,false,Rx,0,8,69,00,A3,A3,A3,A3,A3,A3,
567601318,000003AF,false,Rx,0,8,B9,00,00,00,00,00,00,00,
567783186,000003CF,false,Rx,0,8,69,00,A3,A3,A3,A3,A3,A3,
568098646,000003AF,false,Rx,0,8,B9,00,00,00,00,00,00,00,
568287340,000003CF,false,Rx,0,8,69,00,A3,A3,A3,A3,A3,A3,
568598972,000003AF,false,Rx,0,8,B9,00,00,00,00,00,00,00,
568791188,000003CF,false,Rx,0,8,69,00,A3,A3,A3,A3,A3,A3,
569099067,000003AF,false,Rx,0,8,B9,00,00,00,00,00,00,00,
569295081,000003CF,false,Rx,0,8,69,00,A3,A3,A3,A3,A3,A3,
569599168,000003AF,false,Rx,0,8,B9,00,00,00,00,00,00,00,
569799223,000003CF,false,Rx,0,8,69,00,A3,A3,A3,A3,A3,A3,
570099719,000003AF,false,Rx,0,8,B9,00,00,00,00,00,00,00,
570303133,000003CF,false,Rx,0,8,69,00,A3,A3,A3,A3,A3,A3,
570599504,000003AF,false,Rx,0,8,B9,00,00,00,00,00,00,00,
570807099,000003CF,false,Rx,0,8,69,00,A3,A3,A3,A3,A3,A3,
571099719,000003AF,false,Rx,0,8,B9,00,00,00,00,00,00,00,
571311206,000003CF,false,Rx,0,8,69,00,A3,A3,A3,A3,A3,A3,
571599817,000003AF,false,Rx,0,8,B9,00,00,00,00,00,00,00,
571814843,000003CF,false,Rx,0,8,69,00,A3,A3,A3,A3,A3,A3,
572099794,000003AF,false,Rx,0,8,B9,00,00,00,00,00,00,00,
572318929,000003CF,false,Rx,0,8,69,00,A3,A3,A3,A3,A3,A3,
572600036,000003AF,false,Rx,0,8,B9,00,00,00,00,00,00,00,
572822938,000003CF,false,Rx,0,8,69,00,A3,A3,A3,A3,A3,A3,
573100009,000003AF,false,Rx,0,8,B9,00,00,00,00,00,00,00,
573326901,000003CF,false,Rx,0,8,69,00,A3,A3,A3,A3,A3,A3,
573600354,000003AF,false,Rx,0,8,B9,00,00,00,00,00,00,00,
573830799,000003CF,false,Rx,0,8,69,00,A3,A3,A3,A3,A3,A3,
574100399,000003AF,false,Rx,0,8,B9,00,00,00,00,00,00,00,
574334728,000003CF,false,Rx,0,8,69,00,A3,A3,A3,A3,A3,A3,
574600627,000003AF,false,Rx,0,8,B9,00,00,00,00,00,00,00,
574838706,000003CF,false,Rx,0,8,69,00,A3,A3,A3,A3,A3,A3,
575100611,000003AF,false,Rx,0,8,B9,00,00,00,00,00,00,00,
575342694,000003CF,false,Rx,0,8,69,00,A3,A3,A3,A3,A3,A3,
575600818,000003AF,false,Rx,0,8,B9,00,00,00,00,00,00,00,
575846525,000003CF,false,Rx,0,8,69,00,A3,A3,A3,A3,A3,A3,
576100960,000003AF,false,Rx,0,8,B9,00,00,00,00,00,00,00,
576350720,000003CF,false,Rx,0,8,69,00,A3,A3,A3,A3,A3,A3,
576600961,000003AF,false,Rx,0,8,B9,00,00,00,00,00,00,00,
576854605,000003CF,false,Rx,0,8,69,00,A3,A3,A3,A3,A3,A3,
577101242,000003AF,false,Rx,0,8,B9,00,00,00,00,00,00,00,
577358530,000003CF,false,Rx,0,8,69,00,A3,A3,A3,A3,A3,A3,
577601417,000003AF,false,Rx,0,8,B9,00,00,00,00,00,00,00,
577862414,000003CF,false,Rx,0,8,69,00,A3,A3,A3,A3,A3,A3,
578101472,000003AF,false,Rx,0,8,B9,00,00,00,00,00,00,00,
578366445,000003CF,false,Rx,0,8,69,00,A3,A3,A3,A3,A3,A3,
578601721,000003AF,false,Rx,0,8,B9,00,00,00,00,00,00,00,
578870404,000003CF,false,Rx,0,8,69,00,A3,A3,A3,A3,A3,A3,
579101689,000003AF,false,Rx,0,8,B9,00,00,00,00,00,00,00,
579374313,000003CF,false,Rx,0,8,69,00,A3,A3,A3,A3,A3,A3,
579601885,000003AF,false,Rx,0,8,B9,00,00,00,00,00,00,00,
579878163,000003CF,false,Rx,0,8,69,00,A3,A3,A3,A3,A3,A3,
580102204,000003AF,false,Rx,0,8,B9,00,00,00,00,00,00,00,
580382306,000003CF,false,Rx,0,8,69,00,A3,A3,A3,A3,A3,A3,
580602271,000003AF,false,Rx,0,8,B9,00,00,00,00,00,00,00,
580886299,000003CF,false,Rx,0,8,69,00,A3,A3,A3,A3,A3,A3,
581102274,000003AF,false,Rx,0,8,B9,00,00,00,00,00,00,00,
581390207,000003CF,false,Rx,0,8,69,00,A3,A3,A3,A3,A3,A3,
581602517,000003AF,false,Rx,0,8,B9,00,00,00,00,00,00,00,
581894040,000003CF,false,Rx,0,8,69,00,A3,A3,A3,A3,A3,A3,
582102591,000003AF,false,Rx,0,8,B9,00,00,00,00,00,00,00,
582398134,000003CF,false,Rx,0,8,69,00,A3,A3,A3,A3,A3,A3,
582602787,000003AF,false,Rx,0,8,B9,00,00,00,00,00,00,00,
582902012,000003CF,false,Rx,0,8,69,00,A3,A3,A3,A3,A3,A3,
583102982,000003AF,false,Rx,0,8,B9,00,00,00,00,00,00,00,
583405946,000003CF,false,Rx,0,8,69,00,A3,A3,A3,A3,A3,A3,
583602977,000003AF,false,Rx,0,8,B9,00,00,00,00,00,00,00,
583909945,000003CF,false,Rx,0,8,69,00,A3,A3,A3,A3,A3,A3,
584103204,000003AF,false,Rx,0,8,B9,00,00,00,00,00,00,00,
584413968,000003CF,false,Rx,0,8,69,00,A3,A3,A3,A3,A3,A3,
584603368,000003AF,false,Rx,0,8,B9,00,00,00,00,00,00,00,
584917870,000003CF,false,Rx,0,8,69,00,A3,A3,A3,A3,A3,A3,
585103352,000003AF,false,Rx,0,8,B9,00,00,00,00,00,00,00,
585421878,000003CF,false,Rx,0,8,69,00,A3,A3,A3,A3,A3,A3,
585603617,000003AF,false,Rx,0,8,B9,00,00,00,00,00,00,00,
585925725,000003CF,false,Rx,0,8,69,00,A3,A3,A3,A3,A3,A3,
586103739,000003AF,false,Rx,0,8,B9,00,00,00,00,00,00,00,
586429780,000003CF,false,Rx,0,8,69,00,A3,A3,A3,A3,A3,A3,
586603790,000003AF,false,Rx,0,8,B9,00,00,00,00,00,00,00,
586933590,000003CF,false,Rx,0,8,69,00,A3,A3,A3,A3,A3,A3,
587104004,000003AF,false,Rx,0,8,B9,00,00,00,00,00,00,00,
587437688,000003CF,false,Rx,0,8,69,00,A3,A3,A3,A3,A3,A3,
587604112,000003AF,false,Rx,0,8,B9,00,00,00,00,00,00,00,
587941632,000003CF,false,Rx,0,8,69,00,A3,A3,A3,A3,A3,A3,
588104292,000003AF,false,Rx,0,8,B9,00,00,00,00,00,00,00,
588445619,000003CF,false,Rx,0,8,69,00,A3,A3,A3,A3,A3,A3,
588604359,000003AF,false,Rx,0,8,B9,00,00,00,00,00,00,00,
588951501,000003CF,false,Rx,0,8,69,00,A3,A3,A3,A3,A3,A3,
589104544,000003AF,false,Rx,0,8,B9,00,00,00,00,00,00,00,
589453701,000003CF,false,Rx,0,8,69,00,A3,A3,A3,A3,A3,A3,
589604681,000003AF,false,Rx,0,8,B9,00,00,00,00,00,00,00,
589957370,000003CF,false,Rx,0,8,69,00,A3,A3,A3,A3,A3,A3,
590104759,000003AF,false,Rx,0,8,B9,00,00,00,00,00,00,00,
590461334,000003CF,false,Rx,0,8,69,00,A3,A3,A3,A3,A3,A3,
590604818,000003AF,false,Rx,0,8,B9,00,00,00,00,00,00,00,
590965349,000003CF,false,Rx,0,8,69,00,A3,A3,A3,A3,A3,A3,
591105064,000003AF,false,Rx,0,8,B9,00,00,00,00,00,00,00,
591469252,000003CF,false,Rx,0,8,69,00,A3,A3,A3,A3,A3,A3,
591605294,000003AF,false,Rx,0,8,B9,00,00,00,00,00,00,00,
591973138,000003CF,false,Rx,0,8,69,00,A3,A3,A3,A3,A3,A3,
592105440,000003AF,false,Rx,0,8,B9,00,00,00,00,00,00,00,
592477105,000003CF,false,Rx,0,8,69,00,A3,A3,A3,A3,A3,A3,
592605568,000003AF,false,Rx,0,8,B9,00,00,00,00,00,00,00,
592981128,000003CF,false,Rx,0,8,69,00,A3,A3,A3,A3,A3,A3,
593105670,000003AF,false,Rx,0,8,B9,00,00,00,00,00,00,00,
593485240,000003CF,false,Rx,0,8,69,00,A3,A3,A3,A3,A3,A3,
593605656,000003AF,false,Rx,0,8,B9,00,00,00,00,00,00,00,
593989009,000003CF,false,Rx,0,8,69,00,A3,A3,A3,A3,A3,A3,
594105941,000003AF,false,Rx,0,8,B9,00,00,00,00,00,00,00,
594493181,000003CF,false,Rx,0,8,69,00,A3,A3,A3,A3,A3,A3,
594606120,000003AF,false,Rx,0,8,B9,00,00,00,00,00,00,00,
594997099,000003CF,false,Rx,0,8,69,00,A3,A3,A3,A3,A3,A3,
595106172,000003AF,false,Rx,0,8,B9,00,00,00,00,00,00,00,
595501673,000003CF,false,Rx,0,8,69,00,A3,A3,A3,A3,A3,A3,
595606201,000003AF,false,Rx,0,8,B9,00,00,00,00,00,00,00,
596008960,000003CF,false,Rx,0,8,69,00,A3,A3,A3,A3,A3,A3,
596106319,000003AF,false,Rx,0,8,B9,00,00,00,00,00,00,00,
596508976,000003CF,false,Rx,0,8,69,00,A3,A3,A3,A3,A3,A3,
596606657,000003AF,false,Rx,0,8,B9,00,00,00,00,00,00,00,
597012665,000003CF,false,Rx,0,8,69,00,A3,A3,A3,A3,A3,A3,
597106709,000003AF,false,Rx,0,8,B9,00,00,00,00,00,00,00,
597516698,000003CF,false,Rx,0,8,69,00,A3,A3,A3,A3,A3,A3,
597606907,000003AF,false,Rx,0,8,B9,00,00,00,00,00,00,00,
598020680,000003CF,false,Rx,0,8,69,00,A3,A3,A3,A3,A3,A3,
598107083,000003AF,false,Rx,0,8,B9,00,00,00,00,00,00,00,
598524632,000003CF,false,Rx,0,8,69,00,A3,A3,A3,A3,A3,A3,
598607153,000003AF,false,Rx,0,8,B9,00,00,00,00,00,00,00,
599028511,000003CF,false,Rx,0,8,69,00,A3,A3,A3,A3,A3,A3,
599107343,000003AF,false,Rx,0,8,B9,00,00,00,00,00,00,00,
599532664,000003CF,false,Rx,0,8,69,00,A3,A3,A3,A3,A3,A3,
599607424,000003AF,false,Rx,0,8,B9,00,00,00,00,00,00,00,
600036594,000003CF,false,Rx,0,8,69,00,A3,A3,A3,A3,A3,A3,
600107461,000003AF,false,Rx,0,8,B9,00,00,00,00,00,00,00,
600540592,000003CF,false,Rx,0,8,69,00,A3,A3,A3,A3,A3,A3,
600607573,000003AF,false,Rx,0,8,B9,00,00,00,00,00,00,00,
601044431,000003CF,false,Rx,0,8,69,00,A3,A3,A3,A3,A3,A3,
601107888,000003AF,false,Rx,0,8,B9,00,00,00,00,00,00,00,
601548512,000003CF,false,Rx,0,8,69,00,A3,A3,A3,A3,A3,A3,
601607854,000003AF,false,Rx,0,8,B9,00,00,00,00,00,00,00,
602052341,000003CF,false,Rx,0,8,69,00,A3,A3,A3,A3,A3,A3,
602108066,000003AF,false,Rx,0,8,B9,00,00,00,00,00,00,00,
602556213,000003CF,false,Rx,0,8,69,00,A3,A3,A3,A3,A3,A3,
602608298,000003AF,false,Rx,0,8,B9,00,00,00,00,00,00,00,
603060301,000003CF,false,Rx,0,8,69,00,A3,A3,A3,A3,A3,A3,
603108447,000003AF,false,Rx,0,8,B9,00,00,00,00,00,00,00,
603564278,000003CF,false,Rx,0,8,69,00,A3,A3,A3,A3,A3,A3,
603608548,000003AF,false,Rx,0,8,B9,00,00,00,00,00,00,00,
604068230,000003CF,false,Rx,0,8,69,00,A3,A3,A3,A3,A3,A3,
604108617,000003AF,false,Rx,0,8,B9,00,00,00,00,00,00,00,
604572157,000003CF,false,Rx,0,8,69,00,A3,A3,A3,A3,A3,A3,
604608755,000003AF,false,Rx,0,8,B9,00,00,00,00,00,00,00,
605076128,000003CF,false,Rx,0,8,69,00,A3,A3,A3,A3,A3,A3,
605108908,000003AF,false,Rx,0,8,B9,00,00,00,00,00,00,00,
605580137,000003CF,false,Rx,0,8,69,00,A3,A3,A3,A3,A3,A3,
605609046,000003AF,false,Rx,0,8,B9,00,00,00,00,00,00,00,
606084010,000003CF,false,Rx,0,8,69,00,A3,A3,A3,A3,A3,A3,
606109194,000003AF,false,Rx,0,8,B9,00,00,00,00,00,00,00,
606588188,000003CF,false,Rx,0,8,69,00,A3,A3,A3,A3,A3,A3,
606609391,000003AF,false,Rx,0,8,B9,00,00,00,00,00,00,00,
607091968,000003CF,false,Rx,0,8,69,00,A3,A3,A3,A3,A3,A3,
607109492,000003AF,false,Rx,0,8,B9,00,00,00,00,00,00,00,
607595940,000003CF,false,Rx,0,8,69,00,A3,A3,A3,A3,A3,A3,
607609577,000003AF,false,Rx,0,8,B9,00,00,00,00,00,00,00,
608099786,000003CF,false,Rx,0,8,69,00,A3,A3,A3,A3,A3,A3,
608109757,000003AF,false,Rx,0,8,B9,00,00,00,00,00,00,00,
608603719,000003CF,false,Rx,0,8,69,00,A3,A3,A3,A3,A3,A3,
608609848,000003AF,false,Rx,0,8,B9,00,00,00,00,00,00,00,
609107623,000003CF,false,Rx,0,8,69,00,A3,A3,A3,A3,A3,A3,
609109944,000003AF,false,Rx,0,8,B9,00,00,00,00,00,00,00,
609610202,000003AF,false,Rx,0,8,B9,00,00,00,00,00,00,00,
609611562,000003CF,false,Rx,0,8,69,00,A3,A3,A3,A3,A3,A3,
610110296,000003AF,false,Rx,0,8,B9,00,00,00,00,00,00,00,
610115613,000003CF,false,Rx,0,8,69,00,A3,A3,A3,A3,A3,A3,
610610523,000003AF,false,Rx,0,8,B9,00,00,00,00,00,00,00,
610619701,000003CF,false,Rx,0,8,69,00,A3,A3,A3,A3,A3,A3,
611110544,000003AF,false,Rx,0,8,B9,00,00,00,00,00,00,00,
611123521,000003CF,false,Rx,0,8,69,00,A3,A3,A3,A3,A3,A3,
611610562,000003AF,false,Rx,0,8,B9,00,00,00,00,00,00,00,
611627516,000003CF,false,Rx,0,8,69,00,A3,A3,A3,A3,A3,A3,
612110779,000003AF,false,Rx,0,8,B9,00,00,00,00,00,00,00,
612131577,000003CF,false,Rx,0,8,69,00,A3,A3,A3,A3,A3,A3,
612611017,000003AF,false,Rx,0,8,B9,00,00,00,00,00,00,00,
612635394,000003CF,false,Rx,0,8,69,00,A3,A3,A3,A3,A3,A3,
613110970,000003AF,false,Rx,0,8,B9,00,00,00,00,00,00,00,
613139480,000003CF,false,Rx,0,8,69,00,A3,A3,A3,A3,A3,A3,
613611214,000003AF,false,Rx,0,8,B9,00,00,00,00,00,00,00,
613643362,000003CF,false,Rx,0,8,69,00,A3,A3,A3,A3,A3,A3,
614111428,000003AF,false,Rx,0,8,B9,00,00,00,00,00,00,00,
614147253,000003CF,false,Rx,0,8,69,00,A3,A3,A3,A3,A3,A3,
614611554,000003AF,false,Rx,0,8,B9,00,00,00,00,00,00,00,
614651236,000003CF,false,Rx,0,8,69,00,A3,A3,A3,A3,A3,A3,
615111720,000003AF,false,Rx,0,8,B9,00,00,00,00,00,00,00,
615155302,000003CF,false,Rx,0,8,69,00,A3,A3,A3,A3,A3,A3,
615611653,000003AF,false,Rx,0,8,B9,00,00,00,00,00,00,00,
615659184,000003CF,false,Rx,0,8,69,00,A3,A3,A3,A3,A3,A3,
616111944,000003AF,false,Rx,0,8,B9,00,00,00,00,00,00,00,
616163150,000003CF,false,Rx,0,8,69,00,A3,A3,A3,A3,A3,A3,
616612031,000003AF,false,Rx,0,8,B9,00,00,00,00,00,00,00,
616666970,000003CF,false,Rx,0,8,69,00,A3,A3,A3,A3,A3,A3,
617112132,000003AF,false,Rx,0,8,B9,00,00,00,00,00,00,00,
617170952,000003CF,false,Rx,0,8,69,00,A3,A3,A3,A3,A3,A3,
617612289,000003AF,false,Rx,0,8,B9,00,00,00,00,00,00,00,
617675025,000003CF,false,Rx,0,8,69,00,A3,A3,A3,A3,A3,A3,
618112346,000003AF,false,Rx,0,8,B9,00,00,00,00,00,00,00,
618178905,000003CF,false,Rx,0,8,69,00,A3,A3,A3,A3,A3,A3,
618612595,000003AF,false,Rx,0,8,B9,00,00,00,00,00,00,00,
618683025,000003CF,false,Rx,0,8,69,00,A3,A3,A3,A3,A3,A3,
619112777,000003AF,false,Rx,0,8,B9,00,00,00,00,00,00,00,
619186954,000003CF,false,Rx,0,8,69,00,A3,A3,A3,A3,A3,A3,
619612910,000003AF,false,Rx,0,8,B9,00,00,00,00,00,00,00,
619690944,000003CF,false,Rx,0,8,69,00,A3,A3,A3,A3,A3,A3,
620112993,000003AF,false,Rx,0,8,B9,00,00,00,00,00,00,00,
620194840,000003CF,false,Rx,0,8,69,00,A3,A3,A3,A3,A3,A3,
620613145,000003AF,false,Rx,0,8,B9,00,00,00,00,00,00,00,
620698703,000003CF,false,Rx,0,8,69,00,A3,A3,A3,A3,A3,A3,
621113296,000003AF,false,Rx,0,8,B9,00,00,00,00,00,00,00,
621202588,000003CF,false,Rx,0,8,69,00,A3,A3,A3,A3,A3,A3,
621613426,000003AF,false,Rx,0,8,B9,00,00,00,00,00,00,00,
621706628,000003CF,false,Rx,0,8,69,00,A3,A3,A3,A3,A3,A3,
622113523,000003AF,false,Rx,0,8,B9,00,00,00,00,00,00,00,
622210611,000003CF,false,Rx,0,8,69,00,A3,A3,A3,A3,A3,A3,
622613563,000003AF,false,Rx,0,8,B9,00,00,00,00,00,00,00,
622714585,000003CF,false,Rx,0,8,69,00,A3,A3,A3,A3,A3,A3,
623113859,000003AF,false,Rx,0,8,B9,00,00,00,00,00,00,00,
623218577,000003CF,false,Rx,0,8,69,00,A3,A3,A3,A3,A3,A3,
623613827,000003AF,false,Rx,0,8,B9,00,00,00,00,00,00,00,
623722492,000003CF,false,Rx,0,8,69,00,A3,A3,A3,A3,A3,A3,
624113934,000003AF,false,Rx,0,8,B9,00,00,00,00,00,00,00,
624226410,000003CF,false,Rx,0,8,69,00,A3,A3,A3,A3,A3,A3,
624614247,000003AF,false,Rx,0,8,B9,00,00,00,00,00,00,00,
624730457,000003CF,false,Rx,0,8,69,00,A3,A3,A3,A3,A3,A3,
625114381,000003AF,false,Rx,0,8,B9,00,00,00,00,00,00,00,
625234526,000003CF,false,Rx,0,8,69,00,A3,A3,A3,A3,A3,A3,
625614553,000003AF,false,Rx,0,8,B9,00,00,00,00,00,00,00,
625738258,000003CF,false,Rx,0,8,69,00,A3,A3,A3,A3,A3,A3,
626114771,000003AF,false,Rx,0,8,B9,00,00,00,00,00,00,00,
626243477,000003CF,false,Rx,0,8,69,00,A3,A3,A3,A3,A3,A3,
626614836,000003AF,false,Rx,0,8,B9,00,00,00,00,00,00,00,
626748118,000003CF,false,Rx,0,8,69,00,A3,A3,A3,A3,A3,A3,
627114914,000003AF,false,Rx,0,8,B9,00,00,00,00,00,00,00,
627250419,000003CF,false,Rx,0,8,69,00,A3,A3,A3,A3,A3,A3,
627615122,000003AF,false,Rx,0,8,B9,00,00,00,00,00,00,00,
627755620,000003CF,false,Rx,0,8,69,00,A3,A3,A3,A3,A3,A3,
628115113,000003AF,false,Rx,0,8,B9,00,00,00,00,00,00,00,
628261067,000003CF,false,Rx,0,8,69,00,A3,A3,A3,A3,A3,A3,
628615286,000003AF,false,Rx,0,8,B9,00,00,00,00,00,00,00,
628762184,000003CF,false,Rx,0,8,69,00,A3,A3,A3,A3,A3,A3,
629115419,000003AF,false,Rx,0,8,B9,00,00,00,00,00,00,00,
629265898,000003CF,false,Rx,0,8,69,00,A3,A3,A3,A3,A3,A3,
629615554,000003AF,false,Rx,0,8,B9,00,00,00,00,00,00,00,
629769986,000003CF,false,Rx,0,8,69,00,A3,A3,A3,A3,A3,A3,
630115775,000003AF,false,Rx,0,8,B9,00,00,00,00,00,00,00,
630273935,000003CF,false,Rx,0,8,69,00,A3,A3,A3,A3,A3,A3,
630615878,000003AF,false,Rx,0,8,B9,00,00,00,00,00,00,00,
630777860,000003CF,false,Rx,0,8,69,00,A3,A3,A3,A3,A3,A3,
631116013,000003AF,false,Rx,0,8,B9,00,00,00,00,00,00,00,
631281840,000003CF,false,Rx,0,8,69,00,A3,A3,A3,A3,A3,A3,
631616155,000003AF,false,Rx,0,8,B9,00,00,00,00,00,00,00,
631785774,000003CF,false,Rx,0,8,69,00,A3,A3,A3,A3,A3,A3,
632116339,000003AF,false,Rx,0,8,B9,00,00,00,00,00,00,00,
632289677,000003CF,false,Rx,0,8,69,00,A3,A3,A3,A3,A3,A3,
632616317,000003AF,false,Rx,0,8,B9,00,00,00,00,00,00,00,
632793608,000003CF,false,Rx,0,8,69,00,A3,A3,A3,A3,A3,A3,
633116613,000003AF,false,Rx,0,8,B9,00,00,00,00,00,00,00,
633297833,000003CF,false,Rx,0,8,69,00,A3,A3,A3,A3,A3,A3,
633616675,000003AF,false,Rx,0,8,B9,00,00,00,00,00,00,00,
633801635,000003CF,false,Rx,0,8,69,00,A3,A3,A3,A3,A3,A3,
634117256,000003AF,false,Rx,0,8,B9,00,00,00,00,00,00,00,
634305671,000003CF,false,Rx,0,8,69,00,A3,A3,A3,A3,A3,A3,
634616954,000003AF,false,Rx,0,8,B9,00,00,00,00,00,00,00,
634809568,000003CF,false,Rx,0,8,69,00,A3,A3,A3,A3,A3,A3,
635117086,000003AF,false,Rx,0,8,B9,00,00,00,00,00,00,00,
635313478,000003CF,false,Rx,0,8,69,00,A3,A3,A3,A3,A3,A3,
635617332,000003AF,false,Rx,0,8,B9,00,00,00,00,00,00,00,
635817738,000003CF,false,Rx,0,8,69,00,A3,A3,A3,A3,A3,A3,
636117723,000003AF,false,Rx,0,8,B9,00,00,00,00,00,00,00,
636321271,000003CF,false,Rx,0,8,69,00,A3,A3,A3,A3,A3,A3,
636617460,000003AF,false,Rx,0,8,B9,00,00,00,00,00,00,00,
636825248,000003CF,false,Rx,0,8,69,00,A3,A3,A3,A3,A3,A3,
637117688,000003AF,false,Rx,0,8,B9,00,00,00,00,00,00,00,
637329297,000003CF,false,Rx,0,8,69,00,A3,A3,A3,A3,A3,A3,
637617820,000003AF,false,Rx,0,8,B9,00,00,00,00,00,00,00,
637833228,000003CF,false,Rx,0,8,69,00,A3,A3,A3,A3,A3,A3,
638117814,000003AF,false,Rx,0,8,B9,00,00,00,00,00,00,00,
638337289,000003CF,false,Rx,0,8,69,00,A3,A3,A3,A3,A3,A3,
638618081,000003AF,false,Rx,0,8,B9,00,00,00,00,00,00,00,
638841055,000003CF,false,Rx,0,8,69,00,A3,A3,A3,A3,A3,A3,
639119631,000003AF,false,Rx,0,8,B9,00,00,00,00,00,00,00,
639345130,000003CF,false,Rx,0,8,69,00,A3,A3,A3,A3,A3,A3,
639618235,000003AF,false,Rx,0,8,B9,00,00,00,00,00,00,00,
639849074,000003CF,false,Rx,0,8,69,00,A3,A3,A3,A3,A3,A3,
640118506,000003AF,false,Rx,0,8,B9,00,00,00,00,00,00,00,
640353094,000003CF,false,Rx,0,8,69,00,A3,A3,A3,A3,A3,A3,
640618502,000003AF,false,Rx,0,8,B9,00,00,00,00,00,00,00,
640857002,000003CF,false,Rx,0,8,69,00,A3,A3,A3,A3,A3,A3,
641118809,000003AF,false,Rx,0,8,B9,00,00,00,00,00,00,00,
641360989,000003CF,false,Rx,0,8,69,00,A3,A3,A3,A3,A3,A3,
641618893,000003AF,false,Rx,0,8,B9,00,00,00,00,00,00,00,
641864934,000003CF,false,Rx,0,8,69,00,A3,A3,A3,A3,A3,A3,
642118845,000003AF,false,Rx,0,8,B9,00,00,00,00,00,00,00,
642368862,000003CF,false,Rx,0,8,69,00,A3,A3,A3,A3,A3,A3,
642619029,000003AF,false,Rx,0,8,B9,00,00,00,00,00,00,00,
642872806,000003CF,false,Rx,0,8,69,00,A3,A3,A3,A3,A3,A3,
643119223,000003AF,false,Rx,0,8,B9,00,00,00,00,00,00,00,
643376885,000003CF,false,Rx,0,8,69,00,A3,A3,A3,A3,A3,A3,
643619268,000003AF,false,Rx,0,8,B9,00,00,00,00,00,00,00,
643880607,000003CF,false,Rx,0,8,69,00,A3,A3,A3,A3,A3,A3,
644119493,000003AF,false,Rx,0,8,B9,00,00,00,00,00,00,00,
644384720,000003CF,false,Rx,0,8,69,00,A3,A3,A3,A3,A3,A3,
644619697,000003AF,false,Rx,0,8,B9,00,00,00,00,00,00,00,
644888706,000003CF,false,Rx,0,8,69,00,A3,A3,A3,A3,A3,A3,
645119807,000003AF,false,Rx,0,8,B9,00,00,00,00,00,00,00,
645392709,000003CF,false,Rx,0,8,69,00,A3,A3,A3,A3,A3,A3,
645619941,000003AF,false,Rx,0,8,B9,00,00,00,00,00,00,00,
645896650,000003CF,false,Rx,0,8,69,00,A3,A3,A3,A3,A3,A3,
646120033,000003AF,false,Rx,0,8,B9,00,00,00,00,00,00,00,
646400570,000003CF,false,Rx,0,8,69,00,A3,A3,A3,A3,A3,A3,
646620222,000003AF,false,Rx,0,8,B9,00,00,00,00,00,00,00,
646905941,000003CF,false,Rx,0,8,69,00,A3,A3,A3,A3,A3,A3,
647120415,000003AF,false,Rx,0,8,B9,00,00,00,00,00,00,00,
647408405,000003CF,false,Rx,0,8,69,00,A3,A3,A3,A3,A3,A3,
647620569,000003AF,false,Rx,0,8,B9,00,00,00,00,00,00,00,
647912267,000003CF,false,Rx,0,8,69,00,A3,A3,A3,A3,A3,A3,
648120660,000003AF,false,Rx,0,8,B9,00,00,00,00,00,00,00,
648416260,000003CF,false,Rx,0,8,69,00,A3,A3,A3,A3,A3,A3,
648620736,000003AF,false,Rx,0,8,B9,00,00,00,00,00,00,00,
648920414,000003CF,false,Rx,0,8,69,00,A3,A3,A3,A3,A3,A3,
649120805,000003AF,false,Rx,0,8,B9,00,00,00,00,00,00,00,
649424230,000003CF,false,Rx,0,8,69,00,A3,A3,A3,A3,A3,A3,
649621118,000003AF,false,Rx,0,8,B9,00,00,00,00,00,00,00,
649928212,000003CF,false,Rx,0,8,69,00,A3,A3,A3,A3,A3,A3,
650121164,000003AF,false,Rx,0,8,B9,00,00,00,00,00,00,00,
650432264,000003CF,false,Rx,0,8,69,00,A3,A3,A3,A3,A3,A3,
650621285,000003AF,false,Rx,0,8,B9,00,00,00,00,00,00,00,
650936105,000003CF,false,Rx,0,8,69,00,A3,A3,A3,A3,A3,A3,
651121515,000003AF,false,Rx,0,8,B9,00,00,00,00,00,00,00,
651440078,000003CF,false,Rx,0,8,69,00,A3,A3,A3,A3,A3,A3,
651621608,000003AF,false,Rx,0,8,B9,00,00,00,00,00,00,00,
651944079,000003CF,false,Rx,0,8,69,00,A3,A3,A3,A3,A3,A3,
652121616,000003AF,false,Rx,0,8,B9,00,00,00,00,00,00,00,
652448122,000003CF,false,Rx,0,8,69,00,A3,A3,A3,A3,A3,A3,
652621848,000003AF,false,Rx,0,8,B9,00,00,00,00,00,00,00,
652952006,000003CF,false,Rx,0,8,69,00,A3,A3,A3,A3,A3,A3,
653122020,000003AF,false,Rx,0,8,B9,00,00,00,00,00,00,00,
653455998,000003CF,false,Rx,0,8,69,00,A3,A3,A3,A3,A3,A3,
653622121,000003AF,false,Rx,0,8,B9,00,00,00,00,00,00,00,
653959826,000003CF,false,Rx,0,8,69,00,A3,A3,A3,A3,A3,A3,
654122255,000003AF,false,Rx,0,8,B9,00,00,00,00,00,00,00,
654463850,000003CF,false,Rx,0,8,69,00,A3,A3,A3,A3,A3,A3,
654622514,000003AF,false,Rx,0,8,B9,00,00,00,00,00,00,00,
654967806,000003CF,false,Rx,0,8,69,00,A3,A3,A3,A3,A3,A3,
655122586,000003AF,false,Rx,0,8,B9,00,00,00,00,00,00,00,
655471788,000003CF,false,Rx,0,8,69,00,A3,A3,A3,A3,A3,A3,
655622761,000003AF,false,Rx,0,8,B9,00,00,00,00,00,00,00,
655975554,000003CF,false,Rx,0,8,69,00,A3,A3,A3,A3,A3,A3,
656122721,000003AF,false,Rx,0,8,B9,00,00,00,00,00,00,00,
656479649,000003CF,false,Rx,0,8,69,00,A3,A3,A3,A3,A3,A3,
656623022,000003AF,false,Rx,0,8,B9,00,00,00,00,00,00,00,
656983607,000003CF,false,Rx,0,8,69,00,A3,A3,A3,A3,A3,A3,
657123074,000003AF,false,Rx,0,8,B9,00,00,00,00,00,00,00,
657489276,000003CF,false,Rx,0,8,69,00,A3,A3,A3,A3,A3,A3,
657623207,000003AF,false,Rx,0,8,B9,00,00,00,00,00,00,00,
657991923,000003CF,false,Rx,0,8,69,00,A3,A3,A3,A3,A3,A3,
658123420,000003AF,false,Rx,0,8,B9,00,00,00,00,00,00,00,
658497145,000003CF,false,Rx,0,8,69,00,A3,A3,A3,A3,A3,A3,
658623577,000003AF,false,Rx,0,8,B9,00,00,00,00,00,00,00,
658999458,000003CF,false,Rx,0,8,69,00,A3,A3,A3,A3,A3,A3,
659123643,000003AF,false,Rx,0,8,B9,00,00,00,00,00,00,00,
659503387,000003CF,false,Rx,0,8,69,00,A3,A3,A3,A3,A3,A3,
659623773,000003AF,false,Rx,0,8,B9,00,00,00,00,00,00,00,
660008304,000003CF,false,Rx,0,8,69,00,A3,A3,A3,A3,A3,A3,
660123902,000003AF,false,Rx,0,8,B9,00,00,00,00,00,00,00,
660515470,000003CF,false,Rx,0,8,69,00,A3,A3,A3,A3,A3,A3,
660624070,000003AF,false,Rx,0,8,B9,00,00,00,00,00,00,00,
661015124,000003CF,false,Rx,0,8,69,00,A3,A3,A3,A3,A3,A3,
661124210,000003AF,false,Rx,0,8,B9,00,00,00,00,00,00,00,
661519203,000003CF,false,Rx,0,8,69,00,A3,A3,A3,A3,A3,A3,
661624310,000003AF,false,Rx,0,8,B9,00,00,00,00,00,00,00,
662023143,000003CF,false,Rx,0,8,69,00,A3,A3,A3,A3,A3,A3,
662124462,000003AF,false,Rx,0,8,B9,00,00,00,00,00,00,00,
662527184,000003CF,false,Rx,0,8,69,00,A3,A3,A3,A3,A3,A3,
662624660,000003AF,false,Rx,0,8,B9,00,00,00,00,00,00,00,
663030956,000003CF,false,Rx,0,8,69,00,A3,A3,A3,A3,A3,A3,
663124707,000003AF,false,Rx,0,8,B9,00,00,00,00,00,00,00,
663535124,000003CF,false,Rx,0,8,69,00,A3,A3,A3,A3,A3,A3,
663624912,000003AF,false,Rx,0,8,B9,00,00,00,00,00,00,00,
664038976,000003CF,false,Rx,0,8,69,00,A3,A3,A3,A3,A3,A3,
664124874,000003AF,false,Rx,0,8,B9,00,00,00,00,00,00,00,
664543050,000003CF,false,Rx,0,8,69,00,A3,A3,A3,A3,A3,A3,
664625140,000003AF,false,Rx,0,8,B9,00,00,00,00,00,00,00,
665046978,000003CF,false,Rx,0,8,69,00,A3,A3,A3,A3,A3,A3,
665125271,000003AF,false,Rx,0,8,B9,00,00,00,00,00,00,00,
665550915,000003CF,false,Rx,0,8,69,00,A3,A3,A3,A3,A3,A3,
665625366,000003AF,false,Rx,0,8,B9,00,00,00,00,00,00,00,
666054906,000003CF,false,Rx,0,8,69,00,A3,A3,A3,A3,A3,A3,
666125522,000003AF,false,Rx,0,8,B9,00,00,00,00,00,00,00,
666558767,000003CF,false,Rx,0,8,69,00,A3,A3,A3,A3,A3,A3,
666625780,000003AF,false,Rx,0,8,B9,00,00,00,00,00,00,00,
667062605,000003CF,false,Rx,0,8,69,00,A3,A3,A3,A3,A3,A3,
667125753,000003AF,false,Rx,0,8,B9,00,00,00,00,00,00,00,
667566772,000003CF,false,Rx,0,8,69,00,A3,A3,A3,A3,A3,A3,
667625977,000003AF,false,Rx,0,8,B9,00,00,00,00,00,00,00,
668070687,000003CF,false,Rx,0,8,69,00,A3,A3,A3,A3,A3,A3,
668126136,000003AF,false,Rx,0,8,B9,00,00,00,00,00,00,00,
668574659,000003CF,false,Rx,0,8,69,00,A3,A3,A3,A3,A3,A3,
668626280,000003AF,false,Rx,0,8,B9,00,00,00,00,00,00,00,
669078599,000003CF,false,Rx,0,8,69,00,A3,A3,A3,A3,A3,A3,
669126349,000003AF,false,Rx,0,8,B9,00,00,00,00,00,00,00,
669582588,000003CF,false,Rx,0,8,69,00,A3,A3,A3,A3,A3,A3,
669626450,000003AF,false,Rx,0,8,B9,00,00,00,00,00,00,00,
670086459,000003CF,false,Rx,0,8,69,00,A3,A3,A3,A3,A3,A3,
670126695,000003AF,false,Rx,0,8,B9,00,00,00,00,00,00,00,
670590320,000003CF,false,Rx,0,8,69,00,A3,A3,A3,A3,A3,A3,
670626811,000003AF,false,Rx,0,8,B9,00,00,00,00,00,00,00,
671094346,000003CF,false,Rx,0,8,69,00,A3,A3,A3,A3,A3,A3,
671126941,000003AF,false,Rx,0,8,B9,00,00,00,00,00,00,00,
671598262,000003CF,false,Rx,0,8,69,00,A3,A3,A3,A3,A3,A3,
671627103,000003AF,false,Rx,0,8,B9,00,00,00,00,00,00,00,
672102274,000003CF,false,Rx,0,8,69,00,A3,A3,A3,A3,A3,A3,
672127203,000003AF,false,Rx,0,8,B9,00,00,00,00,00,00,00,
672606297,000003CF,false,Rx,0,8,69,00,A3,A3,A3,A3,A3,A3,
672627186,000003AF,false,Rx,0,8,B9,00,00,00,00,00,00,00,
673110161,000003CF,false,Rx,0,8,69,00,A3,A3,A3,A3,A3,A3,
673127458,000003AF,false,Rx,0,8,B9,00,00,00,00,00,00,00,
673614109,000003CF,false,Rx,0,8,69,00,A3,A3,A3,A3,A3,A3,
673627480,000003AF,false,Rx,0,8,B9,00,00,00,00,00,00,00,
674118311,000003CF,false,Rx,0,8,69,00,A3,A3,A3,A3,A3,A3,
674127658,000003AF,false,Rx,0,8,B9,00,00,00,00,00,00,00,
674622124,000003CF,false,Rx,0,8,69,00,A3,A3,A3,A3,A3,A3,
674627744,000003AF,false,Rx,0,8,B9,00,00,00,00,00,00,00,
675126007,000003CF,false,Rx,0,8,69,00,A3,A3,A3,A3,A3,A3,
675127919,000003AF,false,Rx,0,8,B9,00,00,00,00,00,00,00,
675628033,000003AF,false,Rx,0,8,B9,00,00,00,00,00,00,00,
675629995,000003CF,false,Rx,0,8,69,00,A3,A3,A3,A3,A3,A3,
676128273,000003AF,false,Rx,0,8,B9,00,00,00,00,00,00,00,
676134029,000003CF,false,Rx,0,8,69,00,A3,A3,A3,A3,A3,A3,
676628379,000003AF,false,Rx,0,8,B9,00,00,00,00,00,00,00,
676637893,000003CF,false,Rx,0,8,69,00,A3,A3,A3,A3,A3,A3,
677128548,000003AF,false,Rx,0,8,B9,00,00,00,00,00,00,00,
677141878,000003CF,false,Rx,0,8,69,00,A3,A3,A3,A3,A3,A3,
677628817,000003AF,false,Rx,0,8,B9,00,00,00,00,00,00,00,
677645800,000003CF,false,Rx,0,8,69,00,A3,A3,A3,A3,A3,A3,
678128817,000003AF,false,Rx,0,8,B9,00,00,00,00,00,00,00,
678149786,000003CF,false,Rx,0,8,69,00,A3,A3,A3,A3,A3,A3,
678628990,000003AF,false,Rx,0,8,B9,00,00,00,00,00,00,00,
678653762,000003CF,false,Rx,0,8,69,00,A3,A3,A3,A3,A3,A3,
679129087,000003AF,false,Rx,0,8,B9,00,00,00,00,00,00,00,
679157726,000003CF,false,Rx,0,8,69,00,A3,A3,A3,A3,A3,A3,
679629161,000003AF,false,Rx,0,8,B9,00,00,00,00,00,00,00,
679661645,000003CF,false,Rx,0,8,69,00,A3,A3,A3,A3,A3,A3,
680129388,000003AF,false,Rx,0,8,B9,00,00,00,00,00,00,00,
680165600,000003CF,false,Rx,0,8,69,00,A3,A3,A3,A3,A3,A3,
680629489,000003AF,false,Rx,0,8,B9,00,00,00,00,00,00,00,
680669561,000003CF,false,Rx,0,8,69,00,A3,A3,A3,A3,A3,A3,
681129703,000003AF,false,Rx,0,8,B9,00,00,00,00,00,00,00,
681173528,000003CF,false,Rx,0,8,69,00,A3,A3,A3,A3,A3,A3,
681629794,000003AF,false,Rx,0,8,B9,00,00,00,00,00,00,00,
681677463,000003CF,false,Rx,0,8,69,00,A3,A3,A3,A3,A3,A3,
682129930,000003AF,false,Rx,0,8,B9,00,00,00,00,00,00,00,
682181311,000003CF,false,Rx,0,8,69,00,A3,A3,A3,A3,A3,A3,
682629969,000003AF,false,Rx,0,8,B9,00,00,00,00,00,00,00,
682685233,000003CF,false,Rx,0,8,69,00,A3,A3,A3,A3,A3,A3,
683130268,000003AF,false,Rx,0,8,B9,00,00,00,00,00,00,00,
683189265,000003CF,false,Rx,0,8,69,00,A3,A3,A3,A3,A3,A3,
683630328,000003AF,false,Rx,0,8,B9,00,00,00,00,00,00,00,
683693178,000003CF,false,Rx,0,8,69,00,A3,A3,A3,A3,A3,A3,
684130432,000003AF,false,Rx,0,8,B9,00,00,00,00,00,00,00,
684197313,000003CF,false,Rx,0,8,69,00,A3,A3,A3,A3,A3,A3,
684630693,000003AF,false,Rx,0,8,B9,00,00,00,00,00,00,00,
684701197,000003CF,false,Rx,0,8,69,00,A3,A3,A3,A3,A3,A3,
685130744,000003AF,false,Rx,0,8,B9,00,00,00,00,00,00,00,
685205172,000003CF,false,Rx,0,8,69,00,A3,A3,A3,A3,A3,A3,
685630782,000003AF,false,Rx,0,8,B9,00,00,00,00,00,00,00,
685709117,000003CF,false,Rx,0,8,69,00,A3,A3,A3,A3,A3,A3,
686131036,000003AF,false,Rx,0,8,B9,00,00,00,00,00,00,00,
686213051,000003CF,false,Rx,0,8,69,00,A3,A3,A3,A3,A3,A3,
686631034,000003AF,false,Rx,0,8,B9,00,00,00,00,00,00,00,
686717104,000003CF,false,Rx,0,8,69,00,A3,A3,A3,A3,A3,A3,
687131268,000003AF,false,Rx,0,8,B9,00,00,00,00,00,00,00,
687221051,000003CF,false,Rx,0,8,69,00,A3,A3,A3,A3,A3,A3,
687631376,000003AF,false,Rx,0,8,B9,00,00,00,00,00,00,00,
687724963,000003CF,false,Rx,0,8,69,00,A3,A3,A3,A3,A3,A3,
688131459,000003AF,false,Rx,0,8,B9,00,00,00,00,00,00,00,
688228989,000003CF,false,Rx,0,8,69,00,A3,A3,A3,A3,A3,A3,
688631805,000003AF,false,Rx,0,8,B9,00,00,00,00,00,00,00,
688732840,000003CF,false,Rx,0,8,69,00,A3,A3,A3,A3,A3,A3,
689131829,000003AF,false,Rx,0,8,B9,00,00,00,00,00,00,00,
689237049,000003CF,false,Rx,0,8,69,00,A3,A3,A3,A3,A3,A3,
689632091,000003AF,false,Rx,0,8,B9,00,00,00,00,00,00,00,
689742733,000003CF,false,Rx,0,8,69,00,A3,A3,A3,A3,A3,A3,
690132152,000003AF,false,Rx,0,8,B9,00,00,00,00,00,00,00,
690245262,000003CF,false,Rx,0,8,69,00,A3,A3,A3,A3,A3,A3,
690632355,000003AF,false,Rx,0,8,B9,00,00,00,00,00,00,00,
690750432,000003CF,false,Rx,0,8,69,00,A3,A3,A3,A3,A3,A3,
691132510,000003AF,false,Rx,0,8,B9,00,00,00,00,00,00,00,
691252663,000003CF,false,Rx,0,8,69,00,A3,A3,A3,A3,A3,A3,
691632512,000003AF,false,Rx,0,8,B9,00,00,00,00,00,00,00,
691756694,000003CF,false,Rx,0,8,69,00,A3,A3,A3,A3,A3,A3,
692132756,000003AF,false,Rx,0,8,B9,00,00,00,00,00,00,00,
692261655,000003CF,false,Rx,0,8,69,00,A3,A3,A3,A3,A3,A3,
692632775,000003AF,false,Rx,0,8,B9,00,00,00,00,00,00,00,
692768488,000003CF,false,Rx,0,8,69,00,A3,A3,A3,A3,A3,A3,
693132930,000003AF,false,Rx,0,8,B9,00,00,00,00,00,00,00,
693268560,000003CF,false,Rx,0,8,69,00,A3,A3,A3,A3,A3,A3,
693632965,000003AF,false,Rx,0,8,B9,00,00,00,00,00,00,00,
693772402,000003CF,false,Rx,0,8,69,00,A3,A3,A3,A3,A3,A3,
694133145,000003AF,false,Rx,0,8,B9,00,00,00,00,00,00,00,
694276255,000003CF,false,Rx,0,8,69,00,A3,A3,A3,A3,A3,A3,
694633270,000003AF,false,Rx,0,8,B9,00,00,00,00,00,00,00,
694780418,000003CF,false,Rx,0,8,69,00,A3,A3,A3,A3,A3,A3,
695133424,000003AF,false,Rx,0,8,B9,00,00,00,00,00,00,00,
695284366,000003CF,false,Rx,0,8,69,00,A3,A3,A3,A3,A3,A3,
695633635,000003AF,false,Rx,0,8,B9,00,00,00,00,00,00,00,
695788301,000003CF,false,Rx,0,8,69,00,A3,A3,A3,A3,A3,A3,
696133820,000003AF,false,Rx,0,8,B9,00,00,00,00,00,00,00,
696292280,000003CF,false,Rx,0,8,69,00,A3,A3,A3,A3,A3,A3,
696633941,000003AF,false,Rx,0,8,B9,00,00,00,00,00,00,00,
696796202,000003CF,false,Rx,0,8,69,00,A3,A3,A3,A3,A3,A3,
697133919,000003AF,false,Rx,0,8,B9,00,00,00,00,00,00,00,
697300030,000003CF,false,Rx,0,8,69,00,A3,A3,A3,A3,A3,A3,
697634085,000003AF,false,Rx,0,8,B9,00,00,00,00,00,00,00,
697804092,000003CF,false,Rx,0,8,69,00,A3,A3,A3,A3,A3,A3,
698134409,000003AF,false,Rx,0,8,B9,00,00,00,00,00,00,00,
698308304,000003CF,false,Rx,0,8,69,00,A3,A3,A3,A3,A3,A3,
698634554,000003AF,false,Rx,0,8,B9,00,00,00,00,00,00,00,
698812042,000003CF,false,Rx,0,8,69,00,A3,A3,A3,A3,A3,A3,
699134677,000003AF,false,Rx,0,8,B9,00,00,00,00,00,00,00,
699316007,000003CF,false,Rx,0,8,69,00,A3,A3,A3,A3,A3,A3,
699634839,000003AF,false,Rx,0,8,B9,00,00,00,00,00,00,00,
699819749,000003CF,false,Rx,0,8,69,00,A3,A3,A3,A3,A3,A3,
700134858,000003AF,false,Rx,0,8,B9,00,00,00,00,00,00,00,
700323968,000003CF,false,Rx,0,8,69,00,A3,A3,A3,A3,A3,A3,
700635044,000003AF,false,Rx,0,8,B9,00,00,00,00,00,00,00,
700827790,000003CF,false,Rx,0,8,69,00,A3,A3,A3,A3,A3,A3,
701135118,000003AF,false,Rx,0,8,B9,00,00,00,00,00,00,00,
701331814,000003CF,false,Rx,0,8,69,00,A3,A3,A3,A3,A3,A3,
701635227,000003AF,false,Rx,0,8,B9,00,00,00,00,00,00,00,
701835784,000003CF,false,Rx,0,8,69,00,A3,A3,A3,A3,A3,A3,
702135721,000003AF,false,Rx,0,8,B9,00,00,00,00,00,00,00,
702339667,000003CF,false,Rx,0,8,69,00,A3,A3,A3,A3,A3,A3,
702635534,000003AF,false,Rx,0,8,B9,00,00,00,00,00,00,00,
702843676,000003CF,false,Rx,0,8,69,00,A3,A3,A3,A3,A3,A3,
703135743,000003AF,false,Rx,0,8,B9,00,00,00,00,00,00,00,
703347513,000003CF,false,Rx,0,8,69,00,A3,A3,A3,A3,A3,A3,
703635798,000003AF,false,Rx,0,8,B9,00,00,00,00,00,00,00,
703851554,000003CF,false,Rx,0,8,69,00,A3,A3,A3,A3,A3,A3,
704135910,000003AF,false,Rx,0,8,B9,00,00,00,00,00,00,00,
704355588,000003CF,false,Rx,0,8,69,00,A3,A3,A3,A3,A3,A3,
704636124,000003AF,false,Rx,0,8,B9,00,00,00,00,00,00,00,
704859508,000003CF,false,Rx,0,8,69,00,A3,A3,A3,A3,A3,A3,
705136272,000003AF,false,Rx,0,8,B9,00,00,00,00,00,00,00,
705363438,000003CF,false,Rx,0,8,69,00,A3,A3,A3,A3,A3,A3,
705636367,000003AF,false,Rx,0,8,B9,00,00,00,00,00,00,00,
705867242,000003CF,false,Rx,0,8,69,00,A3,A3,A3,A3,A3,A3,
706136442,000003AF,false,Rx,0,8,B9,00,00,00,00,00,00,00,
706371378,000003CF,false,Rx,0,8,69,00,A3,A3,A3,A3,A3,A3,
706636655,000003AF,false,Rx,0,8,B9,00,00,00,00,00,00,00,
706875364,000003CF,false,Rx,0,8,69,00,A3,A3,A3,A3,A3,A3,
707136808,000003AF,false,Rx,0,8,B9,00,00,00,00,00,00,00,
707379268,000003CF,false,Rx,0,8,69,00,A3,A3,A3,A3,A3,A3,
707636925,000003AF,false,Rx,0,8,B9,00,00,00,00,00,00,00,
707883160,000003CF,false,Rx,0,8,69,00,A3,A3,A3,A3,A3,A3,
708136994,000003AF,false,Rx,0,8,B9,00,00,00,00,00,00,00,
708387188,000003CF,false,Rx,0,8,69,00,A3,A3,A3,A3,A3,A3,
708637211,000003AF,false,Rx,0,8,B9,00,00,00,00,00,00,00,
708891081,000003CF,false,Rx,0,8,69,00,A3,A3,A3,A3,A3,A3,
709137335,000003AF,false,Rx,0,8,B9,00,00,00,00,00,00,00,
709394974,000003CF,false,Rx,0,8,69,00,A3,A3,A3,A3,A3,A3,
709637376,000003AF,false,Rx,0,8,B9,00,00,00,00,00,00,00,
709899073,000003CF,false,Rx,0,8,69,00,A3,A3,A3,A3,A3,A3,
710137473,000003AF,false,Rx,0,8,B9,00,00,00,00,00,00,00,
710402906,000003CF,false,Rx,0,8,69,00,A3,A3,A3,A3,A3,A3,
710637629,000003AF,false,Rx,0,8,B9,00,00,00,00,00,00,00,
710906850,000003CF,false,Rx,0,8,69,00,A3,A3,A3,A3,A3,A3,
711137865,000003AF,false,Rx,0,8,B9,00,00,00,00,00,00,00,
711410930,000003CF,false,Rx,0,8,69,00,A3,A3,A3,A3,A3,A3,
711637893,000003AF,false,Rx,0,8,B9,00,00,00,00,00,00,00,
711914711,000003CF,false,Rx,0,8,69,00,A3,A3,A3,A3,A3,A3,
712138055,000003AF,false,Rx,0,8,B9,00,00,00,00,00,00,00,
712418799,000003CF,false,Rx,0,8,69,00,A3,A3,A3,A3,A3,A3,
712638165,000003AF,false,Rx,0,8,B9,00,00,00,00,00,00,00,
712922744,000003CF,false,Rx,0,8,69,00,A3,A3,A3,A3,A3,A3,
713138325,000003AF,false,Rx,0,8,B9,00,00,00,00,00,00,00,
713426718,000003CF,false,Rx,0,8,69,00,A3,A3,A3,A3,A3,A3,
713638570,000003AF,false,Rx,0,8,B9,00,00,00,00,00,00,00,
713930588,000003CF,false,Rx,0,8,69,00,A3,A3,A3,A3,A3,A3,
714138737,000003AF,false,Rx,0,8,B9,00,00,00,00,00,00,00,
714434680,000003CF,false,Rx,0,8,69,00,A3,A3,A3,A3,A3,A3,
714638923,000003AF,false,Rx,0,8,B9,00,00,00,00,00,00,00,
714938672,000003CF,false,Rx,0,8,69,00,A3,A3,A3,A3,A3,A3,
715139029,000003AF,false,Rx,0,8,B9,00,00,00,00,00,00,00,
715442528,000003CF,false,Rx,0,8,69,00,A3,A3,A3,A3,A3,A3,
715639118,000003AF,false,Rx,0,8,B9,00,00,00,00,00,00,00,
715946411,000003CF,false,Rx,0,8,69,00,A3,A3,A3,A3,A3,A3,
716139319,000003AF,false,Rx,0,8,B9,00,00,00,00,00,00,00,
716450398,000003CF,false,Rx,0,8,69,00,A3,A3,A3,A3,A3,A3,
716639397,000003AF,false,Rx,0,8,B9,00,00,00,00,00,00,00,
716954477,000003CF,false,Rx,0,8,69,00,A3,A3,A3,A3,A3,A3,
717139413,000003AF,false,Rx,0,8,B9,00,00,00,00,00,00,00,
717458463,000003CF,false,Rx,0,8,69,00,A3,A3,A3,A3,A3,A3,
717639696,000003AF,false,Rx,0,8,B9,00,00,00,00,00,00,00,
717962181,000003CF,false,Rx,0,8,69,00,A3,A3,A3,A3,A3,A3,
718139773,000003AF,false,Rx,0,8,B9,00,00,00,00,00,00,00,
718466317,000003CF,false,Rx,0,8,69,00,A3,A3,A3,A3,A3,A3,
718639985,000003AF,false,Rx,0,8,B9,00,00,00,00,00,00,00,
718970261,000003CF,false,Rx,0,8,69,00,A3,A3,A3,A3,A3,A3,
719140185,000003AF,false,Rx,0,8,B9,00,00,00,00,00,00,00,
719474278,000003CF,false,Rx,0,8,69,00,A3,A3,A3,A3,A3,A3,
719640274,000003AF,false,Rx,0,8,B9,00,00,00,00,00,00,00,
719978178,000003CF,false,Rx,0,8,69,00,A3,A3,A3,A3,A3,A3,
720140365,000003AF,false,Rx,0,8,B9,00,00,00,00,00,00,00,
720482167,000003CF,false,Rx,0,8,69,00,A3,A3,A3,A3,A3,A3,
720640408,000003AF,false,Rx,0,8,B9,00,00,00,00,00,00,00,
720986107,000003CF,false,Rx,0,8,69,00,A3,A3,A3,A3,A3,A3,
721140504,000003AF,false,Rx,0,8,B9,00,00,00,00,00,00,00,
721491869,000003CF,false,Rx,0,8,69,00,A3,A3,A3,A3,A3,A3,
721640742,000003AF,false,Rx,0,8,B9,00,00,00,00,00,00,00,
721994159,000003CF,false,Rx,0,8,69,00,A3,A3,A3,A3,A3,A3,
722140779,000003AF,false,Rx,0,8,B9,00,00,00,00,00,00,00,
722498276,000003CF,false,Rx,0,8,69,00,A3,A3,A3,A3,A3,A3,
722641054,000003AF,false,Rx,0,8,B9,00,00,00,00,00,00,00,
723003544,000003CF,false,Rx,0,8,69,00,A3,A3,A3,A3,A3,A3,
723141067,000003AF,false,Rx,0,8,B9,00,00,00,00,00,00,00,
723505843,000003CF,false,Rx,0,8,69,00,A3,A3,A3,A3,A3,A3,
723641344,000003AF,false,Rx,0,8,B9,00,00,00,00,00,00,00,
724009652,000003CF,false,Rx,0,8,69,00,A3,A3,A3,A3,A3,A3,
724141428,000003AF,false,Rx,0,8,B9,00,00,00,00,00,00,00,
724514745,000003CF,false,Rx,0,8,69,00,A3,A3,A3,A3,A3,A3,
724641520,000003AF,false,Rx,0,8,B9,00,00,00,00,00,00,00,
725021878,000003CF,false,Rx,0,8,69,00,A3,A3,A3,A3,A3,A3,
725141733,000003AF,false,Rx,0,8,B9,00,00,00,00,00,00,00,
725521706,000003CF,false,Rx,0,8,69,00,A3,A3,A3,A3,A3,A3,
725641856,000003AF,false,Rx,0,8,B9,00,00,00,00,00,00,00,
726025639,000003CF,false,Rx,0,8,69,00,A3,A3,A3,A3,A3,A3,
726141881,000003AF,false,Rx,0,8,B9,00,00,00,00,00,00,00,
726529777,000003CF,false,Rx,0,8,69,00,A3,A3,A3,A3,A3,A3,
726642115,000003AF,false,Rx,0,8,B9,00,00,00,00,00,00,00,
727033430,000003CF,false,Rx,0,8,69,00,A3,A3,A3,A3,A3,A3,
727142108,000003AF,false,Rx,0,8,B9,00,00,00,00,00,00,00,
727537496,000003CF,false,Rx,0,8,69,00,A3,A3,A3,A3,A3,A3,
727642244,000003AF,false,Rx,0,8,B9,00,00,00,00,00,00,00,
728041436,000003CF,false,Rx,0,8,69,00,A3,A3,A3,A3,A3,A3,
728142430,000003AF,false,Rx,0,8,B9,00,00,00,00,00,00,00,
728545634,000003CF,false,Rx,0,8,69,00,A3,A3,A3,A3,A3,A3,
728642685,000003AF,false,Rx,0,8,B9,00,00,00,00,00,00,00,
729049375,000003CF,false,Rx,0,8,69,00,A3,A3,A3,A3,A3,A3,
729142868,000003AF,false,Rx,0,8,B9,00,00,00,00,00,00,00,
729553380,000003CF,false,Rx,0,8,69,00,A3,A3,A3,A3,A3,A3,
729642971,000003AF,false,Rx,0,8,B9,00,00,00,00,00,00,00,
730057291,000003CF,false,Rx,0,8,69,00,A3,A3,A3,A3,A3,A3,
730143120,000003AF,false,Rx,0,8,B9,00,00,00,00,00,00,00,
730561225,000003CF,false,Rx,0,8,69,00,A3,A3,A3,A3,A3,A3,
730643193,000003AF,false,Rx,0,8,B9,00,00,00,00,00,00,00,
731065199,000003CF,false,Rx,0,8,69,00,A3,A3,A3,A3,A3,A3,
731143381,000003AF,false,Rx,0,8,B9,00,00,00,00,00,00,00,
731569238,000003CF,false,Rx,0,8,69,00,A3,A3,A3,A3,A3,A3,
731643523,000003AF,false,Rx,0,8,B9,00,00,00,00,00,00,00,
732073149,000003CF,false,Rx,0,8,69,00,A3,A3,A3,A3,A3,A3,
732143500,000003AF,false,Rx,0,8,B9,00,00,00,00,00,00,00,
732577121,000003CF,false,Rx,0,8,69,00,A3,A3,A3,A3,A3,A3,
732643789,000003AF,false,Rx,0,8,B9,00,00,00,00,00,00,00,
733081037,000003CF,false,Rx,0,8,69,00,A3,A3,A3,A3,A3,A3,
733143938,000003AF,false,Rx,0,8,B9,00,00,00,00,00,00,00,
733585174,000003CF,false,Rx,0,8,69,00,A3,A3,A3,A3,A3,A3,
733644046,000003AF,false,Rx,0,8,B9,00,00,00,00,00,00,00,
734088993,000003CF,false,Rx,0,8,69,00,A3,A3,A3,A3,A3,A3,
734144180,000003AF,false,Rx,0,8,B9,00,00,00,00,00,00,00,
734592978,000003CF,false,Rx,0,8,69,00,A3,A3,A3,A3,A3,A3,
734644325,000003AF,false,Rx,0,8,B9,00,00,00,00,00,00,00,
735096776,000003CF,false,Rx,0,8,69,00,A3,A3,A3,A3,A3,A3,
735144411,000003AF,false,Rx,0,8,B9,00,00,00,00,00,00,00,
735600842,000003CF,false,Rx,0,8,69,00,A3,A3,A3,A3,A3,A3,
735644599,000003AF,false,Rx,0,8,B9,00,00,00,00,00,00,00,
736104721,000003CF,false,Rx,0,8,69,00,A3,A3,A3,A3,A3,A3,
736144769,000003AF,false,Rx,0,8,B9,00,00,00,00,00,00,00,
736608798,000003CF,false,Rx,0,8,69,00,A3,A3,A3,A3,A3,A3,
736644913,000003AF,false,Rx,0,8,B9,00,00,00,00,00,00,00,
737112742,000003CF,false,Rx,0,8,69,00,A3,A3,A3,A3,A3,A3,
737145006,000003AF,false,Rx,0,8,B9,00,00,00,00,00,00,00,
737616808,000003CF,false,Rx,0,8,69,00,A3,A3,A3,A3,A3,A3,
737645171,000003AF,false,Rx,0,8,B9,00,00,00,00,00,00,00,
738120532,000003CF,false,Rx,0,8,69,00,A3,A3,A3,A3,A3,A3,
738145264,000003AF,false,Rx,0,8,B9,00,00,00,00,00,00,00,
738624619,000003CF,false,Rx,0,8,69,00,A3,A3,A3,A3,A3,A3,
738645390,000003AF,false,Rx,0,8,B9,00,00,00,00,00,00,00,
739128516,000003CF,false,Rx,0,8,69,00,A3,A3,A3,A3,A3,A3,
739145511,000003AF,false,Rx,0,8,B9,00,00,00,00,00,00,00,
739632354,000003CF,false,Rx,0,8,69,00,A3,A3,A3,A3,A3,A3,
739645730,000003AF,false,Rx,0,8,B9,00,00,00,00,00,00,00,
740136457,000003CF,false,Rx,0,8,69,00,A3,A3,A3,A3,A3,A3,
740145860,000003AF,false,Rx,0,8,B9,00,00,00,00,00,00,00,
740640475,000003CF,false,Rx,0,8,69,00,A3,A3,A3,A3,A3,A3,
740645969,000003AF,false,Rx,0,8,B9,00,00,00,00,00,00,00,
741144172,000003CF,false,Rx,0,8,69,00,A3,A3,A3,A3,A3,A3,
741146117,000003AF,false,Rx,0,8,B9,00,00,00,00,00,00,00,
741646350,000003AF,false,Rx,0,8,B9,00,00,00,00,00,00,00,
741648279,000003CF,false,Rx,0,8,69,00,A3,A3,A3,A3,A3,A3,
742146477,000003AF,false,Rx,0,8,B9,00,00,00,00,00,00,00,
742152302,000003CF,false,Rx,0,8,69,00,A3,A3,A3,A3,A3,A3,
742646520,000003AF,false,Rx,0,8,B9,00,00,00,00,00,00,00,
742656145,000003CF,false,Rx,0,8,69,00,A3,A3,A3,A3,A3,A3,
743146707,000003AF,false,Rx,0,8,B9,00,00,00,00,00,00,00,
743160080,000003CF,false,Rx,0,8,69,00,A3,A3,A3,A3,A3,A3,
743646720,000003AF,false,Rx,0,8,B9,00,00,00,00,00,00,00,
743663960,000003CF,false,Rx,0,8,69,00,A3,A3,A3,A3,A3,A3,
744146960,000003AF,false,Rx,0,8,B9,00,00,00,00,00,00,00,
744168118,000003CF,false,Rx,0,8,69,00,A3,A3,A3,A3,A3,A3,
744647093,000003AF,false,Rx,0,8,B9,00,00,00,00,00,00,00,
744672044,000003CF,false,Rx,0,8,69,00,A3,A3,A3,A3,A3,A3,
745147250,000003AF,false,Rx,0,8,B9,00,00,00,00,00,00,00,
745175947,000003CF,false,Rx,0,8,69,00,A3,A3,A3,A3,A3,A3,
745647319,000003AF,false,Rx,0,8,B9,00,00,00,00,00,00,00,
745679791,000003CF,false,Rx,0,8,69,00,A3,A3,A3,A3,A3,A3,
746147404,000003AF,false,Rx,0,8,B9,00,00,00,00,00,00,00,
746183955,000003CF,false,Rx,0,8,69,00,A3,A3,A3,A3,A3,A3,
746647674,000003AF,false,Rx,0,8,B9,00,00,00,00,00,00,00,
746687689,000003CF,false,Rx,0,8,69,00,A3,A3,A3,A3,A3,A3,
747147758,000003AF,false,Rx,0,8,B9,00,00,00,00,00,00,00,
747191722,000003CF,false,Rx,0,8,69,00,A3,A3,A3,A3,A3,A3,
747647925,000003AF,false,Rx,0,8,B9,00,00,00,00,00,00,00,
747695693,000003CF,false,Rx,0,8,69,00,A3,A3,A3,A3,A3,A3,
748148081,000003AF,false,Rx,0,8,B9,00,00,00,00,00,00,00,
748199820,000003CF,false,Rx,0,8,69,00,A3,A3,A3,A3,A3,A3,
748648163,000003AF,false,Rx,0,8,B9,00,00,00,00,00,00,00,
748703637,000003CF,false,Rx,0,8,69,00,A3,A3,A3,A3,A3,A3,
749148191,000003AF,false,Rx,0,8,B9,00,00,00,00,00,00,00,
749207719,000003CF,false,Rx,0,8,69,00,A3,A3,A3,A3,A3,A3,
749648359,000003AF,false,Rx,0,8,B9,00,00,00,00,00,00,00,
749711656,000003CF,false,Rx,0,8,69,00,A3,A3,A3,A3,A3,A3,
750148481,000003AF,false,Rx,0,8,B9,00,00,00,00,00,00,00,
750215561,000003CF,false,Rx,0,8,69,00,A3,A3,A3,A3,A3,A3,
750648750,000003AF,false,Rx,0,8,B9,00,00,00,00,00,00,00,
750719524,000003CF,false,Rx,0,8,69,00,A3,A3,A3,A3,A3,A3,
751148787,000003AF,false,Rx,0,8,B9,00,00,00,00,00,00,00,
751223478,000003CF,false,Rx,0,8,69,00,A3,A3,A3,A3,A3,A3,
751648974,000003AF,false,Rx,0,8,B9,00,00,00,00,00,00,00,
751727431,000003CF,false,Rx,0,8,69,00,A3,A3,A3,A3,A3,A3,
752149050,000003AF,false,Rx,0,8,B9,00,00,00,00,00,00,00,
752231443,000003CF,false,Rx,0,8,69,00,A3,A3,A3,A3,A3,A3,
752649272,000003AF,false,Rx,0,8,B9,00,00,00,00,00,00,00,
752735256,000003CF,false,Rx,0,8,69,00,A3,A3,A3,A3,A3,A3,
753149285,000003AF,false,Rx,0,8,B9,00,00,00,00,00,00,00,
753239488,000003CF,false,Rx,0,8,69,00,A3,A3,A3,A3,A3,A3,
753649612,000003AF,false,Rx,0,8,B9,00,00,00,00,00,00,00,
753743446,000003CF,false,Rx,0,8,69,00,A3,A3,A3,A3,A3,A3,
754149643,000003AF,false,Rx,0,8,B9,00,00,00,00,00,00,00,
754247612,000003CF,false,Rx,0,8,69,00,A3,A3,A3,A3,A3,A3,
754649816,000003AF,false,Rx,0,8,B9,00,00,00,00,00,00,00,
754752536,000003CF,false,Rx,0,8,69,00,A3,A3,A3,A3,A3,A3,
755149806,000003AF,false,Rx,0,8,B9,00,00,00,00,00,00,00,
755256970,000003CF,false,Rx,0,8,69,00,A3,A3,A3,A3,A3,A3,
755650049,000003AF,false,Rx,0,8,B9,00,00,00,00,00,00,00,
755758935,000003CF,false,Rx,0,8,69,00,A3,A3,A3,A3,A3,A3,
756150149,000003AF,false,Rx,0,8,B9,00,00,00,00,00,00,00,
756262991,000003CF,false,Rx,0,8,69,00,A3,A3,A3,A3,A3,A3,
756650362,000003AF,false,Rx,0,8,B9,00,00,00,00,00,00,00,
756768314,000003CF,false,Rx,0,8,69,00,A3,A3,A3,A3,A3,A3,
757150506,000003AF,false,Rx,0,8,B9,00,00,00,00,00,00,00,
757274268,000003CF,false,Rx,0,8,69,00,A3,A3,A3,A3,A3,A3,
757650504,000003AF,false,Rx,0,8,B9,00,00,00,00,00,00,00,
757774895,000003CF,false,Rx,0,8,69,00,A3,A3,A3,A3,A3,A3,
758150788,000003AF,false,Rx,0,8,B9,00,00,00,00,00,00,00,
758278917,000003CF,false,Rx,0,8,69,00,A3,A3,A3,A3,A3,A3,
758651196,000003AF,false,Rx,0,8,B9,00,00,00,00,00,00,00,
758782799,000003CF,false,Rx,0,8,69,00,A3,A3,A3,A3,A3,A3,
759152960,000003AF,false,Rx,0,8,B9,00,00,00,00,00,00,00,
759286768,000003CF,false,Rx,0,8,69,00,A3,A3,A3,A3,A3,A3,
759651262,000003AF,false,Rx,0,8,B9,00,00,00,00,00,00,00,
759790847,000003CF,false,Rx,0,8,69,00,A3,A3,A3,A3,A3,A3,
760151359,000003AF,false,Rx,0,8,B9,00,00,00,00,00,00,00,
760294566,000003CF,false,Rx,0,8,69,00,A3,A3,A3,A3,A3,A3,
760651377,000003AF,false,Rx,0,8,B9,00,00,00,00,00,00,00,
760798483,000003CF,false,Rx,0,8,69,00,A3,A3,A3,A3,A3,A3,
761151476,000003AF,false,Rx,0,8,B9,00,00,00,00,00,00,00,
761302574,000003CF,false,Rx,0,8,69,00,A3,A3,A3,A3,A3,A3,
761651698,000003AF,false,Rx,0,8,B9,00,00,00,00,00,00,00,
761806506,000003CF,false,Rx,0,8,69,00,A3,A3,A3,A3,A3,A3,
762151905,000003AF,false,Rx,0,8,B9,00,00,00,00,00,00,00,
762310554,000003CF,false,Rx,0,8,69,00,A3,A3,A3,A3,A3,A3,
762651928,000003AF,false,Rx,0,8,B9,00,00,00,00,00,00,00,
762814505,000003CF,false,Rx,0,8,69,00,A3,A3,A3,A3,A3,A3,
763152160,000003AF,false,Rx,0,8,B9,00,00,00,00,00,00,00,
763318428,000003CF,false,Rx,0,8,69,00,A3,A3,A3,A3,A3,A3,
763652319,000003AF,false,Rx,0,8,B9,00,00,00,00,00,00,00,
763822371,000003CF,false,Rx,0,8,69,00,A3,A3,A3,A3,A3,A3,
764152338,000003AF,false,Rx,0,8,B9,00,00,00,00,00,00,00,
764326318,000003CF,false,Rx,0,8,69,00,A3,A3,A3,A3,A3,A3,
764652627,000003AF,false,Rx,0,8,B9,00,00,00,00,00,00,00,
764830317,000003CF,false,Rx,0,8,69,00,A3,A3,A3,A3,A3,A3,
765152784,000003AF,false,Rx,0,8,B9,00,00,00,00,00,00,00,
765334271,000003CF,false,Rx,0,8,69,00,A3,A3,A3,A3,A3,A3,
765652838,000003AF,false,Rx,0,8,B9,00,00,00,00,00,00,00,
765838179,000003CF,false,Rx,0,8,69,00,A3,A3,A3,A3,A3,A3,
766152918,000003AF,false,Rx,0,8,B9,00,00,00,00,00,00,00,
766342192,000003CF,false,Rx,0,8,69,00,A3,A3,A3,A3,A3,A3,
766653067,000003AF,false,Rx,0,8,B9,00,00,00,00,00,00,00,
766845988,000003CF,false,Rx,0,8,69,00,A3,A3,A3,A3,A3,A3,
767153273,000003AF,false,Rx,0,8,B9,00,00,00,00,00,00,00,
767350143,000003CF,false,Rx,0,8,69,00,A3,A3,A3,A3,A3,A3,
767653371,000003AF,false,Rx,0,8,B9,00,00,00,00,00,00,00,
767853900,000003CF,false,Rx,0,8,69,00,A3,A3,A3,A3,A3,A3,
768153724,000003AF,false,Rx,0,8,B9,00,00,00,00,00,00,00,
768358036,000003CF,false,Rx,0,8,69,00,A3,A3,A3,A3,A3,A3,
768653564,000003AF,false,Rx,0,8,B9,00,00,00,00,00,00,00,
768861968,000003CF,false,Rx,0,8,69,00,A3,A3,A3,A3,A3,A3,
769153687,000003AF,false,Rx,0,8,B9,00,00,00,00,00,00,00,
769365880,000003CF,false,Rx,0,8,69,00,A3,A3,A3,A3,A3,A3,
769653903,000003AF,false,Rx,0,8,B9,00,00,00,00,00,00,00,
769869803,000003CF,false,Rx,0,8,69,00,A3,A3,A3,A3,A3,A3,
770154082,000003AF,false,Rx,0,8,B9,00,00,00,00,00,00,00,
770373889,000003CF,false,Rx,0,8,69,00,A3,A3,A3,A3,A3,A3,
770654033,000003AF,false,Rx,0,8,B9,00,00,00,00,00,00,00,
770877748,000003CF,false,Rx,0,8,69,00,A3,A3,A3,A3,A3,A3,
771154382,000003AF,false,Rx,0,8,B9,00,00,00,00,00,00,00,
771381801,000003CF,false,Rx,0,8,69,00,A3,A3,A3,A3,A3,A3,
771654486,000003AF,false,Rx,0,8,B9,00,00,00,00,00,00,00,
771885701,000003CF,false,Rx,0,8,69,00,A3,A3,A3,A3,A3,A3,
772155744,000003AF,false,Rx,0,8,B9,00,00,00,00,00,00,00,
772389502,000003CF,false,Rx,0,8,69,00,A3,A3,A3,A3,A3,A3,
772654746,000003AF,false,Rx,0,8,B9,00,00,00,00,00,00,00,
772893536,000003CF,false,Rx,0,8,69,00,A3,A3,A3,A3,A3,A3,
773154893,000003AF,false,Rx,0,8,B9,00,00,00,00,00,00,00,
773397587,000003CF,false,Rx,0,8,69,00,A3,A3,A3,A3,A3,A3,
773655000,000003AF,false,Rx,0,8,B9,00,00,00,00,00,00,00,
773901437,000003CF,false,Rx,0,8,69,00,A3,A3,A3,A3,A3,A3,
774155192,000003AF,false,Rx,0,8,B9,00,00,00,00,00,00,00,
774405619,000003CF,false,Rx,0,8,69,00,A3,A3,A3,A3,A3,A3,
774655272,000003AF,false,Rx,0,8,B9,00,00,00,00,00,00,00,
774909329,000003CF,false,Rx,0,8,69,00,A3,A3,A3,A3,A3,A3,
775155305,000003AF,false,Rx,0,8,B9,00,00,00,00,00,00,00,
775413405,000003CF,false,Rx,0,8,69,00,A3,A3,A3,A3,A3,A3,
775655521,000003AF,false,Rx,0,8,B9,00,00,00,00,00,00,00,
775917160,000003CF,false,Rx,0,8,69,00,A3,A3,A3,A3,A3,A3,
776155544,000003AF,false,Rx,0,8,B9,00,00,00,00,00,00,00,
776421277,000003CF,false,Rx,0,8,69,00,A3,A3,A3,A3,A3,A3,
776655863,000003AF,false,Rx,0,8,B9,00,00,00,00,00,00,00,
776925196,000003CF,false,Rx,0,8,69,00,A3,A3,A3,A3,A3,A3,
777155908,000003AF,false,Rx,0,8,B9,00,00,00,00,00,00,00,
777429175,000003CF,false,Rx,0,8,69,00,A3,A3,A3,A3,A3,A3,
777655945,000003AF,false,Rx,0,8,B9,00,00,00,00,00,00,00,
777933191,000003CF,false,Rx,0,8,69,00,A3,A3,A3,A3,A3,A3,
778156278,000003AF,false,Rx,0,8,B9,00,00,00,00,00,00,00,
778437130,000003CF,false,Rx,0,8,69,00,A3,A3,A3,A3,A3,A3,
778656391,000003AF,false,Rx,0,8,B9,00,00,00,00,00,00,00,
778941043,000003CF,false,Rx,0,8,69,00,A3,A3,A3,A3,A3,A3,
779156511,000003AF,false,Rx,0,8,B9,00,00,00,00,00,00,00,
779444996,000003CF,false,Rx,0,8,69,00,A3,A3,A3,A3,A3,A3,
779656624,000003AF,false,Rx,0,8,B9,00,00,00,00,00,00,00,
779949075,000003CF,false,Rx,0,8,69,00,A3,A3,A3,A3,A3,A3,
780156771,000003AF,false,Rx,0,8,B9,00,00,00,00,00,00,00,
780452873,000003CF,false,Rx,0,8,69,00,A3,A3,A3,A3,A3,A3,
780656830,000003AF,false,Rx,0,8,B9,00,00,00,00,00,00,00,
780956741,000003CF,false,Rx,0,8,69,00,A3,A3,A3,A3,A3,A3,
781157066,000003AF,false,Rx,0,8,B9,00,00,00,00,00,00,00,
781460759,000003CF,false,Rx,0,8,69,00,A3,A3,A3,A3,A3,A3,
781657585,000003AF,false,Rx,0,8,B9,00,00,00,00,00,00,00,
781964702,000003CF,false,Rx,0,8,69,00,A3,A3,A3,A3,A3,A3,
782157346,000003AF,false,Rx,0,8,B9,00,00,00,00,00,00,00,
782468766,000003CF,false,Rx,0,8,69,00,A3,A3,A3,A3,A3,A3,
782657423,000003AF,false,Rx,0,8,B9,00,00,00,00,00,00,00,
782972707,000003CF,false,Rx,0,8,69,00,A3,A3,A3,A3,A3,A3,
783157659,000003AF,false,Rx,0,8,B9,00,00,00,00,00,00,00,
783476619,000003CF,false,Rx,0,8,69,00,A3,A3,A3,A3,A3,A3,
783657769,000003AF,false,Rx,0,8,B9,00,00,00,00,00,00,00,
783980561,000003CF,false,Rx,0,8,69,00,A3,A3,A3,A3,A3,A3,
784157833,000003AF,false,Rx,0,8,B9,00,00,00,00,00,00,00,
784484588,000003CF,false,Rx,0,8,69,00,A3,A3,A3,A3,A3,A3,
784657961,000003AF,false,Rx,0,8,B9,00,00,00,00,00,00,00,
784988576,000003CF,false,Rx,0,8,69,00,A3,A3,A3,A3,A3,A3,
785158183,000003AF,false,Rx,0,8,B9,00,00,00,00,00,00,00,
785492371,000003CF,false,Rx,0,8,69,00,A3,A3,A3,A3,A3,A3,
785658333,000003AF,false,Rx,0,8,B9,00,00,00,00,00,00,00,
785996442,000003CF,false,Rx,0,8,69,00,A3,A3,A3,A3,A3,A3,
786158434,000003AF,false,Rx,0,8,B9,00,00,00,00,00,00,00,
786500575,000003CF,false,Rx,0,8,69,00,A3,A3,A3,A3,A3,A3,
786658528,000003AF,false,Rx,0,8,B9,00,00,00,00,00,00,00,
787004994,000003CF,false,Rx,0,8,69,00,A3,A3,A3,A3,A3,A3,
787158723,000003AF,false,Rx,0,8,B9,00,00,00,00,00,00,00,
787509972,000003CF,false,Rx,0,8,69,00,A3,A3,A3,A3,A3,A3,
787658895,000003AF,false,Rx,0,8,B9,00,00,00,00,00,00,00,
788012440,000003CF,false,Rx,0,8,69,00,A3,A3,A3,A3,A3,A3,
788159029,000003AF,false,Rx,0,8,B9,00,00,00,00,00,00,00,
788516309,000003CF,false,Rx,0,8,69,00,A3,A3,A3,A3,A3,A3,
788659059,000003AF,false,Rx,0,8,B9,00,00,00,00,00,00,00,
789021816,000003CF,false,Rx,0,8,69,00,A3,A3,A3,A3,A3,A3,
789159280,000003AF,false,Rx,0,8,B9,00,00,00,00,00,00,00,
789527490,000003CF,false,Rx,0,8,69,00,A3,A3,A3,A3,A3,A3,
789659279,000003AF,false,Rx,0,8,B9,00,00,00,00,00,00,00,
790028097,000003CF,false,Rx,0,8,69,00,A3,A3,A3,A3,A3,A3,
790159756,000003AF,false,Rx,0,8,B9,00,00,00,00,00,00,00,
790532103,000003CF,false,Rx,0,8,69,00,A3,A3,A3,A3,A3,A3,
790660766,000003AF,false,Rx,0,8,B9,00,00,00,00,00,00,00,
791036045,000003CF,false,Rx,0,8,69,00,A3,A3,A3,A3,A3,A3,
791159692,000003AF,false,Rx,0,8,B9,00,00,00,00,00,00,00,
791539992,000003CF,false,Rx,0,8,69,00,A3,A3,A3,A3,A3,A3,
791659849,000003AF,false,Rx,0,8,B9,00,00,00,00,00,00,00,
792043929,000003CF,false,Rx,0,8,69,00,A3,A3,A3,A3,A3,A3,
792160049,000003AF,false,Rx,0,8,B9,00,00,00,00,00,00,00,
792547831,000003CF,false,Rx,0,8,69,00,A3,A3,A3,A3,A3,A3,
792660213,000003AF,false,Rx,0,8,B9,00,00,00,00,00,00,00,
793051845,000003CF,false,Rx,0,8,69,00,A3,A3,A3,A3,A3,A3,
793160311,000003AF,false,Rx,0,8,B9,00,00,00,00,00,00,00,
793555712,000003CF,false,Rx,0,8,69,00,A3,A3,A3,A3,A3,A3,
793660458,000003AF,false,Rx,0,8,B9,00,00,00,00,00,00,00,
794059763,000003CF,false,Rx,0,8,69,00,A3,A3,A3,A3,A3,A3,
794160620,000003AF,false,Rx,0,8,B9,00,00,00,00,00,00,00,
794563670,000003CF,false,Rx,0,8,69,00,A3,A3,A3,A3,A3,A3,
794660766,000003AF,false,Rx,0,8,B9,00,00,00,00,00,00,00,
795067707,000003CF,false,Rx,0,8,69,00,A3,A3,A3,A3,A3,A3,
795160864,000003AF,false,Rx,0,8,B9,00,00,00,00,00,00,00,
795571607,000003CF,false,Rx,0,8,69,00,A3,A3,A3,A3,A3,A3,
795661034,000003AF,false,Rx,0,8,B9,00,00,00,00,00,00,00,
796075423,000003CF,false,Rx,0,8,69,00,A3,A3,A3,A3,A3,A3,
796161116,000003AF,false,Rx,0,8,B9,00,00,00,00,00,00,00,
796579554,000003CF,false,Rx,0,8,69,00,A3,A3,A3,A3,A3,A3,
796661245,000003AF,false,Rx,0,8,B9,00,00,00,00,00,00,00,
797083487,000003CF,false,Rx,0,8,69,00,A3,A3,A3,A3,A3,A3,
797161470,000003AF,false,Rx,0,8,B9,00,00,00,00,00,00,00,
797587497,000003CF,false,Rx,0,8,69,00,A3,A3,A3,A3,A3,A3,
797661652,000003AF,false,Rx,0,8,B9,00,00,00,00,00,00,00,
798091405,000003CF,false,Rx,0,8,69,00,A3,A3,A3,A3,A3,A3,
798161757,000003AF,false,Rx,0,8,B9,00,00,00,00,00,00,00,
798595371,000003CF,false,Rx,0,8,69,00,A3,A3,A3,A3,A3,A3,
798661831,000003AF,false,Rx,0,8,B9,00,00,00,00,00,00,00,
799099343,000003CF,false,Rx,0,8,69,00,A3,A3,A3,A3,A3,A3,
799161918,000003AF,false,Rx,0,8,B9,00,00,00,00,00,00,00,
799603443,000003CF,false,Rx,0,8,69,00,A3,A3,A3,A3,A3,A3,
799662204,000003AF,false,Rx,0,8,B9,00,00,00,00,00,00,00,
800107222,000003CF,false,Rx,0,8,69,00,A3,A3,A3,A3,A3,A3,
800162249,000003AF,false,Rx,0,8,B9,00,00,00,00,00,00,00,
800611236,000003CF,false,Rx,0,8,69,00,A3,A3,A3,A3,A3,A3,
800662231,000003AF,false,Rx,0,8,B9,00,00,00,00,00,00,00,
801115160,000003CF,false,Rx,0,8,69,00,A3,A3,A3,A3,A3,A3,
801162407,000003AF,false,Rx,0,8,B9,00,00,00,00,00,00,00,
801619025,000003CF,false,Rx,0,8,69,00,A3,A3,A3,A3,A3,A3,
801662520,000003AF,false,Rx,0,8,B9,00,00,00,00,00,00,00,
802123079,000003CF,false,Rx,0,8,69,00,A3,A3,A3,A3,A3,A3,
802162791,000003AF,false,Rx,0,8,B9,00,00,00,00,00,00,00,
802627067,000003CF,false,Rx,0,8,69,00,A3,A3,A3,A3,A3,A3,
802662954,000003AF,false,Rx,0,8,B9,00,00,00,00,00,00,00,
803130825,000003CF,false,Rx,0,8,69,00,A3,A3,A3,A3,A3,A3,
803162933,000003AF,false,Rx,0,8,B9,00,00,00,00,00,00,00,
803634987,000003CF,false,Rx,0,8,69,00,A3,A3,A3,A3,A3,A3,
803663157,000003AF,false,Rx,0,8,B9,00,00,00,00,00,00,00,
804138845,000003CF,false,Rx,0,8,69,00,A3,A3,A3,A3,A3,A3,
804163361,000003AF,false,Rx,0,8,B9,00,00,00,00,00,00,00,
804642846,000003CF,false,Rx,0,8,69,00,A3,A3,A3,A3,A3,A3,
804663878,000003AF,false,Rx,0,8,B9,00,00,00,00,00,00,00,
805146646,000003CF,false,Rx,0,8,69,00,A3,A3,A3,A3,A3,A3,
805163559,000003AF,false,Rx,0,8,B9,00,00,00,00,00,00,00,
805650743,000003CF,false,Rx,0,8,69,00,A3,A3,A3,A3,A3,A3,
805663710,000003AF,false,Rx,0,8,B9,00,00,00,00,00,00,00,
806154659,000003CF,false,Rx,0,8,69,00,A3,A3,A3,A3,A3,A3,
806163823,000003AF,false,Rx,0,8,B9,00,00,00,00,00,00,00,
806658772,000003CF,false,Rx,0,8,69,00,A3,A3,A3,A3,A3,A3,
806663922,000003AF,false,Rx,0,8,B9,00,00,00,00,00,00,00,
807162586,000003CF,false,Rx,0,8,69,00,A3,A3,A3,A3,A3,A3,
807164140,000003AF,false,Rx,0,8,B9,00,00,00,00,00,00,00,
807664358,000003AF,false,Rx,0,8,B9,00,00,00,00,00,00,00,
807666426,000003CF,false,Rx,0,8,69,00,A3,A3,A3,A3,A3,A3,
808164384,000003AF,false,Rx,0,8,B9,00,00,00,00,00,00,00,
808170464,000003CF,false,Rx,0,8,69,00,A3,A3,A3,A3,A3,A3,
808664693,000003AF,false,Rx,0,8,B9,00,00,00,00,00,00,00,
808674328,000003CF,false,Rx,0,8,69,00,A3,A3,A3,A3,A3,A3,
809164652,000003AF,false,Rx,0,8,B9,00,00,00,00,00,00,00,
809178496,000003CF,false,Rx,0,8,69,00,A3,A3,A3,A3,A3,A3,
809664978,000003AF,false,Rx,0,8,B9,00,00,00,00,00,00,00,
809682330,000003CF,false,Rx,0,8,69,00,A3,A3,A3,A3,A3,A3,
810165062,000003AF,false,Rx,0,8,B9,00,00,00,00,00,00,00,
810186483,000003CF,false,Rx,0,8,69,00,A3,A3,A3,A3,A3,A3,
810665150,000003AF,false,Rx,0,8,B9,00,00,00,00,00,00,00,
810690349,000003CF,false,Rx,0,8,69,00,A3,A3,A3,A3,A3,A3,
811165289,000003AF,false,Rx,0,8,B9,00,00,00,00,00,00,00,
811195712,000003CF,false,Rx,0,8,69,00,A3,A3,A3,A3,A3,A3,
811665272,000003AF,false,Rx,0,8,B9,00,00,00,00,00,00,00,
811698404,000003CF,false,Rx,0,8,69,00,A3,A3,A3,A3,A3,A3,
812165515,000003AF,false,Rx,0,8,B9,00,00,00,00,00,00,00,
812202148,000003CF,false,Rx,0,8,69,00,A3,A3,A3,A3,A3,A3,
812665562,000003AF,false,Rx,0,8,B9,00,00,00,00,00,00,00,
812706117,000003CF,false,Rx,0,8,69,00,A3,A3,A3,A3,A3,A3,
813165770,000003AF,false,Rx,0,8,B9,00,00,00,00,00,00,00,
813209985,000003CF,false,Rx,0,8,69,00,A3,A3,A3,A3,A3,A3,
813665908,000003AF,false,Rx,0,8,B9,00,00,00,00,00,00,00,
813714119,000003CF,false,Rx,0,8,69,00,A3,A3,A3,A3,A3,A3,
814166097,000003AF,false,Rx,0,8,B9,00,00,00,00,00,00,00,
814218137,000003CF,false,Rx,0,8,69,00,A3,A3,A3,A3,A3,A3,
814666217,000003AF,false,Rx,0,8,B9,00,00,00,00,00,00,00,
814721998,000003CF,false,Rx,0,8,69,00,A3,A3,A3,A3,A3,A3,
815166386,000003AF,false,Rx,0,8,B9,00,00,00,00,00,00,00,
815225936,000003CF,false,Rx,0,8,69,00,A3,A3,A3,A3,A3,A3,
815666504,000003AF,false,Rx,0,8,B9,00,00,00,00,00,00,00,
815729799,000003CF,false,Rx,0,8,69,00,A3,A3,A3,A3,A3,A3,
816166676,000003AF,false,Rx,0,8,B9,00,00,00,00,00,00,00,
816233771,000003CF,false,Rx,0,8,69,00,A3,A3,A3,A3,A3,A3,
816666797,000003AF,false,Rx,0,8,B9,00,00,00,00,00,00,00,
816737770,000003CF,false,Rx,0,8,69,00,A3,A3,A3,A3,A3,A3,
817166904,000003AF,false,Rx,0,8,B9,00,00,00,00,00,00,00,
817241799,000003CF,false,Rx,0,8,69,00,A3,A3,A3,A3,A3,A3,
817666963,000003AF,false,Rx,0,8,B9,00,00,00,00,00,00,00,
817745733,000003CF,false,Rx,0,8,69,00,A3,A3,A3,A3,A3,A3,
818167185,000003AF,false,Rx,0,8,B9,00,00,00,00,00,00,00,
818249614,000003CF,false,Rx,0,8,69,00,A3,A3,A3,A3,A3,A3,
818667315,000003AF,false,Rx,0,8,B9,00,00,00,00,00,00,00,
818753608,000003CF,false,Rx,0,8,69,00,A3,A3,A3,A3,A3,A3,
819167452,000003AF,false,Rx,0,8,B9,00,00,00,00,00,00,00,
819257908,000003CF,false,Rx,0,8,69,00,A3,A3,A3,A3,A3,A3,
819667490,000003AF,false,Rx,0,8,B9,00,00,00,00,00,00,00,
819762987,000003CF,false,Rx,0,8,69,00,A3,A3,A3,A3,A3,A3,
820167804,000003AF,false,Rx,0,8,B9,00,00,00,00,00,00,00,
820265650,000003CF,false,Rx,0,8,69,00,A3,A3,A3,A3,A3,A3,
820667929,000003AF,false,Rx,0,8,B9,00,00,00,00,00,00,00,
820769586,000003CF,false,Rx,0,8,69,00,A3,A3,A3,A3,A3,A3,
821168047,000003AF,false,Rx,0,8,B9,00,00,00,00,00,00,00,
821274794,000003CF,false,Rx,0,8,69,00,A3,A3,A3,A3,A3,A3,
821668104,000003AF,false,Rx,0,8,B9,00,00,00,00,00,00,00,
821780453,000003CF,false,Rx,0,8,69,00,A3,A3,A3,A3,A3,A3,
822168314,000003AF,false,Rx,0,8,B9,00,00,00,00,00,00,00,
822281282,000003CF,false,Rx,0,8,69,00,A3,A3,A3,A3,A3,A3,
822668450,000003AF,false,Rx,0,8,B9,00,00,00,00,00,00,00,
822785160,000003CF,false,Rx,0,8,69,00,A3,A3,A3,A3,A3,A3,
823168561,000003AF,false,Rx,0,8,B9,00,00,00,00,00,00,00,
823289202,000003CF,false,Rx,0,8,69,00,A3,A3,A3,A3,A3,A3,
823668727,000003AF,false,Rx,0,8,B9,00,00,00,00,00,00,00,
823793230,000003CF,false,Rx,0,8,69,00,A3,A3,A3,A3,A3,A3,
824168822,000003AF,false,Rx,0,8,B9,00,00,00,00,00,00,00,
824297292,000003CF,false,Rx,0,8,69,00,A3,A3,A3,A3,A3,A3,
824668998,000003AF,false,Rx,0,8,B9,00,00,00,00,00,00,00,
824801101,000003CF,false,Rx,0,8,69,00,A3,A3,A3,A3,A3,A3,
825169140,000003AF,false,Rx,0,8,B9,00,00,00,00,00,00,00,
825304930,000003CF,false,Rx,0,8,69,00,A3,A3,A3,A3,A3,A3,
825669113,000003AF,false,Rx,0,8,B9,00,00,00,00,00,00,00,
825809137,000003CF,false,Rx,0,8,69,00,A3,A3,A3,A3,A3,A3,
826169408,000003AF,false,Rx,0,8,B9,00,00,00,00,00,00,00,
826312827,000003CF,false,Rx,0,8,69,00,A3,A3,A3,A3,A3,A3,
826669548,000003AF,false,Rx,0,8,B9,00,00,00,00,00,00,00,
826816778,000003CF,false,Rx,0,8,69,00,A3,A3,A3,A3,A3,A3,
827169669,000003AF,false,Rx,0,8,B9,00,00,00,00,00,00,00,
827320763,000003CF,false,Rx,0,8,69,00,A3,A3,A3,A3,A3,A3,
827669688,000003AF,false,Rx,0,8,B9,00,00,00,00,00,00,00,
827824806,000003CF,false,Rx,0,8,69,00,A3,A3,A3,A3,A3,A3,
828169802,000003AF,false,Rx,0,8,B9,00,00,00,00,00,00,00,
828328842,000003CF,false,Rx,0,8,69,00,A3,A3,A3,A3,A3,A3,
828670016,000003AF,false,Rx,0,8,B9,00,00,00,00,00,00,00,
828832789,000003CF,false,Rx,0,8,69,00,A3,A3,A3,A3,A3,A3,
829170196,000003AF,false,Rx,0,8,B9,00,00,00,00,00,00,00,
829336771,000003CF,false,Rx,0,8,69,00,A3,A3,A3,A3,A3,A3,
829670307,000003AF,false,Rx,0,8,B9,00,00,00,00,00,00,00,
829840647,000003CF,false,Rx,0,8,69,00,A3,A3,A3,A3,A3,A3,
830170472,000003AF,false,Rx,0,8,B9,00,00,00,00,00,00,00,
830344634,000003CF,false,Rx,0,8,69,00,A3,A3,A3,A3,A3,A3,
830670677,000003AF,false,Rx,0,8,B9,00,00,00,00,00,00,00,
830848604,000003CF,false,Rx,0,8,69,00,A3,A3,A3,A3,A3,A3,
831170775,000003AF,false,Rx,0,8,B9,00,00,00,00,00,00,00,
831352595,000003CF,false,Rx,0,8,69,00,A3,A3,A3,A3,A3,A3,
831670871,000003AF,false,Rx,0,8,B9,00,00,00,00,00,00,00,
831856481,000003CF,false,Rx,0,8,69,00,A3,A3,A3,A3,A3,A3,
832171063,000003AF,false,Rx,0,8,B9,00,00,00,00,00,00,00,
832360491,000003CF,false,Rx,0,8,69,00,A3,A3,A3,A3,A3,A3,
832671184,000003AF,false,Rx,0,8,B9,00,00,00,00,00,00,00,
832864380,000003CF,false,Rx,0,8,69,00,A3,A3,A3,A3,A3,A3,
833171267,000003AF,false,Rx,0,8,B9,00,00,00,00,00,00,00,
833368385,000003CF,false,Rx,0,8,69,00,A3,A3,A3,A3,A3,A3,
833671337,000003AF,false,Rx,0,8,B9,00,00,00,00,00,00,00,
833872480,000003CF,false,Rx,0,8,69,00,A3,A3,A3,A3,A3,A3,
834171604,000003AF,false,Rx,0,8,B9,00,00,00,00,00,00,00,
834376282,000003CF,false,Rx,0,8,69,00,A3,A3,A3,A3,A3,A3,
834671700,000003AF,false,Rx,0,8,B9,00,00,00,00,00,00,00,
834880166,000003CF,false,Rx,0,8,69,00,A3,A3,A3,A3,A3,A3,
835171818,000003AF,false,Rx,0,8,B9,00,00,00,00,00,00,00,
835384130,000003CF,false,Rx,0,8,69,00,A3,A3,A3,A3,A3,A3,
835671958,000003AF,false,Rx,0,8,B9,00,00,00,00,00,00,00,
835887996,000003CF,false,Rx,0,8,69,00,A3,A3,A3,A3,A3,A3,
836171981,000003AF,false,Rx,0,8,B9,00,00,00,00,00,00,00,
836391967,000003CF,false,Rx,0,8,69,00,A3,A3,A3,A3,A3,A3,
836672139,000003AF,false,Rx,0,8,B9,00,00,00,00,00,00,00,
836896137,000003CF,false,Rx,0,8,69,00,A3,A3,A3,A3,A3,A3,
837172385,000003AF,false,Rx,0,8,B9,00,00,00,00,00,00,00,
837399974,000003CF,false,Rx,0,8,69,00,A3,A3,A3,A3,A3,A3,
837672594,000003AF,false,Rx,0,8,B9,00,00,00,00,00,00,00,
837903968,000003CF,false,Rx,0,8,69,00,A3,A3,A3,A3,A3,A3,
838172655,000003AF,false,Rx,0,8,B9,00,00,00,00,00,00,00,
838407975,000003CF,false,Rx,0,8,69,00,A3,A3,A3,A3,A3,A3,
838672830,000003AF,false,Rx,0,8,B9,00,00,00,00,00,00,00,
838911742,000003CF,false,Rx,0,8,69,00,A3,A3,A3,A3,A3,A3,
839172927,000003AF,false,Rx,0,8,B9,00,00,00,00,00,00,00,
839415862,000003CF,false,Rx,0,8,69,00,A3,A3,A3,A3,A3,A3,
839673071,000003AF,false,Rx,0,8,B9,00,00,00,00,00,00,00,
839919821,000003CF,false,Rx,0,8,69,00,A3,A3,A3,A3,A3,A3,
840173260,000003AF,false,Rx,0,8,B9,00,00,00,00,00,00,00,
840423635,000003CF,false,Rx,0,8,69,00,A3,A3,A3,A3,A3,A3,
840673383,000003AF,false,Rx,0,8,B9,00,00,00,00,00,00,00,
840927553,000003CF,false,Rx,0,8,69,00,A3,A3,A3,A3,A3,A3,
841173424,000003AF,false,Rx,0,8,B9,00,00,00,00,00,00,00,
841431632,000003CF,false,Rx,0,8,69,00,A3,A3,A3,A3,A3,A3,
841673711,000003AF,false,Rx,0,8,B9,00,00,00,00,00,00,00,
841935554,000003CF,false,Rx,0,8,69,00,A3,A3,A3,A3,A3,A3,
842173730,000003AF,false,Rx,0,8,B9,00,00,00,00,00,00,00,
842439570,000003CF,false,Rx,0,8,69,00,A3,A3,A3,A3,A3,A3,
842673830,000003AF,false,Rx,0,8,B9,00,00,00,00,00,00,00,
842943521,000003CF,false,Rx,0,8,69,00,A3,A3,A3,A3,A3,A3,
843174002,000003AF,false,Rx,0,8,B9,00,00,00,00,00,00,00,
843447443,000003CF,false,Rx,0,8,69,00,A3,A3,A3,A3,A3,A3,
843674190,000003AF,false,Rx,0,8,B9,00,00,00,00,00,00,00,
843951431,000003CF,false,Rx,0,8,69,00,A3,A3,A3,A3,A3,A3,
844174326,000003AF,false,Rx,0,8,B9,00,00,00,00,00,00,00,
844455414,000003CF,false,Rx,0,8,69,00,A3,A3,A3,A3,A3,A3,
844674359,000003AF,false,Rx,0,8,B9,00,00,00,00,00,00,00,
844959260,000003CF,false,Rx,0,8,69,00,A3,A3,A3,A3,A3,A3,
845174576,000003AF,false,Rx,0,8,B9,00,00,00,00,00,00,00,
845463289,000003CF,false,Rx,0,8,69,00,A3,A3,A3,A3,A3,A3,
845674758,000003AF,false,Rx,0,8,B9,00,00,00,00,00,00,00,
845967260,000003CF,false,Rx,0,8,69,00,A3,A3,A3,A3,A3,A3,
846174882,000003AF,false,Rx,0,8,B9,00,00,00,00,00,00,00,
846471208,000003CF,false,Rx,0,8,69,00,A3,A3,A3,A3,A3,A3,
846675029,000003AF,false,Rx,0,8,B9,00,00,00,00,00,00,00,
846975112,000003CF,false,Rx,0,8,69,00,A3,A3,A3,A3,A3,A3,
847175018,000003AF,false,Rx,0,8,B9,00,00,00,00,00,00,00,
847479114,000003CF,false,Rx,0,8,69,00,A3,A3,A3,A3,A3,A3,
847675351,000003AF,false,Rx,0,8,B9,00,00,00,00,00,00,00,
847982941,000003CF,false,Rx,0,8,69,00,A3,A3,A3,A3,A3,A3,
848175271,000003AF,false,Rx,0,8,B9,00,00,00,00,00,00,00,
848487003,000003CF,false,Rx,0,8,69,00,A3,A3,A3,A3,A3,A3,
848675554,000003AF,false,Rx,0,8,B9,00,00,00,00,00,00,00,
848990978,000003CF,false,Rx,0,8,69,00,A3,A3,A3,A3,A3,A3,
849175727,000003AF,false,Rx,0,8,B9,00,00,00,00,00,00,00,
849497755,000003CF,false,Rx,0,8,69,00,A3,A3,A3,A3,A3,A3,
849675816,000003AF,false,Rx,0,8,B9,00,00,00,00,00,00,00,
850000181,000003CF,false,Rx,0,8,69,00,A3,A3,A3,A3,A3,A3,
850175960,000003AF,false,Rx,0,8,B9,00,00,00,00,00,00,00,
850503638,000003CF,false,Rx,0,8,69,00,A3,A3,A3,A3,A3,A3,
850675990,000003AF,false,Rx,0,8,B9,00,00,00,00,00,00,00,
851006772,000003CF,false,Rx,0,8,69,00,A3,A3,A3,A3,A3,A3,
851176277,000003AF,false,Rx,0,8,B9,00,00,00,00,00,00,00,
851510842,000003CF,false,Rx,0,8,69,00,A3,A3,A3,A3,A3,A3,
851676346,000003AF,false,Rx,0,8,B9,00,00,00,00,00,00,00,
852016481,000003CF,false,Rx,0,8,69,00,A3,A3,A3,A3,A3,A3,
852176544,000003AF,false,Rx,0,8,B9,00,00,00,00,00,00,00,
852518737,000003CF,false,Rx,0,8,69,00,A3,A3,A3,A3,A3,A3,
852676674,000003AF,false,Rx,0,8,B9,00,00,00,00,00,00,00,
853022646,000003CF,false,Rx,0,8,69,00,A3,A3,A3,A3,A3,A3,
853176704,000003AF,false,Rx,0,8,B9,00,00,00,00,00,00,00,
853528615,000003CF,false,Rx,0,8,69,00,A3,A3,A3,A3,A3,A3,
853676916,000003AF,false,Rx,0,8,B9,00,00,00,00,00,00,00,
854033891,000003CF,false,Rx,0,8,69,00,A3,A3,A3,A3,A3,A3,
854176914,000003AF,false,Rx,0,8,B9,00,00,00,00,00,00,00,
854534619,000003CF,false,Rx,0,8,69,00,A3,A3,A3,A3,A3,A3,
854677050,000003AF,false,Rx,0,8,B9,00,00,00,00,00,00,00,
855038461,000003CF,false,Rx,0,8,69,00,A3,A3,A3,A3,A3,A3,
855177216,000003AF,false,Rx,0,8,B9,00,00,00,00,00,00,00,
855542401,000003CF,false,Rx,0,8,69,00,A3,A3,A3,A3,A3,A3,
855677434,000003AF,false,Rx,0,8,B9,00,00,00,00,00,00,00,
856046301,000003CF,false,Rx,0,8,69,00,A3,A3,A3,A3,A3,A3,
856177517,000003AF,false,Rx,0,8,B9,00,00,00,00,00,00,00,
856550358,000003CF,false,Rx,0,8,69,00,A3,A3,A3,A3,A3,A3,
856677661,000003AF,false,Rx,0,8,B9,00,00,00,00,00,00,00,
857054256,000003CF,false,Rx,0,8,69,00,A3,A3,A3,A3,A3,A3,
857177799,000003AF,false,Rx,0,8,B9,00,00,00,00,00,00,00,
857558323,000003CF,false,Rx,0,8,69,00,A3,A3,A3,A3,A3,A3,
857678051,000003AF,false,Rx,0,8,B9,00,00,00,00,00,00,00,
858062046,000003CF,false,Rx,0,8,69,00,A3,A3,A3,A3,A3,A3,
858178040,000003AF,false,Rx,0,8,B9,00,00,00,00,00,00,00,
858566192,000003CF,false,Rx,0,8,69,00,A3,A3,A3,A3,A3,A3,
858678210,000003AF,false,Rx,0,8,B9,00,00,00,00,00,00,00,
859070179,000003CF,false,Rx,0,8,69,00,A3,A3,A3,A3,A3,A3,
859178367,000003AF,false,Rx,0,8,B9,00,00,00,00,00,00,00,
859574079,000003CF,false,Rx,0,8,69,00,A3,A3,A3,A3,A3,A3,
859678544,000003AF,false,Rx,0,8,B9,00,00,00,00,00,00,00,
860078029,000003CF,false,Rx,0,8,69,00,A3,A3,A3,A3,A3,A3,
860178730,000003AF,false,Rx,0,8,B9,00,00,00,00,00,00,00,
860581989,000003CF,false,Rx,0,8,69,00,A3,A3,A3,A3,A3,A3,
860678772,000003AF,false,Rx,0,8,B9,00,00,00,00,00,00,00,
861085944,000003CF,false,Rx,0,8,69,00,A3,A3,A3,A3,A3,A3,
861179035,000003AF,false,Rx,0,8,B9,00,00,00,00,00,00,00,
861589783,000003CF,false,Rx,0,8,69,00,A3,A3,A3,A3,A3,A3,
861679127,000003AF,false,Rx,0,8,B9,00,00,00,00,00,00,00,
862093820,000003CF,false,Rx,0,8,69,00,A3,A3,A3,A3,A3,A3,
862179202,000003AF,false,Rx,0,8,B9,00,00,00,00,00,00,00,
862597846,000003CF,false,Rx,0,8,69,00,A3,A3,A3,A3,A3,A3,
862679349,000003AF,false,Rx,0,8,B9,00,00,00,00,00,00,00,
863101796,000003CF,false,Rx,0,8,69,00,A3,A3,A3,A3,A3,A3,
863179457,000003AF,false,Rx,0,8,B9,00,00,00,00,00,00,00,
863605773,000003CF,false,Rx,0,8,69,00,A3,A3,A3,A3,A3,A3,
863679681,000003AF,false,Rx,0,8,B9,00,00,00,00,00,00,00,
864109748,000003CF,false,Rx,0,8,69,00,A3,A3,A3,A3,A3,A3,
864179818,000003AF,false,Rx,0,8,B9,00,00,00,00,00,00,00,
864613704,000003CF,false,Rx,0,8,69,00,A3,A3,A3,A3,A3,A3,
864679962,000003AF,false,Rx,0,8,B9,00,00,00,00,00,00,00,
865117680,000003CF,false,Rx,0,8,69,00,A3,A3,A3,A3,A3,A3,
865180065,000003AF,false,Rx,0,8,B9,00,00,00,00,00,00,00,
865621577,000003CF,false,Rx,0,8,69,00,A3,A3,A3,A3,A3,A3,
865680231,000003AF,false,Rx,0,8,B9,00,00,00,00,00,00,00,
866125582,000003CF,false,Rx,0,8,69,00,A3,A3,A3,A3,A3,A3,
866180348,000003AF,false,Rx,0,8,B9,00,00,00,00,00,00,00,
866629519,000003CF,false,Rx,0,8,69,00,A3,A3,A3,A3,A3,A3,
866680511,000003AF,false,Rx,0,8,B9,00,00,00,00,00,00,00,
867133362,000003CF,false,Rx,0,8,69,00,A3,A3,A3,A3,A3,A3,
867180628,000003AF,false,Rx,0,8,B9,00,00,00,00,00,00,00,
867637410,000003CF,false,Rx,0,8,69,00,A3,A3,A3,A3,A3,A3,
867680710,000003AF,false,Rx,0,8,B9,00,00,00,00,00,00,00,
868141402,000003CF,false,Rx,0,8,69,00,A3,A3,A3,A3,A3,A3,
868180908,000003AF,false,Rx,0,8,B9,00,00,00,00,00,00,00,
868645177,000003CF,false,Rx,0,8,69,00,A3,A3,A3,A3,A3,A3,
868680982,000003AF,false,Rx,0,8,B9,00,00,00,00,00,00,00,
869149138,000003CF,false,Rx,0,8,69,00,A3,A3,A3,A3,A3,A3,
869181142,000003AF,false,Rx,0,8,B9,00,00,00,00,00,00,00,
869653152,000003CF,false,Rx,0,8,69,00,A3,A3,A3,A3,A3,A3,
869681281,000003AF,false,Rx,0,8,B9,00,00,00,00,00,00,00,
870157170,000003CF,false,Rx,0,8,69,00,A3,A3,A3,A3,A3,A3,
870181401,000003AF,false,Rx,0,8,B9,00,00,00,00,00,00,00,
870661148,000003CF,false,Rx,0,8,69,00,A3,A3,A3,A3,A3,A3,
870681530,000003AF,false,Rx,0,8,B9,00,00,00,00,00,00,00,
871165095,000003CF,false,Rx,0,8,69,00,A3,A3,A3,A3,A3,A3,
871181650,000003AF,false,Rx,0,8,B9,00,00,00,00,00,00,00,
871669025,000003CF,false,Rx,0,8,69,00,A3,A3,A3,A3,A3,A3,
871681810,000003AF,false,Rx,0,8,B9,00,00,00,00,00,00,00,
872172993,000003CF,false,Rx,0,8,69,00,A3,A3,A3,A3,A3,A3,
872181971,000003AF,false,Rx,0,8,B9,00,00,00,00,00,00,00,
872676971,000003CF,false,Rx,0,8,69,00,A3,A3,A3,A3,A3,A3,
872681967,000003AF,false,Rx,0,8,B9,00,00,00,00,00,00,00,
873180881,000003CF,false,Rx,0,8,69,00,A3,A3,A3,A3,A3,A3,
873182276,000003AF,false,Rx,0,8,B9,00,00,00,00,00,00,00,
873682667,000003AF,false,Rx,0,8,B9,00,00,00,00,00,00,00,
873684776,000003CF,false,Rx,0,8,69,00,A3,A3,A3,A3,A3,A3,
874182599,000003AF,false,Rx,0,8,B9,00,00,00,00,00,00,00,
874188633,000003CF,false,Rx,0,8,69,00,A3,A3,A3,A3,A3,A3,
874682552,000003AF,false,Rx,0,8,B9,00,00,00,00,00,00,00,
874692791,000003CF,false,Rx,0,8,69,00,A3,A3,A3,A3,A3,A3,
875182851,000003AF,false,Rx,0,8,B9,00,00,00,00,00,00,00,
875196709,000003CF,false,Rx,0,8,69,00,A3,A3,A3,A3,A3,A3,
875683007,000003AF,false,Rx,0,8,B9,00,00,00,00,00,00,00,
875700767,000003CF,false,Rx,0,8,69,00,A3,A3,A3,A3,A3,A3,
876183106,000003AF,false,Rx,0,8,B9,00,00,00,00,00,00,00,
876204699,000003CF,false,Rx,0,8,69,00,A3,A3,A3,A3,A3,A3,
876683098,000003AF,false,Rx,0,8,B9,00,00,00,00,00,00,00,
876708544,000003CF,false,Rx,0,8,69,00,A3,A3,A3,A3,A3,A3,
877183383,000003AF,false,Rx,0,8,B9,00,00,00,00,00,00,00,
877212597,000003CF,false,Rx,0,8,69,00,A3,A3,A3,A3,A3,A3,
877683544,000003AF,false,Rx,0,8,B9,00,00,00,00,00,00,00,
877716400,000003CF,false,Rx,0,8,69,00,A3,A3,A3,A3,A3,A3,
878183644,000003AF,false,Rx,0,8,B9,00,00,00,00,00,00,00,
878220493,000003CF,false,Rx,0,8,69,00,A3,A3,A3,A3,A3,A3,
878683800,000003AF,false,Rx,0,8,B9,00,00,00,00,00,00,00,
878724434,000003CF,false,Rx,0,8,69,00,A3,A3,A3,A3,A3,A3,
879183954,000003AF,false,Rx,0,8,B9,00,00,00,00,00,00,00,
879228385,000003CF,false,Rx,0,8,69,00,A3,A3,A3,A3,A3,A3,
879684035,000003AF,false,Rx,0,8,B9,00,00,00,00,00,00,00,
879732346,000003CF,false,Rx,0,8,69,00,A3,A3,A3,A3,A3,A3,
880184223,000003AF,false,Rx,0,8,B9,00,00,00,00,00,00,00,
880236327,000003CF,false,Rx,0,8,69,00,A3,A3,A3,A3,A3,A3,
880684379,000003AF,false,Rx,0,8,B9,00,00,00,00,00,00,00,
880740255,000003CF,false,Rx,0,8,69,00,A3,A3,A3,A3,A3,A3,
881184472,000003AF,false,Rx,0,8,B9,00,00,00,00,00,00,00,
881244260,000003CF,false,Rx,0,8,69,00,A3,A3,A3,A3,A3,A3,
881684535,000003AF,false,Rx,0,8,B9,00,00,00,00,00,00,00,
881748170,000003CF,false,Rx,0,8,69,00,A3,A3,A3,A3,A3,A3,
882184733,000003AF,false,Rx,0,8,B9,00,00,00,00,00,00,00,
882252212,000003CF,false,Rx,0,8,69,00,A3,A3,A3,A3,A3,A3,
882684781,000003AF,false,Rx,0,8,B9,00,00,00,00,00,00,00,
882756044,000003CF,false,Rx,0,8,69,00,A3,A3,A3,A3,A3,A3,
883184957,000003AF,false,Rx,0,8,B9,00,00,00,00,00,00,00,
883260098,000003CF,false,Rx,0,8,69,00,A3,A3,A3,A3,A3,A3,
883685149,000003AF,false,Rx,0,8,B9,00,00,00,00,00,00,00,
883764500,000003CF,false,Rx,0,8,69,00,A3,A3,A3,A3,A3,A3,
884185106,000003AF,false,Rx,0,8,B9,00,00,00,00,00,00,00,
884269770,000003CF,false,Rx,0,8,69,00,A3,A3,A3,A3,A3,A3,
884685354,000003AF,false,Rx,0,8,B9,00,00,00,00,00,00,00,
884771878,000003CF,false,Rx,0,8,69,00,A3,A3,A3,A3,A3,A3,
885185414,000003AF,false,Rx,0,8,B9,00,00,00,00,00,00,00,
885276492,000003CF,false,Rx,0,8,69,00,A3,A3,A3,A3,A3,A3,
885685727,000003AF,false,Rx,0,8,B9,00,00,00,00,00,00,00,
885781058,000003CF,false,Rx,0,8,69,00,A3,A3,A3,A3,A3,A3,
886185738,000003AF,false,Rx,0,8,B9,00,00,00,00,00,00,00,
886286782,000003CF,false,Rx,0,8,69,00,A3,A3,A3,A3,A3,A3,
886685915,000003AF,false,Rx,0,8,B9,00,00,00,00,00,00,00,
886787724,000003CF,false,Rx,0,8,69,00,A3,A3,A3,A3,A3,A3,
887186096,000003AF,false,Rx,0,8,B9,00,00,00,00,00,00,00,
887291548,000003CF,false,Rx,0,8,69,00,A3,A3,A3,A3,A3,A3,
887686260,000003AF,false,Rx,0,8,B9,00,00,00,00,00,00,00,
887795694,000003CF,false,Rx,0,8,69,00,A3,A3,A3,A3,A3,A3,
888186410,000003AF,false,Rx,0,8,B9,00,00,00,00,00,00,00,
888299514,000003CF,false,Rx,0,8,69,00,A3,A3,A3,A3,A3,A3,
888686605,000003AF,false,Rx,0,8,B9,00,00,00,00,00,00,00,
888803681,000003CF,false,Rx,0,8,69,00,A3,A3,A3,A3,A3,A3,
889186561,000003AF,false,Rx,0,8,B9,00,00,00,00,00,00,00,
889307495,000003CF,false,Rx,0,8,69,00,A3,A3,A3,A3,A3,A3,
889686795,000003AF,false,Rx,0,8,B9,00,00,00,00,00,00,00,
889811477,000003CF,false,Rx,0,8,69,00,A3,A3,A3,A3,A3,A3,
890186922,000003AF,false,Rx,0,8,B9,00,00,00,00,00,00,00,
890315282,000003CF,false,Rx,0,8,69,00,A3,A3,A3,A3,A3,A3,
890687088,000003AF,false,Rx,0,8,B9,00,00,00,00,00,00,00,
890819393,000003CF,false,Rx,0,8,69,00,A3,A3,A3,A3,A3,A3,
891187257,000003AF,false,Rx,0,8,B9,00,00,00,00,00,00,00,
891323433,000003CF,false,Rx,0,8,69,00,A3,A3,A3,A3,A3,A3,
891687376,000003AF,false,Rx,0,8,B9,00,00,00,00,00,00,00,
891827414,000003CF,false,Rx,0,8,69,00,A3,A3,A3,A3,A3,A3,
892187427,000003AF,false,Rx,0,8,B9,00,00,00,00,00,00,00,
892331297,000003CF,false,Rx,0,8,69,00,A3,A3,A3,A3,A3,A3,
892687688,000003AF,false,Rx,0,8,B9,00,00,00,00,00,00,00,
892835212,000003CF,false,Rx,0,8,69,00,A3,A3,A3,A3,A3,A3,
893187758,000003AF,false,Rx,0,8,B9,00,00,00,00,00,00,00,
893339020,000003CF,false,Rx,0,8,69,00,A3,A3,A3,A3,A3,A3,
893687762,000003AF,false,Rx,0,8,B9,00,00,00,00,00,00,00,
893843009,000003CF,false,Rx,0,8,69,00,A3,A3,A3,A3,A3,A3,
894187992,000003AF,false,Rx,0,8,B9,00,00,00,00,00,00,00,
894347192,000003CF,false,Rx,0,8,69,00,A3,A3,A3,A3,A3,A3,
894688186,000003AF,false,Rx,0,8,B9,00,00,00,00,00,00,00,
894851175,000003CF,false,Rx,0,8,69,00,A3,A3,A3,A3,A3,A3,
895188147,000003AF,false,Rx,0,8,B9,00,00,00,00,00,00,00,
895355025,000003CF,false,Rx,0,8,69,00,A3,A3,A3,A3,A3,A3,
895688482,000003AF,false,Rx,0,8,B9,00,00,00,00,00,00,00,
895858869,000003CF,false,Rx,0,8,69,00,A3,A3,A3,A3,A3,A3,
896188635,000003AF,false,Rx,0,8,B9,00,00,00,00,00,00,00,
896365454,000003CF,false,Rx,0,8,69,00,A3,A3,A3,A3,A3,A3,
896688772,000003AF,false,Rx,0,8,B9,00,00,00,00,00,00,00,
896867712,000003CF,false,Rx,0,8,69,00,A3,A3,A3,A3,A3,A3,
897188705,000003AF,false,Rx,0,8,B9,00,00,00,00,00,00,00,
897372383,000003CF,false,Rx,0,8,69,00,A3,A3,A3,A3,A3,A3,
897688904,000003AF,false,Rx,0,8,B9,00,00,00,00,00,00,00,
897874725,000003CF,false,Rx,0,8,69,00,A3,A3,A3,A3,A3,A3,
898189124,000003AF,false,Rx,0,8,B9,00,00,00,00,00,00,00,
898378784,000003CF,false,Rx,0,8,69,00,A3,A3,A3,A3,A3,A3,
898689277,000003AF,false,Rx,0,8,B9,00,00,00,00,00,00,00,
898882624,000003CF,false,Rx,0,8,69,00,A3,A3,A3,A3,A3,A3,
899189455,000003AF,false,Rx,0,8,B9,00,00,00,00,00,00,00,
899386610,000003CF,false,Rx,0,8,69,00,A3,A3,A3,A3,A3,A3,
899689420,000003AF,false,Rx,0,8,B9,00,00,00,00,00,00,00,
899890561,000003CF,false,Rx,0,8,69,00,A3,A3,A3,A3,A3,A3,
900189645,000003AF,false,Rx,0,8,B9,00,00,00,00,00,00,00,
900394554,000003CF,false,Rx,0,8,69,00,A3,A3,A3,A3,A3,A3,
900689728,000003AF,false,Rx,0,8,B9,00,00,00,00,00,00,00,
900898451,000003CF,false,Rx,0,8,69,00,A3,A3,A3,A3,A3,A3,
901189940,000003AF,false,Rx,0,8,B9,00,00,00,00,00,00,00,
901402554,000003CF,false,Rx,0,8,69,00,A3,A3,A3,A3,A3,A3,
901690126,000003AF,false,Rx,0,8,B9,00,00,00,00,00,00,00,
901906347,000003CF,false,Rx,0,8,69,00,A3,A3,A3,A3,A3,A3,
902190185,000003AF,false,Rx,0,8,B9,00,00,00,00,00,00,00,
902410269,000003CF,false,Rx,0,8,69,00,A3,A3,A3,A3,A3,A3,
902690419,000003AF,false,Rx,0,8,B9,00,00,00,00,00,00,00,
902914325,000003CF,false,Rx,0,8,69,00,A3,A3,A3,A3,A3,A3,
903190364,000003AF,false,Rx,0,8,B9,00,00,00,00,00,00,00,
903418300,000003CF,false,Rx,0,8,69,00,A3,A3,A3,A3,A3,A3,
903690485,000003AF,false,Rx,0,8,B9,00,00,00,00,00,00,00,
903922198,000003CF,false,Rx,0,8,69,00,A3,A3,A3,A3,A3,A3,
904190803,000003AF,false,Rx,0,8,B9,00,00,00,00,00,00,00,
904426244,000003CF,false,Rx,0,8,69,00,A3,A3,A3,A3,A3,A3,
904690735,000003AF,false,Rx,0,8,B9,00,00,00,00,00,00,00,
904930105,000003CF,false,Rx,0,8,69,00,A3,A3,A3,A3,A3,A3,
905190900,000003AF,false,Rx,0,8,B9,00,00,00,00,00,00,00,
905434182,000003CF,false,Rx,0,8,69,00,A3,A3,A3,A3,A3,A3,
905691165,000003AF,false,Rx,0,8,B9,00,00,00,00,00,00,00,
905938212,000003CF,false,Rx,0,8,69,00,A3,A3,A3,A3,A3,A3,
906191266,000003AF,false,Rx,0,8,B9,00,00,00,00,00,00,00,
906442025,000003CF,false,Rx,0,8,69,00,A3,A3,A3,A3,A3,A3,
906691502,000003AF,false,Rx,0,8,B9,00,00,00,00,00,00,00,
906945922,000003CF,false,Rx,0,8,69,00,A3,A3,A3,A3,A3,A3,
907191453,000003AF,false,Rx,0,8,B9,00,00,00,00,00,00,00,
907449998,000003CF,false,Rx,0,8,69,00,A3,A3,A3,A3,A3,A3,
907691771,000003AF,false,Rx,0,8,B9,00,00,00,00,00,00,00,
907953872,000003CF,false,Rx,0,8,69,00,A3,A3,A3,A3,A3,A3,
908191750,000003AF,false,Rx,0,8,B9,00,00,00,00,00,00,00,
908457853,000003CF,false,Rx,0,8,69,00,A3,A3,A3,A3,A3,A3,
908691866,000003AF,false,Rx,0,8,B9,00,00,00,00,00,00,00,
908961831,000003CF,false,Rx,0,8,69,00,A3,A3,A3,A3,A3,A3,
909192179,000003AF,false,Rx,0,8,B9,00,00,00,00,00,00,00,
909465798,000003CF,false,Rx,0,8,69,00,A3,A3,A3,A3,A3,A3,
909692162,000003AF,false,Rx,0,8,B9,00,00,00,00,00,00,00,
909969747,000003CF,false,Rx,0,8,69,00,A3,A3,A3,A3,A3,A3,
910192338,000003AF,false,Rx,0,8,B9,00,00,00,00,00,00,00,
910473725,000003CF,false,Rx,0,8,69,00,A3,A3,A3,A3,A3,A3,
910692532,000003AF,false,Rx,0,8,B9,00,00,00,00,00,00,00,
910977627,000003CF,false,Rx,0,8,69,00,A3,A3,A3,A3,A3,A3,
911192644,000003AF,false,Rx,0,8,B9,00,00,00,00,00,00,00,
911481641,000003CF,false,Rx,0,8,69,00,A3,A3,A3,A3,A3,A3,
911692788,000003AF,false,Rx,0,8,B9,00,00,00,00,00,00,00,
911985588,000003CF,false,Rx,0,8,69,00,A3,A3,A3,A3,A3,A3,
912192968,000003AF,false,Rx,0,8,B9,00,00,00,00,00,00,00,
912489570,000003CF,false,Rx,0,8,69,00,A3,A3,A3,A3,A3,A3,
912693060,000003AF,false,Rx,0,8,B9,00,00,00,00,00,00,00,
912993405,000003CF,false,Rx,0,8,69,00,A3,A3,A3,A3,A3,A3,
913193750,000003AF,false,Rx,0,8,B9,00,00,00,00,00,00,00,
913497447,000003CF,false,Rx,0,8,69,00,A3,A3,A3,A3,A3,A3,
913693359,000003AF,false,Rx,0,8,B9,00,00,00,00,00,00,00,
914001402,000003CF,false,Rx,0,8,69,00,A3,A3,A3,A3,A3,A3,
914193504,000003AF,false,Rx,0,8,B9,00,00,00,00,00,00,00,
914505234,000003CF,false,Rx,0,8,69,00,A3,A3,A3,A3,A3,A3,
914693593,000003AF,false,Rx,0,8,B9,00,00,00,00,00,00,00,
915009325,000003CF,false,Rx,0,8,69,00,A3,A3,A3,A3,A3,A3,
915193617,000003AF,false,Rx,0,8,B9,00,00,00,00,00,00,00,
915513264,000003CF,false,Rx,0,8,69,00,A3,A3,A3,A3,A3,A3,
915693826,000003AF,false,Rx,0,8,B9,00,00,00,00,00,00,00,
916017412,000003CF,false,Rx,0,8,69,00,A3,A3,A3,A3,A3,A3,
916194001,000003AF,false,Rx,0,8,B9,00,00,00,00,00,00,00,
916523028,000003CF,false,Rx,0,8,69,00,A3,A3,A3,A3,A3,A3,
916694151,000003AF,false,Rx,0,8,B9,00,00,00,00,00,00,00,
917025076,000003CF,false,Rx,0,8,69,00,A3,A3,A3,A3,A3,A3,
917194342,000003AF,false,Rx,0,8,B9,00,00,00,00,00,00,00,
917529051,000003CF,false,Rx,0,8,69,00,A3,A3,A3,A3,A3,A3,
917694320,000003AF,false,Rx,0,8,B9,00,00,00,00,00,00,00,
918034330,000003CF,false,Rx,0,8,69,00,A3,A3,A3,A3,A3,A3,
918194485,000003AF,false,Rx,0,8,B9,00,00,00,00,00,00,00,
918539979,000003CF,false,Rx,0,8,69,00,A3,A3,A3,A3,A3,A3,
918694647,000003AF,false,Rx,0,8,B9,00,00,00,00,00,00,00,
919040954,000003CF,false,Rx,0,8,69,00,A3,A3,A3,A3,A3,A3,
919194837,000003AF,false,Rx,0,8,B9,00,00,00,00,00,00,00,
919544925,000003CF,false,Rx,0,8,69,00,A3,A3,A3,A3,A3,A3,
919694963,000003AF,false,Rx,0,8,B9,00,00,00,00,00,00,00,
920048873,000003CF,false,Rx,0,8,69,00,A3,A3,A3,A3,A3,A3,
920195119,000003AF,false,Rx,0,8,B9,00,00,00,00,00,00,00,
920552870,000003CF,false,Rx,0,8,69,00,A3,A3,A3,A3,A3,A3,
920696544,000003AF,false,Rx,0,8,B9,00,00,00,00,00,00,00,
921056747,000003CF,false,Rx,0,8,69,00,A3,A3,A3,A3,A3,A3,
921195451,000003AF,false,Rx,0,8,B9,00,00,00,00,00,00,00,
921560745,000003CF,false,Rx,0,8,69,00,A3,A3,A3,A3,A3,A3,
921695596,000003AF,false,Rx,0,8,B9,00,00,00,00,00,00,00,
922064658,000003CF,false,Rx,0,8,69,00,A3,A3,A3,A3,A3,A3,
922195739,000003AF,false,Rx,0,8,B9,00,00,00,00,00,00,00,
922568600,000003CF,false,Rx,0,8,69,00,A3,A3,A3,A3,A3,A3,
922695719,000003AF,false,Rx,0,8,B9,00,00,00,00,00,00,00,
923072475,000003CF,false,Rx,0,8,69,00,A3,A3,A3,A3,A3,A3,
923195940,000003AF,false,Rx,0,8,B9,00,00,00,00,00,00,00,
923576530,000003CF,false,Rx,0,8,69,00,A3,A3,A3,A3,A3,A3,
923696102,000003AF,false,Rx,0,8,B9,00,00,00,00,00,00,00,
924080515,000003CF,false,Rx,0,8,69,00,A3,A3,A3,A3,A3,A3,
924196274,000003AF,false,Rx,0,8,B9,00,00,00,00,00,00,00,
924584446,000003CF,false,Rx,0,8,69,00,A3,A3,A3,A3,A3,A3,
924696239,000003AF,false,Rx,0,8,B9,00,00,00,00,00,00,00,
925088457,000003CF,false,Rx,0,8,69,00,A3,A3,A3,A3,A3,A3,
925196591,000003AF,false,Rx,0,8,B9,00,00,00,00,00,00,00,
925592430,000003CF,false,Rx,0,8,69,00,A3,A3,A3,A3,A3,A3,
925697314,000003AF,false,Rx,0,8,B9,00,00,00,00,00,00,00,
926096292,000003CF,false,Rx,0,8,69,00,A3,A3,A3,A3,A3,A3,
926199196,000003AF,false,Rx,0,8,B9,00,00,00,00,00,00,00,
926600317,000003CF,false,Rx,0,8,69,00,A3,A3,A3,A3,A3,A3,
926696771,000003AF,false,Rx,0,8,B9,00,00,00,00,00,00,00,
927104147,000003CF,false,Rx,0,8,69,00,A3,A3,A3,A3,A3,A3,
927197045,000003AF,false,Rx,0,8,B9,00,00,00,00,00,00,00,
927608174,000003CF,false,Rx,0,8,69,00,A3,A3,A3,A3,A3,A3,
927697110,000003AF,false,Rx,0,8,B9,00,00,00,00,00,00,00,
928112113,000003CF,false,Rx,0,8,69,00,A3,A3,A3,A3,A3,A3,
928197695,000003AF,false,Rx,0,8,B9,00,00,00,00,00,00,00,
928616139,000003CF,false,Rx,0,8,69,00,A3,A3,A3,A3,A3,A3,
928697407,000003AF,false,Rx,0,8,B9,00,00,00,00,00,00,00,
929120086,000003CF,false,Rx,0,8,69,00,A3,A3,A3,A3,A3,A3,
929197524,000003AF,false,Rx,0,8,B9,00,00,00,00,00,00,00,
929623927,000003CF,false,Rx,0,8,69,00,A3,A3,A3,A3,A3,A3,
929697791,000003AF,false,Rx,0,8,B9,00,00,00,00,00,00,00,
930127917,000003CF,false,Rx,0,8,69,00,A3,A3,A3,A3,A3,A3,
930197865,000003AF,false,Rx,0,8,B9,00,00,00,00,00,00,00,
930631873,000003CF,false,Rx,0,8,69,00,A3,A3,A3,A3,A3,A3,
930697941,000003AF,false,Rx,0,8,B9,00,00,00,00,00,00,00,
931135838,000003CF,false,Rx,0,8,69,00,A3,A3,A3,A3,A3,A3,
931199983,000003AF,false,Rx,0,8,B9,00,00,00,00,00,00,00,
931639905,000003CF,false,Rx,0,8,69,00,A3,A3,A3,A3,A3,A3,
931698317,000003AF,false,Rx,0,8,B9,00,00,00,00,00,00,00,
932143734,000003CF,false,Rx,0,8,69,00,A3,A3,A3,A3,A3,A3,
932198432,000003AF,false,Rx,0,8,B9,00,00,00,00,00,00,00,
932647688,000003CF,false,Rx,0,8,69,00,A3,A3,A3,A3,A3,A3,
932698414,000003AF,false,Rx,0,8,B9,00,00,00,00,00,00,00,
933151740,000003CF,false,Rx,0,8,69,00,A3,A3,A3,A3,A3,A3,
933198548,000003AF,false,Rx,0,8,B9,00,00,00,00,00,00,00,
933655659,000003CF,false,Rx,0,8,69,00,A3,A3,A3,A3,A3,A3,
933698869,000003AF,false,Rx,0,8,B9,00,00,00,00,00,00,00,
934159482,000003CF,false,Rx,0,8,69,00,A3,A3,A3,A3,A3,A3,
934198882,000003AF,false,Rx,0,8,B9,00,00,00,00,00,00,00,
934663584,000003CF,false,Rx,0,8,69,00,A3,A3,A3,A3,A3,A3,
934699131,000003AF,false,Rx,0,8,B9,00,00,00,00,00,00,00,
935167418,000003CF,false,Rx,0,8,69,00,A3,A3,A3,A3,A3,A3,
935199361,000003AF,false,Rx,0,8,B9,00,00,00,00,00,00,00,
935671592,000003CF,false,Rx,0,8,69,00,A3,A3,A3,A3,A3,A3,
935699427,000003AF,false,Rx,0,8,B9,00,00,00,00,00,00,00,
936175474,000003CF,false,Rx,0,8,69,00,A3,A3,A3,A3,A3,A3,
936199420,000003AF,false,Rx,0,8,B9,00,00,00,00,00,00,00,
936679424,000003CF,false,Rx,0,8,69,00,A3,A3,A3,A3,A3,A3,
936699611,000003AF,false,Rx,0,8,B9,00,00,00,00,00,00,00,
937183358,000003CF,false,Rx,0,8,69,00,A3,A3,A3,A3,A3,A3,
937199747,000003AF,false,Rx,0,8,B9,00,00,00,00,00,00,00,
937687382,000003CF,false,Rx,0,8,69,00,A3,A3,A3,A3,A3,A3,
937699948,000003AF,false,Rx,0,8,B9,00,00,00,00,00,00,00,
938191119,000003CF,false,Rx,0,8,69,00,A3,A3,A3,A3,A3,A3,
938200049,000003AF,false,Rx,0,8,B9,00,00,00,00,00,00,00,
938695292,000003CF,false,Rx,0,8,69,00,A3,A3,A3,A3,A3,A3,
938700188,000003AF,false,Rx,0,8,B9,00,00,00,00,00,00,00,
939199028,000003CF,false,Rx,0,8,69,00,A3,A3,A3,A3,A3,A3,
939200216,000003AF,false,Rx,0,8,B9,00,00,00,00,00,00,00,
939700576,000003AF,false,Rx,0,8,B9,00,00,00,00,00,00,00,
939703043,000003CF,false,Rx,0,8,69,00,A3,A3,A3,A3,A3,A3,
940200699,000003AF,false,Rx,0,8,B9,00,00,00,00,00,00,00,
940207109,000003CF,false,Rx,0,8,69,00,A3,A3,A3,A3,A3,A3,
940700793,000003AF,false,Rx,0,8,B9,00,00,00,00,00,00,00,
940711034,000003CF,false,Rx,0,8,69,00,A3,A3,A3,A3,A3,A3,
941200878,000003AF,false,Rx,0,8,B9,00,00,00,00,00,00,00,
941214888,000003CF,false,Rx,0,8,69,00,A3,A3,A3,A3,A3,A3,
941701035,000003AF,false,Rx,0,8,B9,00,00,00,00,00,00,00,
941719104,000003CF,false,Rx,0,8,69,00,A3,A3,A3,A3,A3,A3,
942201055,000003AF,false,Rx,0,8,B9,00,00,00,00,00,00,00,
942222874,000003CF,false,Rx,0,8,69,00,A3,A3,A3,A3,A3,A3,
942701342,000003AF,false,Rx,0,8,B9,00,00,00,00,00,00,00,
942726771,000003CF,false,Rx,0,8,69,00,A3,A3,A3,A3,A3,A3,
943201481,000003AF,false,Rx,0,8,B9,00,00,00,00,00,00,00,
943230982,000003CF,false,Rx,0,8,69,00,A3,A3,A3,A3,A3,A3,
943701642,000003AF,false,Rx,0,8,B9,00,00,00,00,00,00,00,
943734817,000003CF,false,Rx,0,8,69,00,A3,A3,A3,A3,A3,A3,
944201730,000003AF,false,Rx,0,8,B9,00,00,00,00,00,00,00,
944238822,000003CF,false,Rx,0,8,69,00,A3,A3,A3,A3,A3,A3,
944701764,000003AF,false,Rx,0,8,B9,00,00,00,00,00,00,00,
944742796,000003CF,false,Rx,0,8,69,00,A3,A3,A3,A3,A3,A3,
945201873,000003AF,false,Rx,0,8,B9,00,00,00,00,00,00,00,
945246851,000003CF,false,Rx,0,8,69,00,A3,A3,A3,A3,A3,A3,
945702188,000003AF,false,Rx,0,8,B9,00,00,00,00,00,00,00,
945750599,000003CF,false,Rx,0,8,69,00,A3,A3,A3,A3,A3,A3,
946202140,000003AF,false,Rx,0,8,B9,00,00,00,00,00,00,00,
946254608,000003CF,false,Rx,0,8,69,00,A3,A3,A3,A3,A3,A3,
946702293,000003AF,false,Rx,0,8,B9,00,00,00,00,00,00,00,
946758411,000003CF,false,Rx,0,8,69,00,A3,A3,A3,A3,A3,A3,
947202427,000003AF,false,Rx,0,8,B9,00,00,00,00,00,00,00,
947262358,000003CF,false,Rx,0,8,69,00,A3,A3,A3,A3,A3,A3,
947702566,000003AF,false,Rx,0,8,B9,00,00,00,00,00,00,00,
947766422,000003CF,false,Rx,0,8,69,00,A3,A3,A3,A3,A3,A3,
948202827,000003AF,false,Rx,0,8,B9,00,00,00,00,00,00,00,
948270746,000003CF,false,Rx,0,8,69,00,A3,A3,A3,A3,A3,A3,
948702946,000003AF,false,Rx,0,8,B9,00,00,00,00,00,00,00,
948775981,000003CF,false,Rx,0,8,69,00,A3,A3,A3,A3,A3,A3,
949202977,000003AF,false,Rx,0,8,B9,00,00,00,00,00,00,00,
949278207,000003CF,false,Rx,0,8,69,00,A3,A3,A3,A3,A3,A3,
949703235,000003AF,false,Rx,0,8,B9,00,00,00,00,00,00,00,
949782357,000003CF,false,Rx,0,8,69,00,A3,A3,A3,A3,A3,A3,
950203387,000003AF,false,Rx,0,8,B9,00,00,00,00,00,00,00,
950287731,000003CF,false,Rx,0,8,69,00,A3,A3,A3,A3,A3,A3,
950703466,000003AF,false,Rx,0,8,B9,00,00,00,00,00,00,00,
950793280,000003CF,false,Rx,0,8,69,00,A3,A3,A3,A3,A3,A3,
951203677,000003AF,false,Rx,0,8,B9,00,00,00,00,00,00,00,
951294003,000003CF,false,Rx,0,8,69,00,A3,A3,A3,A3,A3,A3,
951703679,000003AF,false,Rx,0,8,B9,00,00,00,00,00,00,00,
951798218,000003CF,false,Rx,0,8,69,00,A3,A3,A3,A3,A3,A3,
952203851,000003AF,false,Rx,0,8,B9,00,00,00,00,00,00,00,
952302244,000003CF,false,Rx,0,8,69,00,A3,A3,A3,A3,A3,A3,
952704085,000003AF,false,Rx,0,8,B9,00,00,00,00,00,00,00,
952805903,000003CF,false,Rx,0,8,69,00,A3,A3,A3,A3,A3,A3,
953204075,000003AF,false,Rx,0,8,B9,00,00,00,00,00,00,00,
953310010,000003CF,false,Rx,0,8,69,00,A3,A3,A3,A3,A3,A3,
953704188,000003AF,false,Rx,0,8,B9,00,00,00,00,00,00,00,
953813953,000003CF,false,Rx,0,8,69,00,A3,A3,A3,A3,A3,A3,
954204413,000003AF,false,Rx,0,8,B9,00,00,00,00,00,00,00,
954317902,000003CF,false,Rx,0,8,69,00,A3,A3,A3,A3,A3,A3,
954704654,000003AF,false,Rx,0,8,B9,00,00,00,00,00,00,00,
954821856,000003CF,false,Rx,0,8,69,00,A3,A3,A3,A3,A3,A3,
955204772,000003AF,false,Rx,0,8,B9,00,00,00,00,00,00,00,
955325760,000003CF,false,Rx,0,8,69,00,A3,A3,A3,A3,A3,A3,
955704819,000003AF,false,Rx,0,8,B9,00,00,00,00,00,00,00,
955829597,000003CF,false,Rx,0,8,69,00,A3,A3,A3,A3,A3,A3,
956205007,000003AF,false,Rx,0,8,B9,00,00,00,00,00,00,00,
956333777,000003CF,false,Rx,0,8,69,00,A3,A3,A3,A3,A3,A3,
956705020,000003AF,false,Rx,0,8,B9,00,00,00,00,00,00,00,
956837684,000003CF,false,Rx,0,8,69,00,A3,A3,A3,A3,A3,A3,
957205227,000003AF,false,Rx,0,8,B9,00,00,00,00,00,00,00,
957341659,000003CF,false,Rx,0,8,69,00,A3,A3,A3,A3,A3,A3,
957705375,000003AF,false,Rx,0,8,B9,00,00,00,00,00,00,00,
957845641,000003CF,false,Rx,0,8,69,00,A3,A3,A3,A3,A3,A3,
958205500,000003AF,false,Rx,0,8,B9,00,00,00,00,00,00,00,
958349684,000003CF,false,Rx,0,8,69,00,A3,A3,A3,A3,A3,A3,
958705725,000003AF,false,Rx,0,8,B9,00,00,00,00,00,00,00,
958853544,000003CF,false,Rx,0,8,69,00,A3,A3,A3,A3,A3,A3,
959205865,000003AF,false,Rx,0,8,B9,00,00,00,00,00,00,00,
959357488,000003CF,false,Rx,0,8,69,00,A3,A3,A3,A3,A3,A3,
959706016,000003AF,false,Rx,0,8,B9,00,00,00,00,00,00,00,
959861312,000003CF,false,Rx,0,8,69,00,A3,A3,A3,A3,A3,A3,
960206046,000003AF,false,Rx,0,8,B9,00,00,00,00,00,00,00,
960365253,000003CF,false,Rx,0,8,69,00,A3,A3,A3,A3,A3,A3,
960706297,000003AF,false,Rx,0,8,B9,00,00,00,00,00,00,00,
960869317,000003CF,false,Rx,0,8,69,00,A3,A3,A3,A3,A3,A3,
961206426,000003AF,false,Rx,0,8,B9,00,00,00,00,00,00,00,
961373339,000003CF,false,Rx,0,8,69,00,A3,A3,A3,A3,A3,A3,
961706504,000003AF,false,Rx,0,8,B9,00,00,00,00,00,00,00,
961877089,000003CF,false,Rx,0,8,69,00,A3,A3,A3,A3,A3,A3,
962206651,000003AF,false,Rx,0,8,B9,00,00,00,00,00,00,00,
962381130,000003CF,false,Rx,0,8,69,00,A3,A3,A3,A3,A3,A3,
962706786,000003AF,false,Rx,0,8,B9,00,00,00,00,00,00,00,
962885240,000003CF,false,Rx,0,8,69,00,A3,A3,A3,A3,A3,A3,
963206970,000003AF,false,Rx,0,8,B9,00,00,00,00,00,00,00,
963389232,000003CF,false,Rx,0,8,69,00,A3,A3,A3,A3,A3,A3,
963707018,000003AF,false,Rx,0,8,B9,00,00,00,00,00,00,00,
963892939,000003CF,false,Rx,0,8,69,00,A3,A3,A3,A3,A3,A3,
964207244,000003AF,false,Rx,0,8,B9,00,00,00,00,00,00,00,
964397114,000003CF,false,Rx,0,8,69,00,A3,A3,A3,A3,A3,A3,
964707387,000003AF,false,Rx,0,8,B9,00,00,00,00,00,00,00,
964900972,000003CF,false,Rx,0,8,69,00,A3,A3,A3,A3,A3,A3,
965207523,000003AF,false,Rx,0,8,B9,00,00,00,00,00,00,00,
965405012,000003CF,false,Rx,0,8,69,00,A3,A3,A3,A3,A3,A3,
965707669,000003AF,false,Rx,0,8,B9,00,00,00,00,00,00,00,
965908886,000003CF,false,Rx,0,8,69,00,A3,A3,A3,A3,A3,A3,
966207656,000003AF,false,Rx,0,8,B9,00,00,00,00,00,00,00,
966412871,000003CF,false,Rx,0,8,69,00,A3,A3,A3,A3,A3,A3,
966707914,000003AF,false,Rx,0,8,B9,00,00,00,00,00,00,00,
966916640,000003CF,false,Rx,0,8,69,00,A3,A3,A3,A3,A3,A3,
967208074,000003AF,false,Rx,0,8,B9,00,00,00,00,00,00,00,
967420781,000003CF,false,Rx,0,8,69,00,A3,A3,A3,A3,A3,A3,
967708075,000003AF,false,Rx,0,8,B9,00,00,00,00,00,00,00,
967924596,000003CF,false,Rx,0,8,69,00,A3,A3,A3,A3,A3,A3,
968208190,000003AF,false,Rx,0,8,B9,00,00,00,00,00,00,00,
968428612,000003CF,false,Rx,0,8,69,00,A3,A3,A3,A3,A3,A3,
968708390,000003AF,false,Rx,0,8,B9,00,00,00,00,00,00,00,
968932567,000003CF,false,Rx,0,8,69,00,A3,A3,A3,A3,A3,A3,
969208532,000003AF,false,Rx,0,8,B9,00,00,00,00,00,00,00,
969436714,000003CF,false,Rx,0,8,69,00,A3,A3,A3,A3,A3,A3,
969708748,000003AF,false,Rx,0,8,B9,00,00,00,00,00,00,00,
969940535,000003CF,false,Rx,0,8,69,00,A3,A3,A3,A3,A3,A3,
970208852,000003AF,false,Rx,0,8,B9,00,00,00,00,00,00,00,
970444512,000003CF,false,Rx,0,8,69,00,A3,A3,A3,A3,A3,A3,
970709015,000003AF,false,Rx,0,8,B9,00,00,00,00,00,00,00,
970948454,000003CF,false,Rx,0,8,69,00,A3,A3,A3,A3,A3,A3,
971209128,000003AF,false,Rx,0,8,B9,00,00,00,00,00,00,00,
971452440,000003CF,false,Rx,0,8,69,00,A3,A3,A3,A3,A3,A3,
971709176,000003AF,false,Rx,0,8,B9,00,00,00,00,00,00,00,
971956220,000003CF,false,Rx,0,8,69,00,A3,A3,A3,A3,A3,A3,
972209460,000003AF,false,Rx,0,8,B9,00,00,00,00,00,00,00,
972460413,000003CF,false,Rx,0,8,69,00,A3,A3,A3,A3,A3,A3,
972709569,000003AF,false,Rx,0,8,B9,00,00,00,00,00,00,00,
972964247,000003CF,false,Rx,0,8,69,00,A3,A3,A3,A3,A3,A3,
973209682,000003AF,false,Rx,0,8,B9,00,00,00,00,00,00,00,
973468121,000003CF,false,Rx,0,8,69,00,A3,A3,A3,A3,A3,A3,
973709769,000003AF,false,Rx,0,8,B9,00,00,00,00,00,00,00,
973972044,000003CF,false,Rx,0,8,69,00,A3,A3,A3,A3,A3,A3,
974209976,000003AF,false,Rx,0,8,B9,00,00,00,00,00,00,00,
974476107,000003CF,false,Rx,0,8,69,00,A3,A3,A3,A3,A3,A3,
974710109,000003AF,false,Rx,0,8,B9,00,00,00,00,00,00,00,
974980157,000003CF,false,Rx,0,8,69,00,A3,A3,A3,A3,A3,A3,
975210156,000003AF,false,Rx,0,8,B9,00,00,00,00,00,00,00,
975484107,000003CF,false,Rx,0,8,69,00,A3,A3,A3,A3,A3,A3,
975710367,000003AF,false,Rx,0,8,B9,00,00,00,00,00,00,00,
975988019,000003CF,false,Rx,0,8,69,00,A3,A3,A3,A3,A3,A3,
976210492,000003AF,false,Rx,0,8,B9,00,00,00,00,00,00,00,
976491823,000003CF,false,Rx,0,8,69,00,A3,A3,A3,A3,A3,A3,
976710624,000003AF,false,Rx,0,8,B9,00,00,00,00,00,00,00,
976995921,000003CF,false,Rx,0,8,69,00,A3,A3,A3,A3,A3,A3,
977210788,000003AF,false,Rx,0,8,B9,00,00,00,00,00,00,00,
977499944,000003CF,false,Rx,0,8,69,00,A3,A3,A3,A3,A3,A3,
977710879,000003AF,false,Rx,0,8,B9,00,00,00,00,00,00,00,
978003871,000003CF,false,Rx,0,8,69,00,A3,A3,A3,A3,A3,A3,
978211082,000003AF,false,Rx,0,8,B9,00,00,00,00,00,00,00,
978507759,000003CF,false,Rx,0,8,69,00,A3,A3,A3,A3,A3,A3,
978711149,000003AF,false,Rx,0,8,B9,00,00,00,00,00,00,00,
979011661,000003CF,false,Rx,0,8,69,00,A3,A3,A3,A3,A3,A3,
979211670,000003AF,false,Rx,0,8,B9,00,00,00,00,00,00,00,
979515672,000003CF,false,Rx,0,8,69,00,A3,A3,A3,A3,A3,A3,
979711472,000003AF,false,Rx,0,8,B9,00,00,00,00,00,00,00,
980019691,000003CF,false,Rx,0,8,69,00,A3,A3,A3,A3,A3,A3,
980211487,000003AF,false,Rx,0,8,B9,00,00,00,00,00,00,00,
980524435,000003CF,false,Rx,0,8,69,00,A3,A3,A3,A3,A3,A3,
980711793,000003AF,false,Rx,0,8,B9,00,00,00,00,00,00,00,
981029326,000003CF,false,Rx,0,8,69,00,A3,A3,A3,A3,A3,A3,
981211819,000003AF,false,Rx,0,8,B9,00,00,00,00,00,00,00,
981531583,000003CF,false,Rx,0,8,69,00,A3,A3,A3,A3,A3,A3,
981712036,000003AF,false,Rx,0,8,B9,00,00,00,00,00,00,00,
982035458,000003CF,false,Rx,0,8,69,00,A3,A3,A3,A3,A3,A3,
982212162,000003AF,false,Rx,0,8,B9,00,00,00,00,00,00,00,
982540520,000003CF,false,Rx,0,8,69,00,A3,A3,A3,A3,A3,A3,
982712338,000003AF,false,Rx,0,8,B9,00,00,00,00,00,00,00,
983047350,000003CF,false,Rx,0,8,69,00,A3,A3,A3,A3,A3,A3,
983212460,000003AF,false,Rx,0,8,B9,00,00,00,00,00,00,00,
983547264,000003CF,false,Rx,0,8,69,00,A3,A3,A3,A3,A3,A3,
983712635,000003AF,false,Rx,0,8,B9,00,00,00,00,00,00,00,
984051357,000003CF,false,Rx,0,8,69,00,A3,A3,A3,A3,A3,A3,
984212597,000003AF,false,Rx,0,8,B9,00,00,00,00,00,00,00,
984555222,000003CF,false,Rx,0,8,69,00,A3,A3,A3,A3,A3,A3,
984712816,000003AF,false,Rx,0,8,B9,00,00,00,00,00,00,00,
985059227,000003CF,false,Rx,0,8,69,00,A3,A3,A3,A3,A3,A3,
985212902,000003AF,false,Rx,0,8,B9,00,00,00,00,00,00,00,
985563223,000003CF,false,Rx,0,8,69,00,A3,A3,A3,A3,A3,A3,
985713076,000003AF,false,Rx,0,8,B9,00,00,00,00,00,00,00,
986067009,000003CF,false,Rx,0,8,69,00,A3,A3,A3,A3,A3,A3,
986213107,000003AF,false,Rx,0,8,B9,00,00,00,00,00,00,00,
986571187,000003CF,false,Rx,0,8,69,00,A3,A3,A3,A3,A3,A3,
986713363,000003AF,false,Rx,0,8,B9,00,00,00,00,00,00,00,
987075068,000003CF,false,Rx,0,8,69,00,A3,A3,A3,A3,A3,A3,
987213424,000003AF,false,Rx,0,8,B9,00,00,00,00,00,00,00,
987579153,000003CF,false,Rx,0,8,69,00,A3,A3,A3,A3,A3,A3,
987713727,000003AF,false,Rx,0,8,B9,00,00,00,00,00,00,00,
988082953,000003CF,false,Rx,0,8,69,00,A3,A3,A3,A3,A3,A3,
988213804,000003AF,false,Rx,0,8,B9,00,00,00,00,00,00,00,
988586799,000003CF,false,Rx,0,8,69,00,A3,A3,A3,A3,A3,A3,
988713908,000003AF,false,Rx,0,8,B9,00,00,00,00,00,00,00,
989090914,000003CF,false,Rx,0,8,69,00,A3,A3,A3,A3,A3,A3,
989214057,000003AF,false,Rx,0,8,B9,00,00,00,00,00,00,00,
989594843,000003CF,false,Rx,0,8,69,00,A3,A3,A3,A3,A3,A3,
989714235,000003AF,false,Rx,0,8,B9,00,00,00,00,00,00,00,
990098711,000003CF,false,Rx,0,8,69,00,A3,A3,A3,A3,A3,A3,
990214311,000003AF,false,Rx,0,8,B9,00,00,00,00,00,00,00,
990602618,000003CF,false,Rx,0,8,69,00,A3,A3,A3,A3,A3,A3,
990714523,000003AF,false,Rx,0,8,B9,00,00,00,00,00,00,00,
991106653,000003CF,false,Rx,0,8,69,00,A3,A3,A3,A3,A3,A3,
991214570,000003AF,false,Rx,0,8,B9,00,00,00,00,00,00,00,
991610682,000003CF,false,Rx,0,8,69,00,A3,A3,A3,A3,A3,A3,
991714698,000003AF,false,Rx,0,8,B9,00,00,00,00,00,00,00,
992114665,000003CF,false,Rx,0,8,69,00,A3,A3,A3,A3,A3,A3,
992214790,000003AF,false,Rx,0,8,B9,00,00,00,00,00,00,00,
992618523,000003CF,false,Rx,0,8,69,00,A3,A3,A3,A3,A3,A3,
992715035,000003AF,false,Rx,0,8,B9,00,00,00,00,00,00,00,
993122507,000003CF,false,Rx,0,8,69,00,A3,A3,A3,A3,A3,A3,
993215175,000003AF,false,Rx,0,8,B9,00,00,00,00,00,00,00,
993626360,000003CF,false,Rx,0,8,69,00,A3,A3,A3,A3,A3,A3,
993715222,000003AF,false,Rx,0,8,B9,00,00,00,00,00,00,00,
994130435,000003CF,false,Rx,0,8,69,00,A3,A3,A3,A3,A3,A3,
994215427,000003AF,false,Rx,0,8,B9,00,00,00,00,00,00,00,
994634455,000003CF,false,Rx,0,8,69,00,A3,A3,A3,A3,A3,A3,
994715622,000003AF,false,Rx,0,8,B9,00,00,00,00,00,00,00,
995138484,000003CF,false,Rx,0,8,69,00,A3,A3,A3,A3,A3,A3,
995215658,000003AF,false,Rx,0,8,B9,00,00,00,00,00,00,00,
995642365,000003CF,false,Rx,0,8,69,00,A3,A3,A3,A3,A3,A3,
995715835,000003AF,false,Rx,0,8,B9,00,00,00,00,00,00,00,
996146284,000003CF,false,Rx,0,8,69,00,A3,A3,A3,A3,A3,A3,
996216077,000003AF,false,Rx,0,8,B9,00,00,00,00,00,00,00,
996650225,000003CF,false,Rx,0,8,69,00,A3,A3,A3,A3,A3,A3,
996716205,000003AF,false,Rx,0,8,B9,00,00,00,00,00,00,00,
997154120,000003CF,false,Rx,0,8,69,00,A3,A3,A3,A3,A3,A3,
997216333,000003AF,false,Rx,0,8,B9,00,00,00,00,00,00,00,
997658203,000003CF,false,Rx,0,8,69,00,A3,A3,A3,A3,A3,A3,
997716379,000003AF,false,Rx,0,8,B9,00,00,00,00,00,00,00,
998162037,000003CF,false,Rx,0,8,69,00,A3,A3,A3,A3,A3,A3,
998216568,000003AF,false,Rx,0,8,B9,00,00,00,00,00,00,00,
998665927,000003CF,false,Rx,0,8,69,00,A3,A3,A3,A3,A3,A3,
998716729,000003AF,false,Rx,0,8,B9,00,00,00,00,00,00,00,
999170047,000003CF,false,Rx,0,8,69,00,A3,A3,A3,A3,A3,A3,
999216803,000003AF,false,Rx,0,8,B9,00,00,00,00,00,00,00,
999674002,000003CF,false,Rx,0,8,69,00,A3,A3,A3,A3,A3,A3,
999716954,000003AF,false,Rx,0,8,B9,00,00,00,00,00,00,00,
1000177978,000003CF,false,Rx,0,8,69,00,A3,A3,A3,A3,A3,A3,
1000217086,000003AF,false,Rx,0,8,B9,00,00,00,00,00,00,00,
1000681786,000003CF,false,Rx,0,8,69,00,A3,A3,A3,A3,A3,A3,
1000717637,000003AF,false,Rx,0,8,B9,00,00,00,00,00,00,00,
1001185819,000003CF,false,Rx,0,8,69,00,A3,A3,A3,A3,A3,A3,
1001218722,000003AF,false,Rx,0,8,B9,00,00,00,00,00,00,00,
1001689735,000003CF,false,Rx,0,8,69,00,A3,A3,A3,A3,A3,A3,
1001717452,000003AF,false,Rx,0,8,B9,00,00,00,00,00,00,00,
1002193596,000003CF,false,Rx,0,8,69,00,A3,A3,A3,A3,A3,A3,
1002217514,000003AF,false,Rx,0,8,B9,00,00,00,00,00,00,00,
1002697675,000003CF,false,Rx,0,8,69,00,A3,A3,A3,A3,A3,A3,
1002717747,000003AF,false,Rx,0,8,B9,00,00,00,00,00,00,00,
1003201643,000003CF,false,Rx,0,8,69,00,A3,A3,A3,A3,A3,A3,
1003217909,000003AF,false,Rx,0,8,B9,00,00,00,00,00,00,00,
1003705657,000003CF,false,Rx,0,8,69,00,A3,A3,A3,A3,A3,A3,
1003718014,000003AF,false,Rx,0,8,B9,00,00,00,00,00,00,00,
1004211871,000003CF,false,Rx,0,8,69,00,A3,A3,A3,A3,A3,A3,
1004218129,000003AF,false,Rx,0,8,B9,00,00,00,00,00,00,00,
1004713807,000003CF,false,Rx,0,8,69,00,A3,A3,A3,A3,A3,A3,
1004718341,000003AF,false,Rx,0,8,B9,00,00,00,00,00,00,00,
1005217649,000003CF,false,Rx,0,8,69,00,A3,A3,A3,A3,A3,A3,
1005218361,000003AF,false,Rx,0,8,B9,00,00,00,00,00,00,00,
1005718547,000003AF,false,Rx,0,8,B9,00,00,00,00,00,00,00,
1005721429,000003CF,false,Rx,0,8,69,00,A3,A3,A3,A3,A3,A3,
1006220931,000003AF,false,Rx,0,8,B9,00,00,00,00,00,00,00,
1006225403,000003CF,false,Rx,0,8,69,00,A3,A3,A3,A3,A3,A3,
1006718749,000003AF,false,Rx,0,8,B9,00,00,00,00,00,00,00,
1006729435,000003CF,false,Rx,0,8,69,00,A3,A3,A3,A3,A3,A3,
1007218973,000003AF,false,Rx,0,8,B9,00,00,00,00,00,00,00,
1007233268,000003CF,false,Rx,0,8,69,00,A3,A3,A3,A3,A3,A3,
1007719116,000003AF,false,Rx,0,8,B9,00,00,00,00,00,00,00,
1007737272,000003CF,false,Rx,0,8,69,00,A3,A3,A3,A3,A3,A3,
1008219270,000003AF,false,Rx,0,8,B9,00,00,00,00,00,00,00,
1008242616,000003CF,false,Rx,0,8,69,00,A3,A3,A3,A3,A3,A3,
1008719399,000003AF,false,Rx,0,8,B9,00,00,00,00,00,00,00,
1008745018,000003CF,false,Rx,0,8,69,00,A3,A3,A3,A3,A3,A3,
1009219499,000003AF,false,Rx,0,8,B9,00,00,00,00,00,00,00,
1009249170,000003CF,false,Rx,0,8,69,00,A3,A3,A3,A3,A3,A3,
1009719781,000003AF,false,Rx,0,8,B9,00,00,00,00,00,00,00,
1009753093,000003CF,false,Rx,0,8,69,00,A3,A3,A3,A3,A3,A3,
1010219913,000003AF,false,Rx,0,8,B9,00,00,00,00,00,00,00,
1010257067,000003CF,false,Rx,0,8,69,00,A3,A3,A3,A3,A3,A3,
1010719896,000003AF,false,Rx,0,8,B9,00,00,00,00,00,00,00,
1010760955,000003CF,false,Rx,0,8,69,00,A3,A3,A3,A3,A3,A3,
1011221231,000003AF,false,Rx,0,8,B9,00,00,00,00,00,00,00,
1011265004,000003CF,false,Rx,0,8,69,00,A3,A3,A3,A3,A3,A3,
1011720213,000003AF,false,Rx,0,8,B9,00,00,00,00,00,00,00,
1011768949,000003CF,false,Rx,0,8,69,00,A3,A3,A3,A3,A3,A3,
1012220370,000003AF,false,Rx,0,8,B9,00,00,00,00,00,00,00,
1012272830,000003CF,false,Rx,0,8,69,00,A3,A3,A3,A3,A3,A3,
1012720554,000003AF,false,Rx,0,8,B9,00,00,00,00,00,00,00,
1012777336,000003CF,false,Rx,0,8,69,00,A3,A3,A3,A3,A3,A3,
1013220706,000003AF,false,Rx,0,8,B9,00,00,00,00,00,00,00,
1013280784,000003CF,false,Rx,0,8,69,00,A3,A3,A3,A3,A3,A3,
1013720655,000003AF,false,Rx,0,8,B9,00,00,00,00,00,00,00,
1013784776,000003CF,false,Rx,0,8,69,00,A3,A3,A3,A3,A3,A3,
1014220947,000003AF,false,Rx,0,8,B9,00,00,00,00,00,00,00,
1014288835,000003CF,false,Rx,0,8,69,00,A3,A3,A3,A3,A3,A3,
1014720983,000003AF,false,Rx,0,8,B9,00,00,00,00,00,00,00,
1014793883,000003CF,false,Rx,0,8,69,00,A3,A3,A3,A3,A3,A3,
1015221213,000003AF,false,Rx,0,8,B9,00,00,00,00,00,00,00,
1015299672,000003CF,false,Rx,0,8,69,00,A3,A3,A3,A3,A3,A3,
1015721414,000003AF,false,Rx,0,8,B9,00,00,00,00,00,00,00,
1015800472,000003CF,false,Rx,0,8,69,00,A3,A3,A3,A3,A3,A3,
1016221487,000003AF,false,Rx,0,8,B9,00,00,00,00,00,00,00,
1016304554,000003CF,false,Rx,0,8,69,00,A3,A3,A3,A3,A3,A3,
1016721613,000003AF,false,Rx,0,8,B9,00,00,00,00,00,00,00,
1016808488,000003CF,false,Rx,0,8,69,00,A3,A3,A3,A3,A3,A3,
1017221823,000003AF,false,Rx,0,8,B9,00,00,00,00,00,00,00,
1017312480,000003CF,false,Rx,0,8,69,00,A3,A3,A3,A3,A3,A3,
1017721908,000003AF,false,Rx,0,8,B9,00,00,00,00,00,00,00,
1017816434,000003CF,false,Rx,0,8,69,00,A3,A3,A3,A3,A3,A3,
1018222091,000003AF,false,Rx,0,8,B9,00,00,00,00,00,00,00,
1018320383,000003CF,false,Rx,0,8,69,00,A3,A3,A3,A3,A3,A3,
1018722257,000003AF,false,Rx,0,8,B9,00,00,00,00,00,00,00,
1018824304,000003CF,false,Rx,0,8,69,00,A3,A3,A3,A3,A3,A3,
1019222353,000003AF,false,Rx,0,8,B9,00,00,00,00,00,00,00,
1019328320,000003CF,false,Rx,0,8,69,00,A3,A3,A3,A3,A3,A3,
1019722429,000003AF,false,Rx,0,8,B9,00,00,00,00,00,00,00,
1019832201,000003CF,false,Rx,0,8,69,00,A3,A3,A3,A3,A3,A3,
1020222645,000003AF,false,Rx,0,8,B9,00,00,00,00,00,00,00,
1020336011,000003CF,false,Rx,0,8,69,00,A3,A3,A3,A3,A3,A3,
1020722731,000003AF,false,Rx,0,8,B9,00,00,00,00,00,00,00,
1020840030,000003CF,false,Rx,0,8,69,00,A3,A3,A3,A3,A3,A3,
1021222830,000003AF,false,Rx,0,8,B9,00,00,00,00,00,00,00,
1021344059,000003CF,false,Rx,0,8,69,00,A3,A3,A3,A3,A3,A3,
1021722919,000003AF,false,Rx,0,8,B9,00,00,00,00,00,00,00,
1021847910,000003CF,false,Rx,0,8,69,00,A3,A3,A3,A3,A3,A3,
1022223039,000003AF,false,Rx,0,8,B9,00,00,00,00,00,00,00,
1022352031,000003CF,false,Rx,0,8,69,00,A3,A3,A3,A3,A3,A3,
1022723301,000003AF,false,Rx,0,8,B9,00,00,00,00,00,00,00,
1022855936,000003CF,false,Rx,0,8,69,00,A3,A3,A3,A3,A3,A3,
1023223364,000003AF,false,Rx,0,8,B9,00,00,00,00,00,00,00,
1023359815,000003CF,false,Rx,0,8,69,00,A3,A3,A3,A3,A3,A3,
1023723505,000003AF,false,Rx,0,8,B9,00,00,00,00,00,00,00,
1023863836,000003CF,false,Rx,0,8,69,00,A3,A3,A3,A3,A3,A3,
1024223548,000003AF,false,Rx,0,8,B9,00,00,00,00,00,00,00,
1024367981,000003CF,false,Rx,0,8,69,00,A3,A3,A3,A3,A3,A3,
1024723760,000003AF,false,Rx,0,8,B9,00,00,00,00,00,00,00,
1024871744,000003CF,false,Rx,0,8,69,00,A3,A3,A3,A3,A3,A3,
1025223886,000003AF,false,Rx,0,8,B9,00,00,00,00,00,00,00,
1025375651,000003CF,false,Rx,0,8,69,00,A3,A3,A3,A3,A3,A3,
1025724034,000003AF,false,Rx,0,8,B9,00,00,00,00,00,00,00,
1025879734,000003CF,false,Rx,0,8,69,00,A3,A3,A3,A3,A3,A3,
1026224503,000003AF,false,Rx,0,8,B9,00,00,00,00,00,00,00,
1026383515,000003CF,false,Rx,0,8,69,00,A3,A3,A3,A3,A3,A3,
1026726301,000003AF,false,Rx,0,8,B9,00,00,00,00,00,00,00,
1026887570,000003CF,false,Rx,0,8,69,00,A3,A3,A3,A3,A3,A3,
1027224505,000003AF,false,Rx,0,8,B9,00,00,00,00,00,00,00,
1027391599,000003CF,false,Rx,0,8,69,00,A3,A3,A3,A3,A3,A3,
1027724675,000003AF,false,Rx,0,8,B9,00,00,00,00,00,00,00,
1027895379,000003CF,false,Rx,0,8,69,00,A3,A3,A3,A3,A3,A3,
1028224624,000003AF,false,Rx,0,8,B9,00,00,00,00,00,00,00,
1028399597,000003CF,false,Rx,0,8,69,00,A3,A3,A3,A3,A3,A3,
1028724908,000003AF,false,Rx,0,8,B9,00,00,00,00,00,00,00,
1028903517,000003CF,false,Rx,0,8,69,00,A3,A3,A3,A3,A3,A3,
1029225017,000003AF,false,Rx,0,8,B9,00,00,00,00,00,00,00,
1029407414,000003CF,false,Rx,0,8,69,00,A3,A3,A3,A3,A3,A3,
1029725151,000003AF,false,Rx,0,8,B9,00,00,00,00,00,00,00,
1029911313,000003CF,false,Rx,0,8,69,00,A3,A3,A3,A3,A3,A3,
1030225300,000003AF,false,Rx,0,8,B9,00,00,00,00,00,00,00,
1030415160,000003CF,false,Rx,0,8,69,00,A3,A3,A3,A3,A3,A3,
1030725461,000003AF,false,Rx,0,8,B9,00,00,00,00,00,00,00,
1030919208,000003CF,false,Rx,0,8,69,00,A3,A3,A3,A3,A3,A3,
1031225624,000003AF,false,Rx,0,8,B9,00,00,00,00,00,00,00,
1031423294,000003CF,false,Rx,0,8,69,00,A3,A3,A3,A3,A3,A3,
1031725753,000003AF,false,Rx,0,8,B9,00,00,00,00,00,00,00,
1031927135,000003CF,false,Rx,0,8,69,00,A3,A3,A3,A3,A3,A3,
1032225908,000003AF,false,Rx,0,8,B9,00,00,00,00,00,00,00,
1032431134,000003CF,false,Rx,0,8,69,00,A3,A3,A3,A3,A3,A3,
1032725979,000003AF,false,Rx,0,8,B9,00,00,00,00,00,00,00,
1032935096,000003CF,false,Rx,0,8,69,00,A3,A3,A3,A3,A3,A3,
1033226118,000003AF,false,Rx,0,8,B9,00,00,00,00,00,00,00,
1033439013,000003CF,false,Rx,0,8,69,00,A3,A3,A3,A3,A3,A3,
1033726305,000003AF,false,Rx,0,8,B9,00,00,00,00,00,00,00,
1033943090,000003CF,false,Rx,0,8,69,00,A3,A3,A3,A3,A3,A3,
1034226458,000003AF,false,Rx,0,8,B9,00,00,00,00,00,00,00,
1034446823,000003CF,false,Rx,0,8,69,00,A3,A3,A3,A3,A3,A3,
1034726588,000003AF,false,Rx,0,8,B9,00,00,00,00,00,00,00,
1034950930,000003CF,false,Rx,0,8,69,00,A3,A3,A3,A3,A3,A3,
1035226736,000003AF,false,Rx,0,8,B9,00,00,00,00,00,00,00,
1035454878,000003CF,false,Rx,0,8,69,00,A3,A3,A3,A3,A3,A3,
1035726680,000003AF,false,Rx,0,8,B9,00,00,00,00,00,00,00,
1035958654,000003CF,false,Rx,0,8,69,00,A3,A3,A3,A3,A3,A3,
1036226970,000003AF,false,Rx,0,8,B9,00,00,00,00,00,00,00,
1036462770,000003CF,false,Rx,0,8,69,00,A3,A3,A3,A3,A3,A3,
1036727100,000003AF,false,Rx,0,8,B9,00,00,00,00,00,00,00,
1036966711,000003CF,false,Rx,0,8,69,00,A3,A3,A3,A3,A3,A3,
1037227245,000003AF,false,Rx,0,8,B9,00,00,00,00,00,00,00,
1037470770,000003CF,false,Rx,0,8,69,00,A3,A3,A3,A3,A3,A3,
1037727347,000003AF,false,Rx,0,8,B9,00,00,00,00,00,00,00,
1037974643,000003CF,false,Rx,0,8,69,00,A3,A3,A3,A3,A3,A3,
1038227332,000003AF,false,Rx,0,8,B9,00,00,00,00,00,00,00,
1038478657,000003CF,false,Rx,0,8,69,00,A3,A3,A3,A3,A3,A3,
1038727668,000003AF,false,Rx,0,8,B9,00,00,00,00,00,00,00,
1038982467,000003CF,false,Rx,0,8,69,00,A3,A3,A3,A3,A3,A3,
1039227814,000003AF,false,Rx,0,8,B9,00,00,00,00,00,00,00,
1039486398,000003CF,false,Rx,0,8,69,00,A3,A3,A3,A3,A3,A3,
1039727968,000003AF,false,Rx,0,8,B9,00,00,00,00,00,00,00,
1039990502,000003CF,false,Rx,0,8,69,00,A3,A3,A3,A3,A3,A3,
1040228059,000003AF,false,Rx,0,8,B9,00,00,00,00,00,00,00,
1040494459,000003CF,false,Rx,0,8,69,00,A3,A3,A3,A3,A3,A3,
1040728191,000003AF,false,Rx,0,8,B9,00,00,00,00,00,00,00,
1040998213,000003CF,false,Rx,0,8,69,00,A3,A3,A3,A3,A3,A3,
1041228241,000003AF,false,Rx,0,8,B9,00,00,00,00,00,00,00,
1041502190,000003CF,false,Rx,0,8,69,00,A3,A3,A3,A3,A3,A3,
1041728428,000003AF,false,Rx,0,8,B9,00,00,00,00,00,00,00,
1042006152,000003CF,false,Rx,0,8,69,00,A3,A3,A3,A3,A3,A3,
1042228634,000003AF,false,Rx,0,8,B9,00,00,00,00,00,00,00,
1042510208,000003CF,false,Rx,0,8,69,00,A3,A3,A3,A3,A3,A3,
1042728790,000003AF,false,Rx,0,8,B9,00,00,00,00,00,00,00,
1043014050,000003CF,false,Rx,0,8,69,00,A3,A3,A3,A3,A3,A3,
1043228786,000003AF,false,Rx,0,8,B9,00,00,00,00,00,00,00,
1043518205,000003CF,false,Rx,0,8,69,00,A3,A3,A3,A3,A3,A3,
1043729028,000003AF,false,Rx,0,8,B9,00,00,00,00,00,00,00,
1044022135,000003CF,false,Rx,0,8,69,00,A3,A3,A3,A3,A3,A3,
1044229110,000003AF,false,Rx,0,8,B9,00,00,00,00,00,00,00,
1044526104,000003CF,false,Rx,0,8,69,00,A3,A3,A3,A3,A3,A3,
1044729257,000003AF,false,Rx,0,8,B9,00,00,00,00,00,00,00,
1045030319,000003CF,false,Rx,0,8,69,00,A3,A3,A3,A3,A3,A3,
1045229310,000003AF,false,Rx,0,8,B9,00,00,00,00,00,00,00,
1045535671,000003CF,false,Rx,0,8,69,00,A3,A3,A3,A3,A3,A3,
1045729497,000003AF,false,Rx,0,8,B9,00,00,00,00,00,00,00,
1046037899,000003CF,false,Rx,0,8,69,00,A3,A3,A3,A3,A3,A3,
1046229739,000003AF,false,Rx,0,8,B9,00,00,00,00,00,00,00,
1046542175,000003CF,false,Rx,0,8,69,00,A3,A3,A3,A3,A3,A3,
1046729810,000003AF,false,Rx,0,8,B9,00,00,00,00,00,00,00,
1047047524,000003CF,false,Rx,0,8,69,00,A3,A3,A3,A3,A3,A3,
1047229948,000003AF,false,Rx,0,8,B9,00,00,00,00,00,00,00,
1047552960,000003CF,false,Rx,0,8,69,00,A3,A3,A3,A3,A3,A3,
1047730023,000003AF,false,Rx,0,8,B9,00,00,00,00,00,00,00,
1048053673,000003CF,false,Rx,0,8,69,00,A3,A3,A3,A3,A3,A3,
1048230212,000003AF,false,Rx,0,8,B9,00,00,00,00,00,00,00,
1048557766,000003CF,false,Rx,0,8,69,00,A3,A3,A3,A3,A3,A3,
1048730411,000003AF,false,Rx,0,8,B9,00,00,00,00,00,00,00,
1049061724,000003CF,false,Rx,0,8,69,00,A3,A3,A3,A3,A3,A3,
1049230532,000003AF,false,Rx,0,8,B9,00,00,00,00,00,00,00,
1049565561,000003CF,false,Rx,0,8,69,00,A3,A3,A3,A3,A3,A3,
1049730695,000003AF,false,Rx,0,8,B9,00,00,00,00,00,00,00,
1050069635,000003CF,false,Rx,0,8,69,00,A3,A3,A3,A3,A3,A3,
1050230775,000003AF,false,Rx,0,8,B9,00,00,00,00,00,00,00,
1050573472,000003CF,false,Rx,0,8,69,00,A3,A3,A3,A3,A3,A3,
1050730984,000003AF,false,Rx,0,8,B9,00,00,00,00,00,00,00,
1051077482,000003CF,false,Rx,0,8,69,00,A3,A3,A3,A3,A3,A3,
1051231019,000003AF,false,Rx,0,8,B9,00,00,00,00,00,00,00,
1051581482,000003CF,false,Rx,0,8,69,00,A3,A3,A3,A3,A3,A3,
1051731075,000003AF,false,Rx,0,8,B9,00,00,00,00,00,00,00,
1052085255,000003CF,false,Rx,0,8,69,00,A3,A3,A3,A3,A3,A3,
1052231330,000003AF,false,Rx,0,8,B9,00,00,00,00,00,00,00,
1052589414,000003CF,false,Rx,0,8,69,00,A3,A3,A3,A3,A3,A3,
1052731350,000003AF,false,Rx,0,8,B9,00,00,00,00,00,00,00,
1053093305,000003CF,false,Rx,0,8,69,00,A3,A3,A3,A3,A3,A3,
1053231577,000003AF,false,Rx,0,8,B9,00,00,00,00,00,00,00,
1053597310,000003CF,false,Rx,0,8,69,00,A3,A3,A3,A3,A3,A3,
1053731724,000003AF,false,Rx,0,8,B9,00,00,00,00,00,00,00,
1054101280,000003CF,false,Rx,0,8,69,00,A3,A3,A3,A3,A3,A3,
1054231905,000003AF,false,Rx,0,8,B9,00,00,00,00,00,00,00,
1054605236,000003CF,false,Rx,0,8,69,00,A3,A3,A3,A3,A3,A3,
1054732051,000003AF,false,Rx,0,8,B9,00,00,00,00,00,00,00,
1055109166,000003CF,false,Rx,0,8,69,00,A3,A3,A3,A3,A3,A3,
1055232049,000003AF,false,Rx,0,8,B9,00,00,00,00,00,00,00,
1055613187,000003CF,false,Rx,0,8,69,00,A3,A3,A3,A3,A3,A3,
1055732183,000003AF,false,Rx,0,8,B9,00,00,00,00,00,00,00,
1056117167,000003CF,false,Rx,0,8,69,00,A3,A3,A3,A3,A3,A3,
1056232380,000003AF,false,Rx,0,8,B9,00,00,00,00,00,00,00,
1056621078,000003CF,false,Rx,0,8,69,00,A3,A3,A3,A3,A3,A3,
1056732409,000003AF,false,Rx,0,8,B9,00,00,00,00,00,00,00,
1057125016,000003CF,false,Rx,0,8,69,00,A3,A3,A3,A3,A3,A3,
1057232741,000003AF,false,Rx,0,8,B9,00,00,00,00,00,00,00,
1057628990,000003CF,false,Rx,0,8,69,00,A3,A3,A3,A3,A3,A3,
1057732811,000003AF,false,Rx,0,8,B9,00,00,00,00,00,00,00,
1058132852,000003CF,false,Rx,0,8,69,00,A3,A3,A3,A3,A3,A3,
1058232888,000003AF,false,Rx,0,8,B9,00,00,00,00,00,00,00,
1058636878,000003CF,false,Rx,0,8,69,00,A3,A3,A3,A3,A3,A3,
1058733062,000003AF,false,Rx,0,8,B9,00,00,00,00,00,00,00,
1059140803,000003CF,false,Rx,0,8,69,00,A3,A3,A3,A3,A3,A3,
1059233261,000003AF,false,Rx,0,8,B9,00,00,00,00,00,00,00,
1059644690,000003CF,false,Rx,0,8,69,00,A3,A3,A3,A3,A3,A3,
1059733370,000003AF,false,Rx,0,8,B9,00,00,00,00,00,00,00,
1060148670,000003CF,false,Rx,0,8,69,00,A3,A3,A3,A3,A3,A3,
1060233548,000003AF,false,Rx,0,8,B9,00,00,00,00,00,00,00,
1060652720,000003CF,false,Rx,0,8,69,00,A3,A3,A3,A3,A3,A3,
1060733706,000003AF,false,Rx,0,8,B9,00,00,00,00,00,00,00,
1061156646,000003CF,false,Rx,0,8,69,00,A3,A3,A3,A3,A3,A3,
1061233758,000003AF,false,Rx,0,8,B9,00,00,00,00,00,00,00,
1061660592,000003CF,false,Rx,0,8,69,00,A3,A3,A3,A3,A3,A3,
1061733873,000003AF,false,Rx,0,8,B9,00,00,00,00,00,00,00,
1062164561,000003CF,false,Rx,0,8,69,00,A3,A3,A3,A3,A3,A3,
1062234029,000003AF,false,Rx,0,8,B9,00,00,00,00,00,00,00,
1062668398,000003CF,false,Rx,0,8,69,00,A3,A3,A3,A3,A3,A3,
1062734175,000003AF,false,Rx,0,8,B9,00,00,00,00,00,00,00,
1063172451,000003CF,false,Rx,0,8,69,00,A3,A3,A3,A3,A3,A3,
1063234317,000003AF,false,Rx,0,8,B9,00,00,00,00,00,00,00,
1063676462,000003CF,false,Rx,0,8,69,00,A3,A3,A3,A3,A3,A3,
1063734460,000003AF,false,Rx,0,8,B9,00,00,00,00,00,00,00,
1064180306,000003CF,false,Rx,0,8,69,00,A3,A3,A3,A3,A3,A3,
1064234658,000003AF,false,Rx,0,8,B9,00,00,00,00,00,00,00,
1064684330,000003CF,false,Rx,0,8,69,00,A3,A3,A3,A3,A3,A3,
1064734749,000003AF,false,Rx,0,8,B9,00,00,00,00,00,00,00,
1065188334,000003CF,false,Rx,0,8,69,00,A3,A3,A3,A3,A3,A3,
1065234748,000003AF,false,Rx,0,8,B9,00,00,00,00,00,00,00,
1065692309,000003CF,false,Rx,0,8,69,00,A3,A3,A3,A3,A3,A3,
1065735047,000003AF,false,Rx,0,8,B9,00,00,00,00,00,00,00,
1066196226,000003CF,false,Rx,0,8,69,00,A3,A3,A3,A3,A3,A3,
1066235094,000003AF,false,Rx,0,8,B9,00,00,00,00,00,00,00,
1066700184,000003CF,false,Rx,0,8,69,00,A3,A3,A3,A3,A3,A3,
1066735324,000003AF,false,Rx,0,8,B9,00,00,00,00,00,00,00,
1067204045,000003CF,false,Rx,0,8,69,00,A3,A3,A3,A3,A3,A3,
1067235459,000003AF,false,Rx,0,8,B9,00,00,00,00,00,00,00,
1067708114,000003CF,false,Rx,0,8,69,00,A3,A3,A3,A3,A3,A3,
1067735516,000003AF,false,Rx,0,8,B9,00,00,00,00,00,00,00,
1068212023,000003CF,false,Rx,0,8,69,00,A3,A3,A3,A3,A3,A3,
1068235628,000003AF,false,Rx,0,8,B9,00,00,00,00,00,00,00,
1068715935,000003CF,false,Rx,0,8,69,00,A3,A3,A3,A3,A3,A3,
1068737858,000003AF,false,Rx,0,8,B9,00,00,00,00,00,00,00,
1069219796,000003CF,false,Rx,0,8,69,00,A3,A3,A3,A3,A3,A3,
1069235938,000003AF,false,Rx,0,8,B9,00,00,00,00,00,00,00,
1069723928,000003CF,false,Rx,0,8,69,00,A3,A3,A3,A3,A3,A3,
1069736123,000003AF,false,Rx,0,8,B9,00,00,00,00,00,00,00,
1070227820,000003CF,false,Rx,0,8,69,00,A3,A3,A3,A3,A3,A3,
1070236222,000003AF,false,Rx,0,8,B9,00,00,00,00,00,00,00,
1070731747,000003CF,false,Rx,0,8,69,00,A3,A3,A3,A3,A3,A3,
1070736408,000003AF,false,Rx,0,8,B9,00,00,00,00,00,00,00,
1071235777,000003CF,false,Rx,0,8,69,00,A3,A3,A3,A3,A3,A3,
1071236553,000003AF,false,Rx,0,8,B9,00,00,00,00,00,00,00,
1071736678,000003AF,false,Rx,0,8,B9,00,00,00,00,00,00,00,
1071739693,000003CF,false,Rx,0,8,69,00,A3,A3,A3,A3,A3,A3,
1072236862,000003AF,false,Rx,0,8,B9,00,00,00,00,00,00,00,
1072243646,000003CF,false,Rx,0,8,69,00,A3,A3,A3,A3,A3,A3,
1072736972,000003AF,false,Rx,0,8,B9,00,00,00,00,00,00,00,
1072747549,000003CF,false,Rx,0,8,69,00,A3,A3,A3,A3,A3,A3,
1073236990,000003AF,false,Rx,0,8,B9,00,00,00,00,00,00,00,
1073251547,000003CF,false,Rx,0,8,69,00,A3,A3,A3,A3,A3,A3,
1073737193,000003AF,false,Rx,0,8,B9,00,00,00,00,00,00,00,
1073755414,000003CF,false,Rx,0,8,69,00,A3,A3,A3,A3,A3,A3,
1074237268,000003AF,false,Rx,0,8,B9,00,00,00,00,00,00,00,
1074259544,000003CF,false,Rx,0,8,69,00,A3,A3,A3,A3,A3,A3,
1074737520,000003AF,false,Rx,0,8,B9,00,00,00,00,00,00,00,
1074763470,000003CF,false,Rx,0,8,69,00,A3,A3,A3,A3,A3,A3,
1075237708,000003AF,false,Rx,0,8,B9,00,00,00,00,00,00,00,
1075267405,000003CF,false,Rx,0,8,69,00,A3,A3,A3,A3,A3,A3,
1075737787,000003AF,false,Rx,0,8,B9,00,00,00,00,00,00,00,
1075771343,000003CF,false,Rx,0,8,69,00,A3,A3,A3,A3,A3,A3,
1076237966,000003AF,false,Rx,0,8,B9,00,00,00,00,00,00,00,
1076275399,000003CF,false,Rx,0,8,69,00,A3,A3,A3,A3,A3,A3,
1076738105,000003AF,false,Rx,0,8,B9,00,00,00,00,00,00,00,
1076779331,000003CF,false,Rx,0,8,69,00,A3,A3,A3,A3,A3,A3,
1077238175,000003AF,false,Rx,0,8,B9,00,00,00,00,00,00,00,
1077283729,000003CF,false,Rx,0,8,69,00,A3,A3,A3,A3,A3,A3,
1077738374,000003AF,false,Rx,0,8,B9,00,00,00,00,00,00,00,
1077789115,000003CF,false,Rx,0,8,69,00,A3,A3,A3,A3,A3,A3,
1078238570,000003AF,false,Rx,0,8,B9,00,00,00,00,00,00,00,
1078291155,000003CF,false,Rx,0,8,69,00,A3,A3,A3,A3,A3,A3,
1078738587,000003AF,false,Rx,0,8,B9,00,00,00,00,00,00,00,
1078795050,000003CF,false,Rx,0,8,69,00,A3,A3,A3,A3,A3,A3,
1079238766,000003AF,false,Rx,0,8,B9,00,00,00,00,00,00,00,
1079301058,000003CF,false,Rx,0,8,69,00,A3,A3,A3,A3,A3,A3,
1079738930,000003AF,false,Rx,0,8,B9,00,00,00,00,00,00,00,
1079806190,000003CF,false,Rx,0,8,69,00,A3,A3,A3,A3,A3,A3,
1080239005,000003AF,false,Rx,0,8,B9,00,00,00,00,00,00,00,
1080306934,000003CF,false,Rx,0,8,69,00,A3,A3,A3,A3,A3,A3,
1080739183,000003AF,false,Rx,0,8,B9,00,00,00,00,00,00,00,
1080810866,000003CF,false,Rx,0,8,69,00,A3,A3,A3,A3,A3,A3,
1081239318,000003AF,false,Rx,0,8,B9,00,00,00,00,00,00,00,
1081314780,000003CF,false,Rx,0,8,69,00,A3,A3,A3,A3,A3,A3,
1081739338,000003AF,false,Rx,0,8,B9,00,00,00,00,00,00,00,
1081818928,000003CF,false,Rx,0,8,69,00,A3,A3,A3,A3,A3,A3,
1082239420,000003AF,false,Rx,0,8,B9,00,00,00,00,00,00,00,
1082322850,000003CF,false,Rx,0,8,69,00,A3,A3,A3,A3,A3,A3,
1082739672,000003AF,false,Rx,0,8,B9,00,00,00,00,00,00,00,
1082826775,000003CF,false,Rx,0,8,69,00,A3,A3,A3,A3,A3,A3,
1083239869,000003AF,false,Rx,0,8,B9,00,00,00,00,00,00,00,
1083330684,000003CF,false,Rx,0,8,69,00,A3,A3,A3,A3,A3,A3,
1083740043,000003AF,false,Rx,0,8,B9,00,00,00,00,00,00,00,
1083834716,000003CF,false,Rx,0,8,69,00,A3,A3,A3,A3,A3,A3,
1084240130,000003AF,false,Rx,0,8,B9,00,00,00,00,00,00,00,
1084338695,000003CF,false,Rx,0,8,69,00,A3,A3,A3,A3,A3,A3,
1084740142,000003AF,false,Rx,0,8,B9,00,00,00,00,00,00,00,
1084842599,000003CF,false,Rx,0,8,69,00,A3,A3,A3,A3,A3,A3,
1085240436,000003AF,false,Rx,0,8,B9,00,00,00,00,00,00,00,
1085346589,000003CF,false,Rx,0,8,69,00,A3,A3,A3,A3,A3,A3,
1085740516,000003AF,false,Rx,0,8,B9,00,00,00,00,00,00,00,
1085850471,000003CF,false,Rx,0,8,69,00,A3,A3,A3,A3,A3,A3,
1086240653,000003AF,false,Rx,0,8,B9,00,00,00,00,00,00,00,
1086354330,000003CF,false,Rx,0,8,69,00,A3,A3,A3,A3,A3,A3,
1086740836,000003AF,false,Rx,0,8,B9,00,00,00,00,00,00,00,
1086858338,000003CF,false,Rx,0,8,69,00,A3,A3,A3,A3,A3,A3,
1087240968,000003AF,false,Rx,0,8,B9,00,00,00,00,00,00,00,
1087362370,000003CF,false,Rx,0,8,69,00,A3,A3,A3,A3,A3,A3,
1087741145,000003AF,false,Rx,0,8,B9,00,00,00,00,00,00,00,
1087866283,000003CF,false,Rx,0,8,69,00,A3,A3,A3,A3,A3,A3,
1088241220,000003AF,false,Rx,0,8,B9,00,00,00,00,00,00,00,
1088370401,000003CF,false,Rx,0,8,69,00,A3,A3,A3,A3,A3,A3,
1088741308,000003AF,false,Rx,0,8,B9,00,00,00,00,00,00,00,
1088874089,000003CF,false,Rx,0,8,69,00,A3,A3,A3,A3,A3,A3,
1089241500,000003AF,false,Rx,0,8,B9,00,00,00,00,00,00,00,
1089378215,000003CF,false,Rx,0,8,69,00,A3,A3,A3,A3,A3,A3,
1089741548,000003AF,false,Rx,0,8,B9,00,00,00,00,00,00,00,
1089882081,000003CF,false,Rx,0,8,69,00,A3,A3,A3,A3,A3,A3,
1090241830,000003AF,false,Rx,0,8,B9,00,00,00,00,00,00,00,
1090386027,000003CF,false,Rx,0,8,69,00,A3,A3,A3,A3,A3,A3,
1090741945,000003AF,false,Rx,0,8,B9,00,00,00,00,00,00,00,
1090889933,000003CF,false,Rx,0,8,69,00,A3,A3,A3,A3,A3,A3,
1091242046,000003AF,false,Rx,0,8,B9,00,00,00,00,00,00,00,
1091394015,000003CF,false,Rx,0,8,69,00,A3,A3,A3,A3,A3,A3,
1091742193,000003AF,false,Rx,0,8,B9,00,00,00,00,00,00,00,
1091897986,000003CF,false,Rx,0,8,69,00,A3,A3,A3,A3,A3,A3,
1092242301,000003AF,false,Rx,0,8,B9,00,00,00,00,00,00,00,
1092401903,000003CF,false,Rx,0,8,69,00,A3,A3,A3,A3,A3,A3,
1092742528,000003AF,false,Rx,0,8,B9,00,00,00,00,00,00,00,
1092905742,000003CF,false,Rx,0,8,69,00,A3,A3,A3,A3,A3,A3,
1093242677,000003AF,false,Rx,0,8,B9,00,00,00,00,00,00,00,
1093409870,000003CF,false,Rx,0,8,69,00,A3,A3,A3,A3,A3,A3,
1093742666,000003AF,false,Rx,0,8,B9,00,00,00,00,00,00,00,
1093913752,000003CF,false,Rx,0,8,69,00,A3,A3,A3,A3,A3,A3,
1094242886,000003AF,false,Rx,0,8,B9,00,00,00,00,00,00,00,
1094417781,000003CF,false,Rx,0,8,69,00,A3,A3,A3,A3,A3,A3,
1094742893,000003AF,false,Rx,0,8,B9,00,00,00,00,00,00,00,
1094921708,000003CF,false,Rx,0,8,69,00,A3,A3,A3,A3,A3,A3,
1095243140,000003AF,false,Rx,0,8,B9,00,00,00,00,00,00,00,
1095425734,000003CF,false,Rx,0,8,69,00,A3,A3,A3,A3,A3,A3,
1095743219,000003AF,false,Rx,0,8,B9,00,00,00,00,00,00,00,
1095929561,000003CF,false,Rx,0,8,69,00,A3,A3,A3,A3,A3,A3,
1096243348,000003AF,false,Rx,0,8,B9,00,00,00,00,00,00,00,
1096433592,000003CF,false,Rx,0,8,69,00,A3,A3,A3,A3,A3,A3,
1096743525,000003AF,false,Rx,0,8,B9,00,00,00,00,00,00,00,
1096937468,000003CF,false,Rx,0,8,69,00,A3,A3,A3,A3,A3,A3,
1097243672,000003AF,false,Rx,0,8,B9,00,00,00,00,00,00,00,
1097441544,000003CF,false,Rx,0,8,69,00,A3,A3,A3,A3,A3,A3,
1097743716,000003AF,false,Rx,0,8,B9,00,00,00,00,00,00,00,
1097945439,000003CF,false,Rx,0,8,69,00,A3,A3,A3,A3,A3,A3,
1098243826,000003AF,false,Rx,0,8,B9,00,00,00,00,00,00,00,
1098449455,000003CF,false,Rx,0,8,69,00,A3,A3,A3,A3,A3,A3,
1098744002,000003AF,false,Rx,0,8,B9,00,00,00,00,00,00,00,
1098953200,000003CF,false,Rx,0,8,69,00,A3,A3,A3,A3,A3,A3,
1099244226,000003AF,false,Rx,0,8,B9,00,00,00,00,00,00,00,
1099457236,000003CF,false,Rx,0,8,69,00,A3,A3,A3,A3,A3,A3,
1099744429,000003AF,false,Rx,0,8,B9,00,00,00,00,00,00,00,
1099961326,000003CF,false,Rx,0,8,69,00,A3,A3,A3,A3,A3,A3,
1100244589,000003AF,false,Rx,0,8,B9,00,00,00,00,00,00,00,
1100465207,000003CF,false,Rx,0,8,69,00,A3,A3,A3,A3,A3,A3,
1100744651,000003AF,false,Rx,0,8,B9,00,00,00,00,00,00,00,
1100969207,000003CF,false,Rx,0,8,69,00,A3,A3,A3,A3,A3,A3,
1101244737,000003AF,false,Rx,0,8,B9,00,00,00,00,00,00,00,
1101473188,000003CF,false,Rx,0,8,69,00,A3,A3,A3,A3,A3,A3,
1101744936,000003AF,false,Rx,0,8,B9,00,00,00,00,00,00,00,
1101977027,000003CF,false,Rx,0,8,69,00,A3,A3,A3,A3,A3,A3,
1102245114,000003AF,false,Rx,0,8,B9,00,00,00,00,00,00,00,
1102481028,000003CF,false,Rx,0,8,69,00,A3,A3,A3,A3,A3,A3,
1102745120,000003AF,false,Rx,0,8,B9,00,00,00,00,00,00,00,
1102984882,000003CF,false,Rx,0,8,69,00,A3,A3,A3,A3,A3,A3,
1103245304,000003AF,false,Rx,0,8,B9,00,00,00,00,00,00,00,
1103489013,000003CF,false,Rx,0,8,69,00,A3,A3,A3,A3,A3,A3,
1103745370,000003AF,false,Rx,0,8,B9,00,00,00,00,00,00,00,
1103992791,000003CF,false,Rx,0,8,69,00,A3,A3,A3,A3,A3,A3,
1104245592,000003AF,false,Rx,0,8,B9,00,00,00,00,00,00,00,
1104496770,000003CF,false,Rx,0,8,69,00,A3,A3,A3,A3,A3,A3,
1104745720,000003AF,false,Rx,0,8,B9,00,00,00,00,00,00,00,
1105000814,000003CF,false,Rx,0,8,69,00,A3,A3,A3,A3,A3,A3,
1105245905,000003AF,false,Rx,0,8,B9,00,00,00,00,00,00,00,
1105504866,000003CF,false,Rx,0,8,69,00,A3,A3,A3,A3,A3,A3,
1105746093,000003AF,false,Rx,0,8,B9,00,00,00,00,00,00,00,
1106008819,000003CF,false,Rx,0,8,69,00,A3,A3,A3,A3,A3,A3,
1106246108,000003AF,false,Rx,0,8,B9,00,00,00,00,00,00,00,
1106512740,000003CF,false,Rx,0,8,69,00,A3,A3,A3,A3,A3,A3,
1106746192,000003AF,false,Rx,0,8,B9,00,00,00,00,00,00,00,
1107016628,000003CF,false,Rx,0,8,69,00,A3,A3,A3,A3,A3,A3,
1107246333,000003AF,false,Rx,0,8,B9,00,00,00,00,00,00,00,
1107520593,000003CF,false,Rx,0,8,69,00,A3,A3,A3,A3,A3,A3,
1107746507,000003AF,false,Rx,0,8,B9,00,00,00,00,00,00,00,
1108024561,000003CF,false,Rx,0,8,69,00,A3,A3,A3,A3,A3,A3,
1108246733,000003AF,false,Rx,0,8,B9,00,00,00,00,00,00,00,
1108528529,000003CF,false,Rx,0,8,69,00,A3,A3,A3,A3,A3,A3,
1108746871,000003AF,false,Rx,0,8,B9,00,00,00,00,00,00,00,
1109032436,000003CF,false,Rx,0,8,69,00,A3,A3,A3,A3,A3,A3,
1109246878,000003AF,false,Rx,0,8,B9,00,00,00,00,00,00,00,
1109536751,000003CF,false,Rx,0,8,69,00,A3,A3,A3,A3,A3,A3,
1109747003,000003AF,false,Rx,0,8,B9,00,00,00,00,00,00,00,
1110041938,000003CF,false,Rx,0,8,69,00,A3,A3,A3,A3,A3,A3,
1110247327,000003AF,false,Rx,0,8,B9,00,00,00,00,00,00,00,
1110544226,000003CF,false,Rx,0,8,69,00,A3,A3,A3,A3,A3,A3,
1110747473,000003AF,false,Rx,0,8,B9,00,00,00,00,00,00,00,
1111048264,000003CF,false,Rx,0,8,69,00,A3,A3,A3,A3,A3,A3,
1111247485,000003AF,false,Rx,0,8,B9,00,00,00,00,00,00,00,
1111553674,000003CF,false,Rx,0,8,69,00,A3,A3,A3,A3,A3,A3,
1111747708,000003AF,false,Rx,0,8,B9,00,00,00,00,00,00,00,
1112059347,000003CF,false,Rx,0,8,69,00,A3,A3,A3,A3,A3,A3,
1112247778,000003AF,false,Rx,0,8,B9,00,00,00,00,00,00,00,
1112560122,000003CF,false,Rx,0,8,69,00,A3,A3,A3,A3,A3,A3,
1112747922,000003AF,false,Rx,0,8,B9,00,00,00,00,00,00,00,
1113064143,000003CF,false,Rx,0,8,69,00,A3,A3,A3,A3,A3,A3,
1113248039,000003AF,false,Rx,0,8,B9,00,00,00,00,00,00,00,
1113568114,000003CF,false,Rx,0,8,69,00,A3,A3,A3,A3,A3,A3,
1113748196,000003AF,false,Rx,0,8,B9,00,00,00,00,00,00,00,
1114072084,000003CF,false,Rx,0,8,69,00,A3,A3,A3,A3,A3,A3,
1114248318,000003AF,false,Rx,0,8,B9,00,00,00,00,00,00,00,
1114576011,000003CF,false,Rx,0,8,69,00,A3,A3,A3,A3,A3,A3,
1114748389,000003AF,false,Rx,0,8,B9,00,00,00,00,00,00,00,
1115079947,000003CF,false,Rx,0,8,69,00,A3,A3,A3,A3,A3,A3,
1115248544,000003AF,false,Rx,0,8,B9,00,00,00,00,00,00,00,
1115583972,000003CF,false,Rx,0,8,69,00,A3,A3,A3,A3,A3,A3,
1115748748,000003AF,false,Rx,0,8,B9,00,00,00,00,00,00,00,
1116087885,000003CF,false,Rx,0,8,69,00,A3,A3,A3,A3,A3,A3,
1116248915,000003AF,false,Rx,0,8,B9,00,00,00,00,00,00,00,
1116591796,000003CF,false,Rx,0,8,69,00,A3,A3,A3,A3,A3,A3,
1116748942,000003AF,false,Rx,0,8,B9,00,00,00,00,00,00,00,
1117095832,000003CF,false,Rx,0,8,69,00,A3,A3,A3,A3,A3,A3,
1117249247,000003AF,false,Rx,0,8,B9,00,00,00,00,00,00,00,
1117599759,000003CF,false,Rx,0,8,69,00,A3,A3,A3,A3,A3,A3,
1117749404,000003AF,false,Rx,0,8,B9,00,00,00,00,00,00,00,
1118103573,000003CF,false,Rx,0,8,69,00,A3,A3,A3,A3,A3,A3,
1118249336,000003AF,false,Rx,0,8,B9,00,00,00,00,00,00,00,
1118607533,000003CF,false,Rx,0,8,69,00,A3,A3,A3,A3,A3,A3,
1118749468,000003AF,false,Rx,0,8,B9,00,00,00,00,00,00,00,
1119111612,000003CF,false,Rx,0,8,69,00,A3,A3,A3,A3,A3,A3,
1119249723,000003AF,false,Rx,0,8,B9,00,00,00,00,00,00,00,
1119615588,000003CF,false,Rx,0,8,69,00,A3,A3,A3,A3,A3,A3,
1119749841,000003AF,false,Rx,0,8,B9,00,00,00,00,00,00,00,
1120119461,000003CF,false,Rx,0,8,69,00,A3,A3,A3,A3,A3,A3,
1120249886,000003AF,false,Rx,0,8,B9,00,00,00,00,00,00,00,
1120623584,000003CF,false,Rx,0,8,69,00,A3,A3,A3,A3,A3,A3,
1120750176,000003AF,false,Rx,0,8,B9,00,00,00,00,00,00,00,
1121127544,000003CF,false,Rx,0,8,69,00,A3,A3,A3,A3,A3,A3,
1121250336,000003AF,false,Rx,0,8,B9,00,00,00,00,00,00,00,
1121631442,000003CF,false,Rx,0,8,69,00,A3,A3,A3,A3,A3,A3,
1121750343,000003AF,false,Rx,0,8,B9,00,00,00,00,00,00,00,
1122135188,000003CF,false,Rx,0,8,69,00,A3,A3,A3,A3,A3,A3,
1122250697,000003AF,false,Rx,0,8,B9,00,00,00,00,00,00,00,
1122639329,000003CF,false,Rx,0,8,69,00,A3,A3,A3,A3,A3,A3,
1122750658,000003AF,false,Rx,0,8,B9,00,00,00,00,00,00,00,
1123143279,000003CF,false,Rx,0,8,69,00,A3,A3,A3,A3,A3,A3,
1123250860,000003AF,false,Rx,0,8,B9,00,00,00,00,00,00,00,
1123647224,000003CF,false,Rx,0,8,69,00,A3,A3,A3,A3,A3,A3,
1123750874,000003AF,false,Rx,0,8,B9,00,00,00,00,00,00,00,
1124151317,000003CF,false,Rx,0,8,69,00,A3,A3,A3,A3,A3,A3,
1124251107,000003AF,false,Rx,0,8,B9,00,00,00,00,00,00,00,
1124655238,000003CF,false,Rx,0,8,69,00,A3,A3,A3,A3,A3,A3,
1124751159,000003AF,false,Rx,0,8,B9,00,00,00,00,00,00,00,
1125159121,000003CF,false,Rx,0,8,69,00,A3,A3,A3,A3,A3,A3,
1125251458,000003AF,false,Rx,0,8,B9,00,00,00,00,00,00,00,
1125663102,000003CF,false,Rx,0,8,69,00,A3,A3,A3,A3,A3,A3,
1125751573,000003AF,false,Rx,0,8,B9,00,00,00,00,00,00,00,
1126167020,000003CF,false,Rx,0,8,69,00,A3,A3,A3,A3,A3,A3,
1126251635,000003AF,false,Rx,0,8,B9,00,00,00,00,00,00,00,
1126670848,000003CF,false,Rx,0,8,69,00,A3,A3,A3,A3,A3,A3,
1126751672,000003AF,false,Rx,0,8,B9,00,00,00,00,00,00,00,
1127174756,000003CF,false,Rx,0,8,69,00,A3,A3,A3,A3,A3,A3,
1127251798,000003AF,false,Rx,0,8,B9,00,00,00,00,00,00,00,
1127678869,000003CF,false,Rx,0,8,69,00,A3,A3,A3,A3,A3,A3,
1127752021,000003AF,false,Rx,0,8,B9,00,00,00,00,00,00,00,
1128182701,000003CF,false,Rx,0,8,69,00,A3,A3,A3,A3,A3,A3,
1128252281,000003AF,false,Rx,0,8,B9,00,00,00,00,00,00,00,
1128686655,000003CF,false,Rx,0,8,69,00,A3,A3,A3,A3,A3,A3,
1128752308,000003AF,false,Rx,0,8,B9,00,00,00,00,00,00,00,
1129190731,000003CF,false,Rx,0,8,69,00,A3,A3,A3,A3,A3,A3,
1129252580,000003AF,false,Rx,0,8,B9,00,00,00,00,00,00,00,
1129694758,000003CF,false,Rx,0,8,69,00,A3,A3,A3,A3,A3,A3,
1129752682,000003AF,false,Rx,0,8,B9,00,00,00,00,00,00,00,
1130198710,000003CF,false,Rx,0,8,69,00,A3,A3,A3,A3,A3,A3,
1130252773,000003AF,false,Rx,0,8,B9,00,00,00,00,00,00,00,
1130702607,000003CF,false,Rx,0,8,69,00,A3,A3,A3,A3,A3,A3,
1130752894,000003AF,false,Rx,0,8,B9,00,00,00,00,00,00,00,
1131206554,000003CF,false,Rx,0,8,69,00,A3,A3,A3,A3,A3,A3,
1131253059,000003AF,false,Rx,0,8,B9,00,00,00,00,00,00,00,
1131710575,000003CF,false,Rx,0,8,69,00,A3,A3,A3,A3,A3,A3,
1131753220,000003AF,false,Rx,0,8,B9,00,00,00,00,00,00,00,
1132214439,000003CF,false,Rx,0,8,69,00,A3,A3,A3,A3,A3,A3,
1132253377,000003AF,false,Rx,0,8,B9,00,00,00,00,00,00,00,
1132718456,000003CF,false,Rx,0,8,69,00,A3,A3,A3,A3,A3,A3,
1132753337,000003AF,false,Rx,0,8,B9,00,00,00,00,00,00,00,
1133222324,000003CF,false,Rx,0,8,69,00,A3,A3,A3,A3,A3,A3,
1133253596,000003AF,false,Rx,0,8,B9,00,00,00,00,00,00,00,
1133726385,000003CF,false,Rx,0,8,69,00,A3,A3,A3,A3,A3,A3,
1133753999,000003AF,false,Rx,0,8,B9,00,00,00,00,00,00,00,
1134230382,000003CF,false,Rx,0,8,69,00,A3,A3,A3,A3,A3,A3,
1134256280,000003AF,false,Rx,0,8,B9,00,00,00,00,00,00,00,
1134734221,000003CF,false,Rx,0,8,69,00,A3,A3,A3,A3,A3,A3,
1134753809,000003AF,false,Rx,0,8,B9,00,00,00,00,00,00,00,
1135238193,000003CF,false,Rx,0,8,69,00,A3,A3,A3,A3,A3,A3,
1135254051,000003AF,false,Rx,0,8,B9,00,00,00,00,00,00,00,
1135742076,000003CF,false,Rx,0,8,69,00,A3,A3,A3,A3,A3,A3,
1135754257,000003AF,false,Rx,0,8,B9,00,00,00,00,00,00,00,
1136245974,000003CF,false,Rx,0,8,69,00,A3,A3,A3,A3,A3,A3,
1136254300,000003AF,false,Rx,0,8,B9,00,00,00,00,00,00,00,
1136750081,000003CF,false,Rx,0,8,69,00,A3,A3,A3,A3,A3,A3,
1136754454,000003AF,false,Rx,0,8,B9,00,00,00,00,00,00,00,
1137254056,000003CF,false,Rx,0,8,69,00,A3,A3,A3,A3,A3,A3,
1137254700,000003AF,false,Rx,0,8,B9,00,00,00,00,00,00,00,
1137754824,000003AF,false,Rx,0,8,B9,00,00,00,00,00,00,00,
1137758005,000003CF,false,Rx,0,8,69,00,A3,A3,A3,A3,A3,A3,
1138254919,000003AF,false,Rx,0,8,B9,00,00,00,00,00,00,00,
1138261906,000003CF,false,Rx,0,8,69,00,A3,A3,A3,A3,A3,A3,
1138755106,000003AF,false,Rx,0,8,B9,00,00,00,00,00,00,00,
1138765740,000003CF,false,Rx,0,8,69,00,A3,A3,A3,A3,A3,A3,
1139255242,000003AF,false,Rx,0,8,B9,00,00,00,00,00,00,00,
1139270020,000003CF,false,Rx,0,8,69,00,A3,A3,A3,A3,A3,A3,
1139755383,000003AF,false,Rx,0,8,B9,00,00,00,00,00,00,00,
1139773665,000003CF,false,Rx,0,8,69,00,A3,A3,A3,A3,A3,A3,
1140255452,000003AF,false,Rx,0,8,B9,00,00,00,00,00,00,00,
1140277859,000003CF,false,Rx,0,8,69,00,A3,A3,A3,A3,A3,A3,
1140755617,000003AF,false,Rx,0,8,B9,00,00,00,00,00,00,00,
1140781853,000003CF,false,Rx,0,8,69,00,A3,A3,A3,A3,A3,A3,
1141255732,000003AF,false,Rx,0,8,B9,00,00,00,00,00,00,00,
1141285646,000003CF,false,Rx,0,8,69,00,A3,A3,A3,A3,A3,A3,
1141755929,000003AF,false,Rx,0,8,B9,00,00,00,00,00,00,00,
1141791416,000003CF,false,Rx,0,8,69,00,A3,A3,A3,A3,A3,A3,
1142256084,000003AF,false,Rx,0,8,B9,00,00,00,00,00,00,00,
1142293622,000003CF,false,Rx,0,8,69,00,A3,A3,A3,A3,A3,A3,
1142756155,000003AF,false,Rx,0,8,B9,00,00,00,00,00,00,00,
1142797799,000003CF,false,Rx,0,8,69,00,A3,A3,A3,A3,A3,A3,
1143256202,000003AF,false,Rx,0,8,B9,00,00,00,00,00,00,00,
1143301658,000003CF,false,Rx,0,8,69,00,A3,A3,A3,A3,A3,A3,
1143756485,000003AF,false,Rx,0,8,B9,00,00,00,00,00,00,00,
1143806941,000003CF,false,Rx,0,8,69,00,A3,A3,A3,A3,A3,A3,
1144256671,000003AF,false,Rx,0,8,B9,00,00,00,00,00,00,00,
1144312657,000003CF,false,Rx,0,8,69,00,A3,A3,A3,A3,A3,A3,
1144756698,000003AF,false,Rx,0,8,B9,00,00,00,00,00,00,00,
1144813373,000003CF,false,Rx,0,8,69,00,A3,A3,A3,A3,A3,A3,
1145256858,000003AF,false,Rx,0,8,B9,00,00,00,00,00,00,00,
1145317544,000003CF,false,Rx,0,8,69,00,A3,A3,A3,A3,A3,A3,
1145757067,000003AF,false,Rx,0,8,B9,00,00,00,00,00,00,00,
1145821265,000003CF,false,Rx,0,8,69,00,A3,A3,A3,A3,A3,A3,
1146257180,000003AF,false,Rx,0,8,B9,00,00,00,00,00,00,00,
1146325258,000003CF,false,Rx,0,8,69,00,A3,A3,A3,A3,A3,A3,
1146757247,000003AF,false,Rx,0,8,B9,00,00,00,00,00,00,00,
1146829279,000003CF,false,Rx,0,8,69,00,A3,A3,A3,A3,A3,A3,
1147257382,000003AF,false,Rx,0,8,B9,00,00,00,00,00,00,00,
1147333162,000003CF,false,Rx,0,8,69,00,A3,A3,A3,A3,A3,A3,
1147757577,000003AF,false,Rx,0,8,B9,00,00,00,00,00,00,00,
1147837102,000003CF,false,Rx,0,8,69,00,A3,A3,A3,A3,A3,A3,
1148257717,000003AF,false,Rx,0,8,B9,00,00,00,00,00,00,00,
1148341064,000003CF,false,Rx,0,8,69,00,A3,A3,A3,A3,A3,A3,
1148757804,000003AF,false,Rx,0,8,B9,00,00,00,00,00,00,00,
1148845038,000003CF,false,Rx,0,8,69,00,A3,A3,A3,A3,A3,A3,
1149257823,000003AF,false,Rx,0,8,B9,00,00,00,00,00,00,00,
1149349018,000003CF,false,Rx,0,8,69,00,A3,A3,A3,A3,A3,A3,
1149758013,000003AF,false,Rx,0,8,B9,00,00,00,00,00,00,00,
1149852830,000003CF,false,Rx,0,8,69,00,A3,A3,A3,A3,A3,A3,
1150258275,000003AF,false,Rx,0,8,B9,00,00,00,00,00,00,00,
1150356885,000003CF,false,Rx,0,8,69,00,A3,A3,A3,A3,A3,A3,
1150758417,000003AF,false,Rx,0,8,B9,00,00,00,00,00,00,00,
1150860828,000003CF,false,Rx,0,8,69,00,A3,A3,A3,A3,A3,A3,
1151258560,000003AF,false,Rx,0,8,B9,00,00,00,00,00,00,00,
1151364766,000003CF,false,Rx,0,8,69,00,A3,A3,A3,A3,A3,A3,
1151758611,000003AF,false,Rx,0,8,B9,00,00,00,00,00,00,00,
1151868800,000003CF,false,Rx,0,8,69,00,A3,A3,A3,A3,A3,A3,
1152258852,000003AF,false,Rx,0,8,B9,00,00,00,00,00,00,00,
1152372685,000003CF,false,Rx,0,8,69,00,A3,A3,A3,A3,A3,A3,
1152758842,000003AF,false,Rx,0,8,B9,00,00,00,00,00,00,00,
1152876576,000003CF,false,Rx,0,8,69,00,A3,A3,A3,A3,A3,A3,
1153259035,000003AF,false,Rx,0,8,B9,00,00,00,00,00,00,00,
1153380714,000003CF,false,Rx,0,8,69,00,A3,A3,A3,A3,A3,A3,
1153759259,000003AF,false,Rx,0,8,B9,00,00,00,00,00,00,00,
1153884544,000003CF,false,Rx,0,8,69,00,A3,A3,A3,A3,A3,A3,
1154259254,000003AF,false,Rx,0,8,B9,00,00,00,00,00,00,00,
1154388510,000003CF,false,Rx,0,8,69,00,A3,A3,A3,A3,A3,A3,
1154759420,000003AF,false,Rx,0,8,B9,00,00,00,00,00,00,00,
1154892481,000003CF,false,Rx,0,8,69,00,A3,A3,A3,A3,A3,A3,
1155259478,000003AF,false,Rx,0,8,B9,00,00,00,00,00,00,00,
1155396322,000003CF,false,Rx,0,8,69,00,A3,A3,A3,A3,A3,A3,
1155759770,000003AF,false,Rx,0,8,B9,00,00,00,00,00,00,00,
1155900302,000003CF,false,Rx,0,8,69,00,A3,A3,A3,A3,A3,A3,
1156259819,000003AF,false,Rx,0,8,B9,00,00,00,00,00,00,00,
1156404508,000003CF,false,Rx,0,8,69,00,A3,A3,A3,A3,A3,A3,
1156760044,000003AF,false,Rx,0,8,B9,00,00,00,00,00,00,00,
1156908291,000003CF,false,Rx,0,8,69,00,A3,A3,A3,A3,A3,A3,
1157260143,000003AF,false,Rx,0,8,B9,00,00,00,00,00,00,00,
1157412274,000003CF,false,Rx,0,8,69,00,A3,A3,A3,A3,A3,A3,
1157760207,000003AF,false,Rx,0,8,B9,00,00,00,00,00,00,00,
1157916240,000003CF,false,Rx,0,8,69,00,A3,A3,A3,A3,A3,A3,
1158260367,000003AF,false,Rx,0,8,B9,00,00,00,00,00,00,00,
1158420256,000003CF,false,Rx,0,8,69,00,A3,A3,A3,A3,A3,A3,
1158760458,000003AF,false,Rx,0,8,B9,00,00,00,00,00,00,00,
1158924055,000003CF,false,Rx,0,8,69,00,A3,A3,A3,A3,A3,A3,
1159260694,000003AF,false,Rx,0,8,B9,00,00,00,00,00,00,00,
1159428126,000003CF,false,Rx,0,8,69,00,A3,A3,A3,A3,A3,A3,
1159760774,000003AF,false,Rx,0,8,B9,00,00,00,00,00,00,00,
1159932098,000003CF,false,Rx,0,8,69,00,A3,A3,A3,A3,A3,A3,
1160260996,000003AF,false,Rx,0,8,B9,00,00,00,00,00,00,00,
1160436047,000003CF,false,Rx,0,8,69,00,A3,A3,A3,A3,A3,A3,
1160761041,000003AF,false,Rx,0,8,B9,00,00,00,00,00,00,00,
1160939916,000003CF,false,Rx,0,8,69,00,A3,A3,A3,A3,A3,A3,
1161261288,000003AF,false,Rx,0,8,B9,00,00,00,00,00,00,00,
1161443857,000003CF,false,Rx,0,8,69,00,A3,A3,A3,A3,A3,A3,
1161761367,000003AF,false,Rx,0,8,B9,00,00,00,00,00,00,00,
1161947905,000003CF,false,Rx,0,8,69,00,A3,A3,A3,A3,A3,A3,
1162261413,000003AF,false,Rx,0,8,B9,00,00,00,00,00,00,00,
1162451828,000003CF,false,Rx,0,8,69,00,A3,A3,A3,A3,A3,A3,
1162761593,000003AF,false,Rx,0,8,B9,00,00,00,00,00,00,00,
1162955699,000003CF,false,Rx,0,8,69,00,A3,A3,A3,A3,A3,A3,
1163261658,000003AF,false,Rx,0,8,B9,00,00,00,00,00,00,00,
1163459695,000003CF,false,Rx,0,8,69,00,A3,A3,A3,A3,A3,A3,
1163761932,000003AF,false,Rx,0,8,B9,00,00,00,00,00,00,00,
1163963775,000003CF,false,Rx,0,8,69,00,A3,A3,A3,A3,A3,A3,
1164262070,000003AF,false,Rx,0,8,B9,00,00,00,00,00,00,00,
1164467650,000003CF,false,Rx,0,8,69,00,A3,A3,A3,A3,A3,A3,
1164762257,000003AF,false,Rx,0,8,B9,00,00,00,00,00,00,00,
1164971548,000003CF,false,Rx,0,8,69,00,A3,A3,A3,A3,A3,A3,
1165262395,000003AF,false,Rx,0,8,B9,00,00,00,00,00,00,00,
1165475633,000003CF,false,Rx,0,8,69,00,A3,A3,A3,A3,A3,A3,
1165762483,000003AF,false,Rx,0,8,B9,00,00,00,00,00,00,00,
1165979412,000003CF,false,Rx,0,8,69,00,A3,A3,A3,A3,A3,A3,
1166262620,000003AF,false,Rx,0,8,B9,00,00,00,00,00,00,00,
1166483443,000003CF,false,Rx,0,8,69,00,A3,A3,A3,A3,A3,A3,
1166762744,000003AF,false,Rx,0,8,B9,00,00,00,00,00,00,00,
1166987504,000003CF,false,Rx,0,8,69,00,A3,A3,A3,A3,A3,A3,
1167262771,000003AF,false,Rx,0,8,B9,00,00,00,00,00,00,00,
1167491378,000003CF,false,Rx,0,8,69,00,A3,A3,A3,A3,A3,A3,
1167762909,000003AF,false,Rx,0,8,B9,00,00,00,00,00,00,00,
1167995427,000003CF,false,Rx,0,8,69,00,A3,A3,A3,A3,A3,A3,
1168263118,000003AF,false,Rx,0,8,B9,00,00,00,00,00,00,00,
1168499334,000003CF,false,Rx,0,8,69,00,A3,A3,A3,A3,A3,A3,
1168763344,000003AF,false,Rx,0,8,B9,00,00,00,00,00,00,00,
1169003387,000003CF,false,Rx,0,8,69,00,A3,A3,A3,A3,A3,A3,
1169263485,000003AF,false,Rx,0,8,B9,00,00,00,00,00,00,00,
1169507308,000003CF,false,Rx,0,8,69,00,A3,A3,A3,A3,A3,A3,
1169763674,000003AF,false,Rx,0,8,B9,00,00,00,00,00,00,00,
1170011107,000003CF,false,Rx,0,8,69,00,A3,A3,A3,A3,A3,A3,
1170263757,000003AF,false,Rx,0,8,B9,00,00,00,00,00,00,00,
1170515160,000003CF,false,Rx,0,8,69,00,A3,A3,A3,A3,A3,A3,
1170763908,000003AF,false,Rx,0,8,B9,00,00,00,00,00,00,00,
1171019046,000003CF,false,Rx,0,8,69,00,A3,A3,A3,A3,A3,A3,
1171263918,000003AF,false,Rx,0,8,B9,00,00,00,00,00,00,00,
1171522954,000003CF,false,Rx,0,8,69,00,A3,A3,A3,A3,A3,A3,
1171764077,000003AF,false,Rx,0,8,B9,00,00,00,00,00,00,00,
1172026864,000003CF,false,Rx,0,8,69,00,A3,A3,A3,A3,A3,A3,
1172264238,000003AF,false,Rx,0,8,B9,00,00,00,00,00,00,00,
1172531025,000003CF,false,Rx,0,8,69,00,A3,A3,A3,A3,A3,A3,
1172764426,000003AF,false,Rx,0,8,B9,00,00,00,00,00,00,00,
1173034987,000003CF,false,Rx,0,8,69,00,A3,A3,A3,A3,A3,A3,
1173264497,000003AF,false,Rx,0,8,B9,00,00,00,00,00,00,00,
1173539051,000003CF,false,Rx,0,8,69,00,A3,A3,A3,A3,A3,A3,
1173764622,000003AF,false,Rx,0,8,B9,00,00,00,00,00,00,00,
1174042942,000003CF,false,Rx,0,8,69,00,A3,A3,A3,A3,A3,A3,
1174264783,000003AF,false,Rx,0,8,B9,00,00,00,00,00,00,00,
1174548605,000003CF,false,Rx,0,8,69,00,A3,A3,A3,A3,A3,A3,
1174764902,000003AF,false,Rx,0,8,B9,00,00,00,00,00,00,00,
1175052715,000003CF,false,Rx,0,8,69,00,A3,A3,A3,A3,A3,A3,
1175265129,000003AF,false,Rx,0,8,B9,00,00,00,00,00,00,00,
1175554859,000003CF,false,Rx,0,8,69,00,A3,A3,A3,A3,A3,A3,
1175765310,000003AF,false,Rx,0,8,B9,00,00,00,00,00,00,00,
1176060034,000003CF,false,Rx,0,8,69,00,A3,A3,A3,A3,A3,A3,
1176265357,000003AF,false,Rx,0,8,B9,00,00,00,00,00,00,00,
1176565924,000003CF,false,Rx,0,8,69,00,A3,A3,A3,A3,A3,A3,
1176765667,000003AF,false,Rx,0,8,B9,00,00,00,00,00,00,00,
1177066570,000003CF,false,Rx,0,8,69,00,A3,A3,A3,A3,A3,A3,
1177265612,000003AF,false,Rx,0,8,B9,00,00,00,00,00,00,00,
1177570575,000003CF,false,Rx,0,8,69,00,A3,A3,A3,A3,A3,A3,
1177765775,000003AF,false,Rx,0,8,B9,00,00,00,00,00,00,00,
1178074544,000003CF,false,Rx,0,8,69,00,A3,A3,A3,A3,A3,A3,
1178265968,000003AF,false,Rx,0,8,B9,00,00,00,00,00,00,00,
1178578403,000003CF,false,Rx,0,8,69,00,A3,A3,A3,A3,A3,A3,
1178765924,000003AF,false,Rx,0,8,B9,00,00,00,00,00,00,00,
1179082388,000003CF,false,Rx,0,8,69,00,A3,A3,A3,A3,A3,A3,
1179266119,000003AF,false,Rx,0,8,B9,00,00,00,00,00,00,00,
1179586420,000003CF,false,Rx,0,8,69,00,A3,A3,A3,A3,A3,A3,
1179766291,000003AF,false,Rx,0,8,B9,00,00,00,00,00,00,00,
1180090290,000003CF,false,Rx,0,8,69,00,A3,A3,A3,A3,A3,A3,
1180266479,000003AF,false,Rx,0,8,B9,00,00,00,00,00,00,00,
1180594193,000003CF,false,Rx,0,8,69,00,A3,A3,A3,A3,A3,A3,
1180766724,000003AF,false,Rx,0,8,B9,00,00,00,00,00,00,00,
1181098123,000003CF,false,Rx,0,8,69,00,A3,A3,A3,A3,A3,A3,
1181266782,000003AF,false,Rx,0,8,B9,00,00,00,00,00,00,00,
1181602229,000003CF,false,Rx,0,8,69,00,A3,A3,A3,A3,A3,A3,
1181766746,000003AF,false,Rx,0,8,B9,00,00,00,00,00,00,00,
1182106171,000003CF,false,Rx,0,8,69,00,A3,A3,A3,A3,A3,A3,
1182267048,000003AF,false,Rx,0,8,B9,00,00,00,00,00,00,00,
1182610042,000003CF,false,Rx,0,8,69,00,A3,A3,A3,A3,A3,A3,
1182767165,000003AF,false,Rx,0,8,B9,00,00,00,00,00,00,00,
1183113947,000003CF,false,Rx,0,8,69,00,A3,A3,A3,A3,A3,A3,
1183267154,000003AF,false,Rx,0,8,B9,00,00,00,00,00,00,00,
1183618133,000003CF,false,Rx,0,8,69,00,A3,A3,A3,A3,A3,A3,
1183767508,000003AF,false,Rx,0,8,B9,00,00,00,00,00,00,00,
1184121844,000003CF,false,Rx,0,8,69,00,A3,A3,A3,A3,A3,A3,
1184267512,000003AF,false,Rx,0,8,B9,00,00,00,00,00,00,00,
1184625998,000003CF,false,Rx,0,8,69,00,A3,A3,A3,A3,A3,A3,
1184767741,000003AF,false,Rx,0,8,B9,00,00,00,00,00,00,00,
1185129780,000003CF,false,Rx,0,8,69,00,A3,A3,A3,A3,A3,A3,
1185267840,000003AF,false,Rx,0,8,B9,00,00,00,00,00,00,00,
1185633730,000003CF,false,Rx,0,8,69,00,A3,A3,A3,A3,A3,A3,
1185767953,000003AF,false,Rx,0,8,B9,00,00,00,00,00,00,00,
1186137659,000003CF,false,Rx,0,8,69,00,A3,A3,A3,A3,A3,A3,
1186267957,000003AF,false,Rx,0,8,B9,00,00,00,00,00,00,00,
1186641644,000003CF,false,Rx,0,8,69,00,A3,A3,A3,A3,A3,A3,
1186768182,000003AF,false,Rx,0,8,B9,00,00,00,00,00,00,00,
1187145665,000003CF,false,Rx,0,8,69,00,A3,A3,A3,A3,A3,A3,
1187268396,000003AF,false,Rx,0,8,B9,00,00,00,00,00,00,00,
1187649830,000003CF,false,Rx,0,8,69,00,A3,A3,A3,A3,A3,A3,
1187768524,000003AF,false,Rx,0,8,B9,00,00,00,00,00,00,00,
1188153592,000003CF,false,Rx,0,8,69,00,A3,A3,A3,A3,A3,A3,
1188268607,000003AF,false,Rx,0,8,B9,00,00,00,00,00,00,00,
1188657484,000003CF,false,Rx,0,8,69,00,A3,A3,A3,A3,A3,A3,
1188768677,000003AF,false,Rx,0,8,B9,00,00,00,00,00,00,00,
1189161465,000003CF,false,Rx,0,8,69,00,A3,A3,A3,A3,A3,A3,
1189268916,000003AF,false,Rx,0,8,B9,00,00,00,00,00,00,00,
1189665489,000003CF,false,Rx,0,8,69,00,A3,A3,A3,A3,A3,A3,
1189769133,000003AF,false,Rx,0,8,B9,00,00,00,00,00,00,00,
1190169317,000003CF,false,Rx,0,8,69,00,A3,A3,A3,A3,A3,A3,
1190269771,000003AF,false,Rx,0,8,B9,00,00,00,00,00,00,00,
1190673351,000003CF,false,Rx,0,8,69,00,A3,A3,A3,A3,A3,A3,
1190769288,000003AF,false,Rx,0,8,B9,00,00,00,00,00,00,00,
1191177561,000003CF,false,Rx,0,8,69,00,A3,A3,A3,A3,A3,A3,
1191269406,000003AF,false,Rx,0,8,B9,00,00,00,00,00,00,00,
1191681371,000003CF,false,Rx,0,8,69,00,A3,A3,A3,A3,A3,A3,
1191769576,000003AF,false,Rx,0,8,B9,00,00,00,00,00,00,00,
1192185140,000003CF,false,Rx,0,8,69,00,A3,A3,A3,A3,A3,A3,
1192269676,000003AF,false,Rx,0,8,B9,00,00,00,00,00,00,00,
1192689129,000003CF,false,Rx,0,8,69,00,A3,A3,A3,A3,A3,A3,
1192769878,000003AF,false,Rx,0,8,B9,00,00,00,00,00,00,00,
1193193195,000003CF,false,Rx,0,8,69,00,A3,A3,A3,A3,A3,A3,
1193270055,000003AF,false,Rx,0,8,B9,00,00,00,00,00,00,00,
1193697199,000003CF,false,Rx,0,8,69,00,A3,A3,A3,A3,A3,A3,
1193770082,000003AF,false,Rx,0,8,B9,00,00,00,00,00,00,00,
1194201083,000003CF,false,Rx,0,8,69,00,A3,A3,A3,A3,A3,A3,
1194270342,000003AF,false,Rx,0,8,B9,00,00,00,00,00,00,00,
1194705042,000003CF,false,Rx,0,8,69,00,A3,A3,A3,A3,A3,A3,
1194770490,000003AF,false,Rx,0,8,B9,00,00,00,00,00,00,00,
1195209086,000003CF,false,Rx,0,8,69,00,A3,A3,A3,A3,A3,A3,
1195270516,000003AF,false,Rx,0,8,B9,00,00,00,00,00,00,00,
1195712827,000003CF,false,Rx,0,8,69,00,A3,A3,A3,A3,A3,A3,
1195770735,000003AF,false,Rx,0,8,B9,00,00,00,00,00,00,00,
1196216925,000003CF,false,Rx,0,8,69,00,A3,A3,A3,A3,A3,A3,
1196270819,000003AF,false,Rx,0,8,B9,00,00,00,00,00,00,00,
1196720928,000003CF,false,Rx,0,8,69,00,A3,A3,A3,A3,A3,A3,
1196770991,000003AF,false,Rx,0,8,B9,00,00,00,00,00,00,00,
1197224863,000003CF,false,Rx,0,8,69,00,A3,A3,A3,A3,A3,A3,
1197271144,000003AF,false,Rx,0,8,B9,00,00,00,00,00,00,00,
1197728918,000003CF,false,Rx,0,8,69,00,A3,A3,A3,A3,A3,A3,
1197771141,000003AF,false,Rx,0,8,B9,00,00,00,00,00,00,00,
1198232718,000003CF,false,Rx,0,8,69,00,A3,A3,A3,A3,A3,A3,
1198271243,000003AF,false,Rx,0,8,B9,00,00,00,00,00,00,00,
1198736815,000003CF,false,Rx,0,8,69,00,A3,A3,A3,A3,A3,A3,
1198771560,000003AF,false,Rx,0,8,B9,00,00,00,00,00,00,00,
1199240705,000003CF,false,Rx,0,8,69,00,A3,A3,A3,A3,A3,A3,
1199271710,000003AF,false,Rx,0,8,B9,00,00,00,00,00,00,00,
1199744675,000003CF,false,Rx,0,8,69,00,A3,A3,A3,A3,A3,A3,
1199771878,000003AF,false,Rx,0,8,B9,00,00,00,00,00,00,00,
1200248567,000003CF,false,Rx,0,8,69,00,A3,A3,A3,A3,A3,A3,
1200271908,000003AF,false,Rx,0,8,B9,00,00,00,00,00,00,00,
1200752528,000003CF,false,Rx,0,8,69,00,A3,A3,A3,A3,A3,A3,
1200772051,000003AF,false,Rx,0,8,B9,00,00,00,00,00,00,00,
1201256548,000003CF,false,Rx,0,8,69,00,A3,A3,A3,A3,A3,A3,
1201272201,000003AF,false,Rx,0,8,B9,00,00,00,00,00,00,00,
1201760501,000003CF,false,Rx,0,8,69,00,A3,A3,A3,A3,A3,A3,
1201772275,000003AF,false,Rx,0,8,B9,00,00,00,00,00,00,00,
1202264380,000003CF,false,Rx,0,8,69,00,A3,A3,A3,A3,A3,A3,
1202272365,000003AF,false,Rx,0,8,B9,00,00,00,00,00,00,00,
1202768224,000003CF,false,Rx,0,8,69,00,A3,A3,A3,A3,A3,A3,
1202772652,000003AF,false,Rx,0,8,B9,00,00,00,00,00,00,00,
1203275164,000003CF,false,Rx,0,8,69,00,A3,A3,A3,A3,A3,A3,
1203275184,000003AF,false,Rx,0,8,B9,00,00,00,00,00,00,00,
1203772995,000003AF,false,Rx,0,8,B9,00,00,00,00,00,00,00,
1203778359,000003CF,false,Rx,0,8,69,00,A3,A3,A3,A3,A3,A3,
1204273025,000003AF,false,Rx,0,8,B9,00,00,00,00,00,00,00,
1204280773,000003CF,false,Rx,0,8,69,00,A3,A3,A3,A3,A3,A3,
1204773223,000003AF,false,Rx,0,8,B9,00,00,00,00,00,00,00,
1204784249,000003CF,false,Rx,0,8,69,00,A3,A3,A3,A3,A3,A3,
1205273322,000003AF,false,Rx,0,8,B9,00,00,00,00,00,00,00,
1205288013,000003CF,false,Rx,0,8,69,00,A3,A3,A3,A3,A3,A3,
1205773577,000003AF,false,Rx,0,8,B9,00,00,00,00,00,00,00,
1205792271,000003CF,false,Rx,0,8,69,00,A3,A3,A3,A3,A3,A3,
1206273673,000003AF,false,Rx,0,8,B9,00,00,00,00,00,00,00,
1206296534,000003CF,false,Rx,0,8,69,00,A3,A3,A3,A3,A3,A3,
1206773724,000003AF,false,Rx,0,8,B9,00,00,00,00,00,00,00,
1206799953,000003CF,false,Rx,0,8,69,00,A3,A3,A3,A3,A3,A3,
1207273790,000003AF,false,Rx,0,8,B9,00,00,00,00,00,00,00,
1207303939,000003CF,false,Rx,0,8,69,00,A3,A3,A3,A3,A3,A3,
1207776903,000003AF,false,Rx,0,8,B9,00,00,00,00,00,00,00,
1207808107,000003CF,false,Rx,0,8,69,00,A3,A3,A3,A3,A3,A3,
1208274021,000003AF,false,Rx,0,8,B9,00,00,00,00,00,00,00,
1208313413,000003CF,false,Rx,0,8,69,00,A3,A3,A3,A3,A3,A3,
1208774242,000003AF,false,Rx,0,8,B9,00,00,00,00,00,00,00,
1208818801,000003CF,false,Rx,0,8,69,00,A3,A3,A3,A3,A3,A3,
1209277060,000003AF,false,Rx,0,8,B9,00,00,00,00,00,00,00,
1209319758,000003CF,false,Rx,0,8,69,00,A3,A3,A3,A3,A3,A3,
1209774576,000003AF,false,Rx,0,8,B9,00,00,00,00,00,00,00,
1209823844,000003CF,false,Rx,0,8,69,00,A3,A3,A3,A3,A3,A3,
1210274767,000003AF,false,Rx,0,8,B9,00,00,00,00,00,00,00,
1210327617,000003CF,false,Rx,0,8,69,00,A3,A3,A3,A3,A3,A3,
1210774715,000003AF,false,Rx,0,8,B9,00,00,00,00,00,00,00,
1210831703,000003CF,false,Rx,0,8,69,00,A3,A3,A3,A3,A3,A3,
1211274886,000003AF,false,Rx,0,8,B9,00,00,00,00,00,00,00,
1211335782,000003CF,false,Rx,0,8,69,00,A3,A3,A3,A3,A3,A3,
1211775121,000003AF,false,Rx,0,8,B9,00,00,00,00,00,00,00,
1211839619,000003CF,false,Rx,0,8,69,00,A3,A3,A3,A3,A3,A3,
1212275150,000003AF,false,Rx,0,8,B9,00,00,00,00,00,00,00,
1212343613,000003CF,false,Rx,0,8,69,00,A3,A3,A3,A3,A3,A3,
1212775380,000003AF,false,Rx,0,8,B9,00,00,00,00,00,00,00,
1212847353,000003CF,false,Rx,0,8,69,00,A3,A3,A3,A3,A3,A3,
1213275379,000003AF,false,Rx,0,8,B9,00,00,00,00,00,00,00,
1213351487,000003CF,false,Rx,0,8,69,00,A3,A3,A3,A3,A3,A3,
1213775655,000003AF,false,Rx,0,8,B9,00,00,00,00,00,00,00,
1213855387,000003CF,false,Rx,0,8,69,00,A3,A3,A3,A3,A3,A3,
1214275748,000003AF,false,Rx,0,8,B9,00,00,00,00,00,00,00,
1214359350,000003CF,false,Rx,0,8,69,00,A3,A3,A3,A3,A3,A3,
1214775801,000003AF,false,Rx,0,8,B9,00,00,00,00,00,00,00,
1214863338,000003CF,false,Rx,0,8,69,00,A3,A3,A3,A3,A3,A3,
1215275951,000003AF,false,Rx,0,8,B9,00,00,00,00,00,00,00,
1215367254,000003CF,false,Rx,0,8,69,00,A3,A3,A3,A3,A3,A3,
1215776243,000003AF,false,Rx,0,8,B9,00,00,00,00,00,00,00,
1215871392,000003CF,false,Rx,0,8,69,00,A3,A3,A3,A3,A3,A3,
1216276288,000003AF,false,Rx,0,8,B9,00,00,00,00,00,00,00,
1216375122,000003CF,false,Rx,0,8,69,00,A3,A3,A3,A3,A3,A3,
1216776364,000003AF,false,Rx,0,8,B9,00,00,00,00,00,00,00,
1216879077,000003CF,false,Rx,0,8,69,00,A3,A3,A3,A3,A3,A3,
1217276649,000003AF,false,Rx,0,8,B9,00,00,00,00,00,00,00,
1217382991,000003CF,false,Rx,0,8,69,00,A3,A3,A3,A3,A3,A3,
1217776715,000003AF,false,Rx,0,8,B9,00,00,00,00,00,00,00,
1217886998,000003CF,false,Rx,0,8,69,00,A3,A3,A3,A3,A3,A3,
1218276937,000003AF,false,Rx,0,8,B9,00,00,00,00,00,00,00,
1218391009,000003CF,false,Rx,0,8,69,00,A3,A3,A3,A3,A3,A3,
1218777065,000003AF,false,Rx,0,8,B9,00,00,00,00,00,00,00,
1218894987,000003CF,false,Rx,0,8,69,00,A3,A3,A3,A3,A3,A3,
1219277215,000003AF,false,Rx,0,8,B9,00,00,00,00,00,00,00,
1219398918,000003CF,false,Rx,0,8,69,00,A3,A3,A3,A3,A3,A3,
1219777256,000003AF,false,Rx,0,8,B9,00,00,00,00,00,00,00,
1219902803,000003CF,false,Rx,0,8,69,00,A3,A3,A3,A3,A3,A3,
1220277345,000003AF,false,Rx,0,8,B9,00,00,00,00,00,00,00,
1220406879,000003CF,false,Rx,0,8,69,00,A3,A3,A3,A3,A3,A3,
1220777570,000003AF,false,Rx,0,8,B9,00,00,00,00,00,00,00,
1220910679,000003CF,false,Rx,0,8,69,00,A3,A3,A3,A3,A3,A3,
1221277686,000003AF,false,Rx,0,8,B9,00,00,00,00,00,00,00,
1221414645,000003CF,false,Rx,0,8,69,00,A3,A3,A3,A3,A3,A3,
1221777833,000003AF,false,Rx,0,8,B9,00,00,00,00,00,00,00,
1221918640,000003CF,false,Rx,0,8,69,00,A3,A3,A3,A3,A3,A3,
1222278038,000003AF,false,Rx,0,8,B9,00,00,00,00,00,00,00,
1222422554,000003CF,false,Rx,0,8,69,00,A3,A3,A3,A3,A3,A3,
1222778080,000003AF,false,Rx,0,8,B9,00,00,00,00,00,00,00,
1222926463,000003CF,false,Rx,0,8,69,00,A3,A3,A3,A3,A3,A3,
1223278309,000003AF,false,Rx,0,8,B9,00,00,00,00,00,00,00,
1223430627,000003CF,false,Rx,0,8,69,00,A3,A3,A3,A3,A3,A3,
1223778288,000003AF,false,Rx,0,8,B9,00,00,00,00,00,00,00,
1223934544,000003CF,false,Rx,0,8,69,00,A3,A3,A3,A3,A3,A3,
1224278599,000003AF,false,Rx,0,8,B9,00,00,00,00,00,00,00,
1224438554,000003CF,false,Rx,0,8,69,00,A3,A3,A3,A3,A3,A3,
1224778727,000003AF,false,Rx,0,8,B9,00,00,00,00,00,00,00,
1224942412,000003CF,false,Rx,0,8,69,00,A3,A3,A3,A3,A3,A3,
1225278825,000003AF,false,Rx,0,8,B9,00,00,00,00,00,00,00,
1225446428,000003CF,false,Rx,0,8,69,00,A3,A3,A3,A3,A3,A3,
1225779046,000003AF,false,Rx,0,8,B9,00,00,00,00,00,00,00,
1225950268,000003CF,false,Rx,0,8,69,00,A3,A3,A3,A3,A3,A3,
1226279067,000003AF,false,Rx,0,8,B9,00,00,00,00,00,00,00,
1226454297,000003CF,false,Rx,0,8,69,00,A3,A3,A3,A3,A3,A3,
1226779284,000003AF,false,Rx,0,8,B9,00,00,00,00,00,00,00,
1226958284,000003CF,false,Rx,0,8,69,00,A3,A3,A3,A3,A3,A3,
1227279325,000003AF,false,Rx,0,8,B9,00,00,00,00,00,00,00,
1227462107,000003CF,false,Rx,0,8,69,00,A3,A3,A3,A3,A3,A3,
1227779554,000003AF,false,Rx,0,8,B9,00,00,00,00,00,00,00,
1227966222,000003CF,false,Rx,0,8,69,00,A3,A3,A3,A3,A3,A3,
1228279654,000003AF,false,Rx,0,8,B9,00,00,00,00,00,00,00,
1228470136,000003CF,false,Rx,0,8,69,00,A3,A3,A3,A3,A3,A3,
1228779837,000003AF,false,Rx,0,8,B9,00,00,00,00,00,00,00,
1228974110,000003CF,false,Rx,0,8,69,00,A3,A3,A3,A3,A3,A3,
1229279965,000003AF,false,Rx,0,8,B9,00,00,00,00,00,00,00,
1229477990,000003CF,false,Rx,0,8,69,00,A3,A3,A3,A3,A3,A3,
1229780009,000003AF,false,Rx,0,8,B9,00,00,00,00,00,00,00,
1229982081,000003CF,false,Rx,0,8,69,00,A3,A3,A3,A3,A3,A3,
1230280251,000003AF,false,Rx,0,8,B9,00,00,00,00,00,00,00,
1230485843,000003CF,false,Rx,0,8,69,00,A3,A3,A3,A3,A3,A3,
1230780418,000003AF,false,Rx,0,8,B9,00,00,00,00,00,00,00,
1230990020,000003CF,false,Rx,0,8,69,00,A3,A3,A3,A3,A3,A3,
1231280345,000003AF,false,Rx,0,8,B9,00,00,00,00,00,00,00,
1231493931,000003CF,false,Rx,0,8,69,00,A3,A3,A3,A3,A3,A3,
1231780482,000003AF,false,Rx,0,8,B9,00,00,00,00,00,00,00,
1231997855,000003CF,false,Rx,0,8,69,00,A3,A3,A3,A3,A3,A3,
1232280672,000003AF,false,Rx,0,8,B9,00,00,00,00,00,00,00,
1232501787,000003CF,false,Rx,0,8,69,00,A3,A3,A3,A3,A3,A3,
1232780852,000003AF,false,Rx,0,8,B9,00,00,00,00,00,00,00,
1233005711,000003CF,false,Rx,0,8,69,00,A3,A3,A3,A3,A3,A3,
1233280991,000003AF,false,Rx,0,8,B9,00,00,00,00,00,00,00,
1233509798,000003CF,false,Rx,0,8,69,00,A3,A3,A3,A3,A3,A3,
1233780985,000003AF,false,Rx,0,8,B9,00,00,00,00,00,00,00,
1234013710,000003CF,false,Rx,0,8,69,00,A3,A3,A3,A3,A3,A3,
1234281152,000003AF,false,Rx,0,8,B9,00,00,00,00,00,00,00,
1234517503,000003CF,false,Rx,0,8,69,00,A3,A3,A3,A3,A3,A3,
1234781359,000003AF,false,Rx,0,8,B9,00,00,00,00,00,00,00,
1235021460,000003CF,false,Rx,0,8,69,00,A3,A3,A3,A3,A3,A3,
1235281560,000003AF,false,Rx,0,8,B9,00,00,00,00,00,00,00,
1235525443,000003CF,false,Rx,0,8,69,00,A3,A3,A3,A3,A3,A3,
1235781746,000003AF,false,Rx,0,8,B9,00,00,00,00,00,00,00,
1236029351,000003CF,false,Rx,0,8,69,00,A3,A3,A3,A3,A3,A3,
1236281731,000003AF,false,Rx,0,8,B9,00,00,00,00,00,00,00,
1236533353,000003CF,false,Rx,0,8,69,00,A3,A3,A3,A3,A3,A3,
1236781923,000003AF,false,Rx,0,8,B9,00,00,00,00,00,00,00,
1237037367,000003CF,false,Rx,0,8,69,00,A3,A3,A3,A3,A3,A3,
1237281976,000003AF,false,Rx,0,8,B9,00,00,00,00,00,00,00,
1237541414,000003CF,false,Rx,0,8,69,00,A3,A3,A3,A3,A3,A3,
1237782320,000003AF,false,Rx,0,8,B9,00,00,00,00,00,00,00,
1238045325,000003CF,false,Rx,0,8,69,00,A3,A3,A3,A3,A3,A3,
1238282453,000003AF,false,Rx,0,8,B9,00,00,00,00,00,00,00,
1238549424,000003CF,false,Rx,0,8,69,00,A3,A3,A3,A3,A3,A3,
1238782532,000003AF,false,Rx,0,8,B9,00,00,00,00,00,00,00,
1239053176,000003CF,false,Rx,0,8,69,00,A3,A3,A3,A3,A3,A3,
1239282650,000003AF,false,Rx,0,8,B9,00,00,00,00,00,00,00,
1239557289,000003CF,false,Rx,0,8,69,00,A3,A3,A3,A3,A3,A3,
1239782834,000003AF,false,Rx,0,8,B9,00,00,00,00,00,00,00,
1240061061,000003CF,false,Rx,0,8,69,00,A3,A3,A3,A3,A3,A3,
1240282952,000003AF,false,Rx,0,8,B9,00,00,00,00,00,00,00,
1240566436,000003CF,false,Rx,0,8,69,00,A3,A3,A3,A3,A3,A3,
1240782993,000003AF,false,Rx,0,8,B9,00,00,00,00,00,00,00,
1241071948,000003CF,false,Rx,0,8,69,00,A3,A3,A3,A3,A3,A3,
1241283137,000003AF,false,Rx,0,8,B9,00,00,00,00,00,00,00,
1241572890,000003CF,false,Rx,0,8,69,00,A3,A3,A3,A3,A3,A3,
1241783248,000003AF,false,Rx,0,8,B9,00,00,00,00,00,00,00,
1242077006,000003CF,false,Rx,0,8,69,00,A3,A3,A3,A3,A3,A3,
1242283447,000003AF,false,Rx,0,8,B9,00,00,00,00,00,00,00,
1242580981,000003CF,false,Rx,0,8,69,00,A3,A3,A3,A3,A3,A3,
1242783489,000003AF,false,Rx,0,8,B9,00,00,00,00,00,00,00,
1243084868,000003CF,false,Rx,0,8,69,00,A3,A3,A3,A3,A3,A3,
1243283808,000003AF,false,Rx,0,8,B9,00,00,00,00,00,00,00,
1243588878,000003CF,false,Rx,0,8,69,00,A3,A3,A3,A3,A3,A3,
1243783908,000003AF,false,Rx,0,8,B9,00,00,00,00,00,00,00,
1244092803,000003CF,false,Rx,0,8,69,00,A3,A3,A3,A3,A3,A3,
1244284061,000003AF,false,Rx,0,8,B9,00,00,00,00,00,00,00,
1244596723,000003CF,false,Rx,0,8,69,00,A3,A3,A3,A3,A3,A3,
1244784059,000003AF,false,Rx,0,8,B9,00,00,00,00,00,00,00,
1245100697,000003CF,false,Rx,0,8,69,00,A3,A3,A3,A3,A3,A3,
1245284213,000003AF,false,Rx,0,8,B9,00,00,00,00,00,00,00,
1245604664,000003CF,false,Rx,0,8,69,00,A3,A3,A3,A3,A3,A3,
1245784384,000003AF,false,Rx,0,8,B9,00,00,00,00,00,00,00,
1246108466,000003CF,false,Rx,0,8,69,00,A3,A3,A3,A3,A3,A3,
1246284554,000003AF,false,Rx,0,8,B9,00,00,00,00,00,00,00,
1246612453,000003CF,false,Rx,0,8,69,00,A3,A3,A3,A3,A3,A3,
1246784726,000003AF,false,Rx,0,8,B9,00,00,00,00,00,00,00,
1247116470,000003CF,false,Rx,0,8,69,00,A3,A3,A3,A3,A3,A3,
1247284779,000003AF,false,Rx,0,8,B9,00,00,00,00,00,00,00,
1247620358,000003CF,false,Rx,0,8,69,00,A3,A3,A3,A3,A3,A3,
1247784934,000003AF,false,Rx,0,8,B9,00,00,00,00,00,00,00,
1248124392,000003CF,false,Rx,0,8,69,00,A3,A3,A3,A3,A3,A3,
1248285128,000003AF,false,Rx,0,8,B9,00,00,00,00,00,00,00,
1248628445,000003CF,false,Rx,0,8,69,00,A3,A3,A3,A3,A3,A3,
1248785334,000003AF,false,Rx,0,8,B9,00,00,00,00,00,00,00,
1249132274,000003CF,false,Rx,0,8,69,00,A3,A3,A3,A3,A3,A3,
1249285393,000003AF,false,Rx,0,8,B9,00,00,00,00,00,00,00,
1249636318,000003CF,false,Rx,0,8,69,00,A3,A3,A3,A3,A3,A3,
1249785468,000003AF,false,Rx,0,8,B9,00,00,00,00,00,00,00,
1250140184,000003CF,false,Rx,0,8,69,00,A3,A3,A3,A3,A3,A3,
1250285761,000003AF,false,Rx,0,8,B9,00,00,00,00,00,00,00,
1250644237,000003CF,false,Rx,0,8,69,00,A3,A3,A3,A3,A3,A3,
1250785845,000003AF,false,Rx,0,8,B9,00,00,00,00,00,00,00,
1251148147,000003CF,false,Rx,0,8,69,00,A3,A3,A3,A3,A3,A3,
1251285863,000003AF,false,Rx,0,8,B9,00,00,00,00,00,00,00,
1251652209,000003CF,false,Rx,0,8,69,00,A3,A3,A3,A3,A3,A3,
1251786072,000003AF,false,Rx,0,8,B9,00,00,00,00,00,00,00,
1252156228,000003CF,false,Rx,0,8,69,00,A3,A3,A3,A3,A3,A3,
1252286139,000003AF,false,Rx,0,8,B9,00,00,00,00,00,00,00,
1252659941,000003CF,false,Rx,0,8,69,00,A3,A3,A3,A3,A3,A3,
1252786409,000003AF,false,Rx,0,8,B9,00,00,00,00,00,00,00,
1253164012,000003CF,false,Rx,0,8,69,00,A3,A3,A3,A3,A3,A3,
1253286544,000003AF,false,Rx,0,8,B9,00,00,00,00,00,00,00,
1253667981,000003CF,false,Rx,0,8,69,00,A3,A3,A3,A3,A3,A3,
1253786620,000003AF,false,Rx,0,8,B9,00,00,00,00,00,00,00,
1254171807,000003CF,false,Rx,0,8,69,00,A3,A3,A3,A3,A3,A3,
1254286680,000003AF,false,Rx,0,8,B9,00,00,00,00,00,00,00,
1254675878,000003CF,false,Rx,0,8,69,00,A3,A3,A3,A3,A3,A3,
1254786923,000003AF,false,Rx,0,8,B9,00,00,00,00,00,00,00,
1255179852,000003CF,false,Rx,0,8,69,00,A3,A3,A3,A3,A3,A3,
1255287026,000003AF,false,Rx,0,8,B9,00,00,00,00,00,00,00,
1255683847,000003CF,false,Rx,0,8,69,00,A3,A3,A3,A3,A3,A3,
1255787088,000003AF,false,Rx,0,8,B9,00,00,00,00,00,00,00,
1256187721,000003CF,false,Rx,0,8,69,00,A3,A3,A3,A3,A3,A3,
1256287625,000003AF,false,Rx,0,8,B9,00,00,00,00,00,00,00,
1256691815,000003CF,false,Rx,0,8,69,00,A3,A3,A3,A3,A3,A3,
1256787507,000003AF,false,Rx,0,8,B9,00,00,00,00,00,00,00,
1257195779,000003CF,false,Rx,0,8,69,00,A3,A3,A3,A3,A3,A3,
1257287594,000003AF,false,Rx,0,8,B9,00,00,00,00,00,00,00,
1257699640,000003CF,false,Rx,0,8,69,00,A3,A3,A3,A3,A3,A3,
1257787621,000003AF,false,Rx,0,8,B9,00,00,00,00,00,00,00,
1258203433,000003CF,false,Rx,0,8,69,00,A3,A3,A3,A3,A3,A3,
1258287852,000003AF,false,Rx,0,8,B9,00,00,00,00,00,00,00,
1258707617,000003CF,false,Rx,0,8,69,00,A3,A3,A3,A3,A3,A3,
1258787875,000003AF,false,Rx,0,8,B9,00,00,00,00,00,00,00,
1259211510,000003CF,false,Rx,0,8,69,00,A3,A3,A3,A3,A3,A3,
1259288198,000003AF,false,Rx,0,8,B9,00,00,00,00,00,00,00,
1259715470,000003CF,false,Rx,0,8,69,00,A3,A3,A3,A3,A3,A3,
1259788254,000003AF,false,Rx,0,8,B9,00,00,00,00,00,00,00,
1260219483,000003CF,false,Rx,0,8,69,00,A3,A3,A3,A3,A3,A3,
1260288472,000003AF,false,Rx,0,8,B9,00,00,00,00,00,00,00,
1260723260,000003CF,false,Rx,0,8,69,00,A3,A3,A3,A3,A3,A3,
1260788559,000003AF,false,Rx,0,8,B9,00,00,00,00,00,00,00,
1261227249,000003CF,false,Rx,0,8,69,00,A3,A3,A3,A3,A3,A3,
1261288648,000003AF,false,Rx,0,8,B9,00,00,00,00,00,00,00,
1261731159,000003CF,false,Rx,0,8,69,00,A3,A3,A3,A3,A3,A3,
1261788716,000003AF,false,Rx,0,8,B9,00,00,00,00,00,00,00,
1262235065,000003CF,false,Rx,0,8,69,00,A3,A3,A3,A3,A3,A3,
1262288965,000003AF,false,Rx,0,8,B9,00,00,00,00,00,00,00,
1262739229,000003CF,false,Rx,0,8,69,00,A3,A3,A3,A3,A3,A3,
1262789130,000003AF,false,Rx,0,8,B9,00,00,00,00,00,00,00,
1263242997,000003CF,false,Rx,0,8,69,00,A3,A3,A3,A3,A3,A3,
1263289311,000003AF,false,Rx,0,8,B9,00,00,00,00,00,00,00,
1263747087,000003CF,false,Rx,0,8,69,00,A3,A3,A3,A3,A3,A3,
1263789337,000003AF,false,Rx,0,8,B9,00,00,00,00,00,00,00,
1264251091,000003CF,false,Rx,0,8,69,00,A3,A3,A3,A3,A3,A3,
1264289583,000003AF,false,Rx,0,8,B9,00,00,00,00,00,00,00,
1264754865,000003CF,false,Rx,0,8,69,00,A3,A3,A3,A3,A3,A3,
1264789533,000003AF,false,Rx,0,8,B9,00,00,00,00,00,00,00,
1265259003,000003CF,false,Rx,0,8,69,00,A3,A3,A3,A3,A3,A3,
1265289769,000003AF,false,Rx,0,8,B9,00,00,00,00,00,00,00,
1265762923,000003CF,false,Rx,0,8,69,00,A3,A3,A3,A3,A3,A3,
1265789848,000003AF,false,Rx,0,8,B9,00,00,00,00,00,00,00,
1266266698,000003CF,false,Rx,0,8,69,00,A3,A3,A3,A3,A3,A3,
1266290025,000003AF,false,Rx,0,8,B9,00,00,00,00,00,00,00,
1266770814,000003CF,false,Rx,0,8,69,00,A3,A3,A3,A3,A3,A3,
1266790061,000003AF,false,Rx,0,8,B9,00,00,00,00,00,00,00,
1267274766,000003CF,false,Rx,0,8,69,00,A3,A3,A3,A3,A3,A3,
1267291735,000003AF,false,Rx,0,8,B9,00,00,00,00,00,00,00,
1267778663,000003CF,false,Rx,0,8,69,00,A3,A3,A3,A3,A3,A3,
1267790488,000003AF,false,Rx,0,8,B9,00,00,00,00,00,00,00,
1268282695,000003CF,false,Rx,0,8,69,00,A3,A3,A3,A3,A3,A3,
1268290559,000003AF,false,Rx,0,8,B9,00,00,00,00,00,00,00,
1268786713,000003CF,false,Rx,0,8,69,00,A3,A3,A3,A3,A3,A3,
1268790784,000003AF,false,Rx,0,8,B9,00,00,00,00,00,00,00,
1269290568,000003CF,false,Rx,0,8,69,00,A3,A3,A3,A3,A3,A3,
1269290862,000003AF,false,Rx,0,8,B9,00,00,00,00,00,00,00,
1269791056,000003AF,false,Rx,0,8,B9,00,00,00,00,00,00,00,
1269794609,000003CF,false,Rx,0,8,69,00,A3,A3,A3,A3,A3,A3,
1270291171,000003AF,false,Rx,0,8,B9,00,00,00,00,00,00,00,
1270298489,000003CF,false,Rx,0,8,69,00,A3,A3,A3,A3,A3,A3,
1270791234,000003AF,false,Rx,0,8,B9,00,00,00,00,00,00,00,
1270803108,000003CF,false,Rx,0,8,69,00,A3,A3,A3,A3,A3,A3,
1271291501,000003AF,false,Rx,0,8,B9,00,00,00,00,00,00,00,
1271309805,000003CF,false,Rx,0,8,69,00,A3,A3,A3,A3,A3,A3,
1271791480,000003AF,false,Rx,0,8,B9,00,00,00,00,00,00,00,
1271811923,000003CF,false,Rx,0,8,69,00,A3,A3,A3,A3,A3,A3,
1272291743,000003AF,false,Rx,0,8,B9,00,00,00,00,00,00,00,
1272314465,000003CF,false,Rx,0,8,69,00,A3,A3,A3,A3,A3,A3,
1272791842,000003AF,false,Rx,0,8,B9,00,00,00,00,00,00,00,
1272819687,000003CF,false,Rx,0,8,69,00,A3,A3,A3,A3,A3,A3,
1273291993,000003AF,false,Rx,0,8,B9,00,00,00,00,00,00,00,
1273325366,000003CF,false,Rx,0,8,69,00,A3,A3,A3,A3,A3,A3,
1273792156,000003AF,false,Rx,0,8,B9,00,00,00,00,00,00,00,
1273826106,000003CF,false,Rx,0,8,69,00,A3,A3,A3,A3,A3,A3,
1274292177,000003AF,false,Rx,0,8,B9,00,00,00,00,00,00,00,
1274330130,000003CF,false,Rx,0,8,69,00,A3,A3,A3,A3,A3,A3,
1274792431,000003AF,false,Rx,0,8,B9,00,00,00,00,00,00,00,
1274834045,000003CF,false,Rx,0,8,69,00,A3,A3,A3,A3,A3,A3,
1275292441,000003AF,false,Rx,0,8,B9,00,00,00,00,00,00,00,
1275338130,000003CF,false,Rx,0,8,69,00,A3,A3,A3,A3,A3,A3,
1275792616,000003AF,false,Rx,0,8,B9,00,00,00,00,00,00,00,
1275842005,000003CF,false,Rx,0,8,69,00,A3,A3,A3,A3,A3,A3,
1276292834,000003AF,false,Rx,0,8,B9,00,00,00,00,00,00,00,
1276346057,000003CF,false,Rx,0,8,69,00,A3,A3,A3,A3,A3,A3,
1276793124,000003AF,false,Rx,0,8,B9,00,00,00,00,00,00,00,
1276849965,000003CF,false,Rx,0,8,69,00,A3,A3,A3,A3,A3,A3,
1277293190,000003AF,false,Rx,0,8,B9,00,00,00,00,00,00,00,
1277353892,000003CF,false,Rx,0,8,69,00,A3,A3,A3,A3,A3,A3,
1277793201,000003AF,false,Rx,0,8,B9,00,00,00,00,00,00,00,
1277857708,000003CF,false,Rx,0,8,69,00,A3,A3,A3,A3,A3,A3,
1278293427,000003AF,false,Rx,0,8,B9,00,00,00,00,00,00,00,
1278361966,000003CF,false,Rx,0,8,69,00,A3,A3,A3,A3,A3,A3,
1278793407,000003AF,false,Rx,0,8,B9,00,00,00,00,00,00,00,
1278865633,000003CF,false,Rx,0,8,69,00,A3,A3,A3,A3,A3,A3,
1279293612,000003AF,false,Rx,0,8,B9,00,00,00,00,00,00,00,
1279369635,000003CF,false,Rx,0,8,69,00,A3,A3,A3,A3,A3,A3,
1279793771,000003AF,false,Rx,0,8,B9,00,00,00,00,00,00,00,
1279873563,000003CF,false,Rx,0,8,69,00,A3,A3,A3,A3,A3,A3,
1280293872,000003AF,false,Rx,0,8,B9,00,00,00,00,00,00,00,
1280377660,000003CF,false,Rx,0,8,69,00,A3,A3,A3,A3,A3,A3,
1280794065,000003AF,false,Rx,0,8,B9,00,00,00,00,00,00,00,
1280881655,000003CF,false,Rx,0,8,69,00,A3,A3,A3,A3,A3,A3,
1281294195,000003AF,false,Rx,0,8,B9,00,00,00,00,00,00,00,
1281385624,000003CF,false,Rx,0,8,69,00,A3,A3,A3,A3,A3,A3,
1281794255,000003AF,false,Rx,0,8,B9,00,00,00,00,00,00,00,
1281889378,000003CF,false,Rx,0,8,69,00,A3,A3,A3,A3,A3,A3,
1282294505,000003AF,false,Rx,0,8,B9,00,00,00,00,00,00,00,
1282393489,000003CF,false,Rx,0,8,69,00,A3,A3,A3,A3,A3,A3,
1282794710,000003AF,false,Rx,0,8,B9,00,00,00,00,00,00,00,
1282897375,000003CF,false,Rx,0,8,69,00,A3,A3,A3,A3,A3,A3,
1283294774,000003AF,false,Rx,0,8,B9,00,00,00,00,00,00,00,
1283401451,000003CF,false,Rx,0,8,69,00,A3,A3,A3,A3,A3,A3,
1283794862,000003AF,false,Rx,0,8,B9,00,00,00,00,00,00,00,
1283905360,000003CF,false,Rx,0,8,69,00,A3,A3,A3,A3,A3,A3,
1284294872,000003AF,false,Rx,0,8,B9,00,00,00,00,00,00,00,
1284409350,000003CF,false,Rx,0,8,69,00,A3,A3,A3,A3,A3,A3,
1284795165,000003AF,false,Rx,0,8,B9,00,00,00,00,00,00,00,
1284913164,000003CF,false,Rx,0,8,69,00,A3,A3,A3,A3,A3,A3,
1285295293,000003AF,false,Rx,0,8,B9,00,00,00,00,00,00,00,
1285417247,000003CF,false,Rx,0,8,69,00,A3,A3,A3,A3,A3,A3,
1285795473,000003AF,false,Rx,0,8,B9,00,00,00,00,00,00,00,
1285921249,000003CF,false,Rx,0,8,69,00,A3,A3,A3,A3,A3,A3,
1286295570,000003AF,false,Rx,0,8,B9,00,00,00,00,00,00,00,
1286425202,000003CF,false,Rx,0,8,69,00,A3,A3,A3,A3,A3,A3,
1286795778,000003AF,false,Rx,0,8,B9,00,00,00,00,00,00,00,
1286929169,000003CF,false,Rx,0,8,69,00,A3,A3,A3,A3,A3,A3,
1287295705,000003AF,false,Rx,0,8,B9,00,00,00,00,00,00,00,
1287433069,000003CF,false,Rx,0,8,69,00,A3,A3,A3,A3,A3,A3,
1287796043,000003AF,false,Rx,0,8,B9,00,00,00,00,00,00,00,
1287937070,000003CF,false,Rx,0,8,69,00,A3,A3,A3,A3,A3,A3,
1288296007,000003AF,false,Rx,0,8,B9,00,00,00,00,00,00,00,
1288440878,000003CF,false,Rx,0,8,69,00,A3,A3,A3,A3,A3,A3,
1288796333,000003AF,false,Rx,0,8,B9,00,00,00,00,00,00,00,
1288944957,000003CF,false,Rx,0,8,69,00,A3,A3,A3,A3,A3,A3,
1289296447,000003AF,false,Rx,0,8,B9,00,00,00,00,00,00,00,
1289448891,000003CF,false,Rx,0,8,69,00,A3,A3,A3,A3,A3,A3,
1289796461,000003AF,false,Rx,0,8,B9,00,00,00,00,00,00,00,
1289952807,000003CF,false,Rx,0,8,69,00,A3,A3,A3,A3,A3,A3,
1290296524,000003AF,false,Rx,0,8,B9,00,00,00,00,00,00,00,
1290456762,000003CF,false,Rx,0,8,69,00,A3,A3,A3,A3,A3,A3,
1290796836,000003AF,false,Rx,0,8,B9,00,00,00,00,00,00,00,
1290960685,000003CF,false,Rx,0,8,69,00,A3,A3,A3,A3,A3,A3,
1291296918,000003AF,false,Rx,0,8,B9,00,00,00,00,00,00,00,
1291464667,000003CF,false,Rx,0,8,69,00,A3,A3,A3,A3,A3,A3,
1291797026,000003AF,false,Rx,0,8,B9,00,00,00,00,00,00,00,
1291968476,000003CF,false,Rx,0,8,69,00,A3,A3,A3,A3,A3,A3,
1292297247,000003AF,false,Rx,0,8,B9,00,00,00,00,00,00,00,
1292472593,000003CF,false,Rx,0,8,69,00,A3,A3,A3,A3,A3,A3,
1292797358,000003AF,false,Rx,0,8,B9,00,00,00,00,00,00,00,
1292976473,000003CF,false,Rx,0,8,69,00,A3,A3,A3,A3,A3,A3,
1293297518,000003AF,false,Rx,0,8,B9,00,00,00,00,00,00,00,
1293480519,000003CF,false,Rx,0,8,69,00,A3,A3,A3,A3,A3,A3,
1293797644,000003AF,false,Rx,0,8,B9,00,00,00,00,00,00,00,
1293984312,000003CF,false,Rx,0,8,69,00,A3,A3,A3,A3,A3,A3,
1294297728,000003AF,false,Rx,0,8,B9,00,00,00,00,00,00,00,
1294488381,000003CF,false,Rx,0,8,69,00,A3,A3,A3,A3,A3,A3,
1294797930,000003AF,false,Rx,0,8,B9,00,00,00,00,00,00,00,
1294992465,000003CF,false,Rx,0,8,69,00,A3,A3,A3,A3,A3,A3,
1295298046,000003AF,false,Rx,0,8,B9,00,00,00,00,00,00,00,
1295496281,000003CF,false,Rx,0,8,69,00,A3,A3,A3,A3,A3,A3,
1295798082,000003AF,false,Rx,0,8,B9,00,00,00,00,00,00,00,
1296000123,000003CF,false,Rx,0,8,69,00,A3,A3,A3,A3,A3,A3,
1296298296,000003AF,false,Rx,0,8,B9,00,00,00,00,00,00,00,
1296504369,000003CF,false,Rx,0,8,69,00,A3,A3,A3,A3,A3,A3,
1296798508,000003AF,false,Rx,0,8,B9,00,00,00,00,00,00,00,
1297008264,000003CF,false,Rx,0,8,69,00,A3,A3,A3,A3,A3,A3,
1297298532,000003AF,false,Rx,0,8,B9,00,00,00,00,00,00,00,
1297512142,000003CF,false,Rx,0,8,69,00,A3,A3,A3,A3,A3,A3,
1297798745,000003AF,false,Rx,0,8,B9,00,00,00,00,00,00,00,
1298016107,000003CF,false,Rx,0,8,69,00,A3,A3,A3,A3,A3,A3,
1298298879,000003AF,false,Rx,0,8,B9,00,00,00,00,00,00,00,
1298519974,000003CF,false,Rx,0,8,69,00,A3,A3,A3,A3,A3,A3,
1298798995,000003AF,false,Rx,0,8,B9,00,00,00,00,00,00,00,
1299023969,000003CF,false,Rx,0,8,69,00,A3,A3,A3,A3,A3,A3,
1299299207,000003AF,false,Rx,0,8,B9,00,00,00,00,00,00,00,
1299527957,000003CF,false,Rx,0,8,69,00,A3,A3,A3,A3,A3,A3,
1299799332,000003AF,false,Rx,0,8,B9,00,00,00,00,00,00,00,
1300031989,000003CF,false,Rx,0,8,69,00,A3,A3,A3,A3,A3,A3,
1300299378,000003AF,false,Rx,0,8,B9,00,00,00,00,00,00,00,
1300535921,000003CF,false,Rx,0,8,69,00,A3,A3,A3,A3,A3,A3,
1300799671,000003AF,false,Rx,0,8,B9,00,00,00,00,00,00,00,
1301040520,000003CF,false,Rx,0,8,69,00,A3,A3,A3,A3,A3,A3,
1301301654,000003AF,false,Rx,0,8,B9,00,00,00,00,00,00,00,
1301543798,000003CF,false,Rx,0,8,69,00,A3,A3,A3,A3,A3,A3,
1301799717,000003AF,false,Rx,0,8,B9,00,00,00,00,00,00,00,
1302047722,000003CF,false,Rx,0,8,69,00,A3,A3,A3,A3,A3,A3,
1302299917,000003AF,false,Rx,0,8,B9,00,00,00,00,00,00,00,
1302551853,000003CF,false,Rx,0,8,69,00,A3,A3,A3,A3,A3,A3,
1302800182,000003AF,false,Rx,0,8,B9,00,00,00,00,00,00,00,
1303056350,000003CF,false,Rx,0,8,69,00,A3,A3,A3,A3,A3,A3,
1303300192,000003AF,false,Rx,0,8,B9,00,00,00,00,00,00,00,
1303561649,000003CF,false,Rx,0,8,69,00,A3,A3,A3,A3,A3,A3,
1303800373,000003AF,false,Rx,0,8,B9,00,00,00,00,00,00,00,
1304063630,000003CF,false,Rx,0,8,69,00,A3,A3,A3,A3,A3,A3,
1304300535,000003AF,false,Rx,0,8,B9,00,00,00,00,00,00,00,
1304568104,000003CF,false,Rx,0,8,69,00,A3,A3,A3,A3,A3,A3,
1304800684,000003AF,false,Rx,0,8,B9,00,00,00,00,00,00,00,
1305073450,000003CF,false,Rx,0,8,69,00,A3,A3,A3,A3,A3,A3,
1305300765,000003AF,false,Rx,0,8,B9,00,00,00,00,00,00,00,
1305578866,000003CF,false,Rx,0,8,69,00,A3,A3,A3,A3,A3,A3,
1305801564,000003AF,false,Rx,0,8,B9,00,00,00,00,00,00,00,
1306079444,000003CF,false,Rx,0,8,69,00,A3,A3,A3,A3,A3,A3,
1306301079,000003AF,false,Rx,0,8,B9,00,00,00,00,00,00,00,
1306583397,000003CF,false,Rx,0,8,69,00,A3,A3,A3,A3,A3,A3,
1306801196,000003AF,false,Rx,0,8,B9,00,00,00,00,00,00,00,
1307087299,000003CF,false,Rx,0,8,69,00,A3,A3,A3,A3,A3,A3,
1307301221,000003AF,false,Rx,0,8,B9,00,00,00,00,00,00,00,
1307591247,000003CF,false,Rx,0,8,69,00,A3,A3,A3,A3,A3,A3,
1307801470,000003AF,false,Rx,0,8,B9,00,00,00,00,00,00,00,
1308095168,000003CF,false,Rx,0,8,69,00,A3,A3,A3,A3,A3,A3,
1308301628,000003AF,false,Rx,0,8,B9,00,00,00,00,00,00,00,
1308599366,000003CF,false,Rx,0,8,69,00,A3,A3,A3,A3,A3,A3,
1308801724,000003AF,false,Rx,0,8,B9,00,00,00,00,00,00,00,
1309103182,000003CF,false,Rx,0,8,69,00,A3,A3,A3,A3,A3,A3,
1309301885,000003AF,false,Rx,0,8,B9,00,00,00,00,00,00,00,
1309607010,000003CF,false,Rx,0,8,69,00,A3,A3,A3,A3,A3,A3,
1309802031,000003AF,false,Rx,0,8,B9,00,00,00,00,00,00,00,
1310111046,000003CF,false,Rx,0,8,69,00,A3,A3,A3,A3,A3,A3,
1310302162,000003AF,false,Rx,0,8,B9,00,00,00,00,00,00,00,
1310614989,000003CF,false,Rx,0,8,69,00,A3,A3,A3,A3,A3,A3,
1310802325,000003AF,false,Rx,0,8,B9,00,00,00,00,00,00,00,
1311119010,000003CF,false,Rx,0,8,69,00,A3,A3,A3,A3,A3,A3,
1311302427,000003AF,false,Rx,0,8,B9,00,00,00,00,00,00,00,
1311622907,000003CF,false,Rx,0,8,69,00,A3,A3,A3,A3,A3,A3,
1311802544,000003AF,false,Rx,0,8,B9,00,00,00,00,00,00,00,
1312126791,000003CF,false,Rx,0,8,69,00,A3,A3,A3,A3,A3,A3,
1312302764,000003AF,false,Rx,0,8,B9,00,00,00,00,00,00,00,
1312630917,000003CF,false,Rx,0,8,69,00,A3,A3,A3,A3,A3,A3,
1312802841,000003AF,false,Rx,0,8,B9,00,00,00,00,00,00,00,
1313134667,000003CF,false,Rx,0,8,69,00,A3,A3,A3,A3,A3,A3,
1313303035,000003AF,false,Rx,0,8,B9,00,00,00,00,00,00,00,
1313638837,000003CF,false,Rx,0,8,69,00,A3,A3,A3,A3,A3,A3,
1313803136,000003AF,false,Rx,0,8,B9,00,00,00,00,00,00,00,
1314142572,000003CF,false,Rx,0,8,69,00,A3,A3,A3,A3,A3,A3,
1314303231,000003AF,false,Rx,0,8,B9,00,00,00,00,00,00,00,
1314646605,000003CF,false,Rx,0,8,69,00,A3,A3,A3,A3,A3,A3,
1314803341,000003AF,false,Rx,0,8,B9,00,00,00,00,00,00,00,
1315150731,000003CF,false,Rx,0,8,69,00,A3,A3,A3,A3,A3,A3,
1315303484,000003AF,false,Rx,0,8,B9,00,00,00,00,00,00,00,
1315654704,000003CF,false,Rx,0,8,69,00,A3,A3,A3,A3,A3,A3,
1315803647,000003AF,false,Rx,0,8,B9,00,00,00,00,00,00,00,
1316158404,000003CF,false,Rx,0,8,69,00,A3,A3,A3,A3,A3,A3,
1316303775,000003AF,false,Rx,0,8,B9,00,00,00,00,00,00,00,
1316662594,000003CF,false,Rx,0,8,69,00,A3,A3,A3,A3,A3,A3,
1316803972,000003AF,false,Rx,0,8,B9,00,00,00,00,00,00,00,
1317166487,000003CF,false,Rx,0,8,69,00,A3,A3,A3,A3,A3,A3,
1317304001,000003AF,false,Rx,0,8,B9,00,00,00,00,00,00,00,
1317670338,000003CF,false,Rx,0,8,69,00,A3,A3,A3,A3,A3,A3,
1317804264,000003AF,false,Rx,0,8,B9,00,00,00,00,00,00,00,
1318174334,000003CF,false,Rx,0,8,69,00,A3,A3,A3,A3,A3,A3,
1318304270,000003AF,false,Rx,0,8,B9,00,00,00,00,00,00,00,
1318678310,000003CF,false,Rx,0,8,69,00,A3,A3,A3,A3,A3,A3,
1318804438,000003AF,false,Rx,0,8,B9,00,00,00,00,00,00,00,
1319182337,000003CF,false,Rx,0,8,69,00,A3,A3,A3,A3,A3,A3,
1319304674,000003AF,false,Rx,0,8,B9,00,00,00,00,00,00,00,
1319686188,000003CF,false,Rx,0,8,69,00,A3,A3,A3,A3,A3,A3,
1319804795,000003AF,false,Rx,0,8,B9,00,00,00,00,00,00,00,
1320190189,000003CF,false,Rx,0,8,69,00,A3,A3,A3,A3,A3,A3,
1320304912,000003AF,false,Rx,0,8,B9,00,00,00,00,00,00,00,
1320694140,000003CF,false,Rx,0,8,69,00,A3,A3,A3,A3,A3,A3,
1320805106,000003AF,false,Rx,0,8,B9,00,00,00,00,00,00,00,
1321198056,000003CF,false,Rx,0,8,69,00,A3,A3,A3,A3,A3,A3,
1321305248,000003AF,false,Rx,0,8,B9,00,00,00,00,00,00,00,
1321701947,000003CF,false,Rx,0,8,69,00,A3,A3,A3,A3,A3,A3,
1321805310,000003AF,false,Rx,0,8,B9,00,00,00,00,00,00,00,
1322205947,000003CF,false,Rx,0,8,69,00,A3,A3,A3,A3,A3,A3,
1322305422,000003AF,false,Rx,0,8,B9,00,00,00,00,00,00,00,
1322709978,000003CF,false,Rx,0,8,69,00,A3,A3,A3,A3,A3,A3,
1322805489,000003AF,false,Rx,0,8,B9,00,00,00,00,00,00,00,
1323213966,000003CF,false,Rx,0,8,69,00,A3,A3,A3,A3,A3,A3,
1323305694,000003AF,false,Rx,0,8,B9,00,00,00,00,00,00,00,
1323717908,000003CF,false,Rx,0,8,69,00,A3,A3,A3,A3,A3,A3,
1323805789,000003AF,false,Rx,0,8,B9,00,00,00,00,00,00,00,
1324221801,000003CF,false,Rx,0,8,69,00,A3,A3,A3,A3,A3,A3,
1324306029,000003AF,false,Rx,0,8,B9,00,00,00,00,00,00,00,
1324725831,000003CF,false,Rx,0,8,69,00,A3,A3,A3,A3,A3,A3,
1324806096,000003AF,false,Rx,0,8,B9,00,00,00,00,00,00,00,
1325229684,000003CF,false,Rx,0,8,69,00,A3,A3,A3,A3,A3,A3,
1325306153,000003AF,false,Rx,0,8,B9,00,00,00,00,00,00,00,
1325733762,000003CF,false,Rx,0,8,69,00,A3,A3,A3,A3,A3,A3,
1325806447,000003AF,false,Rx,0,8,B9,00,00,00,00,00,00,00,
1326237525,000003CF,false,Rx,0,8,69,00,A3,A3,A3,A3,A3,A3,
1326306501,000003AF,false,Rx,0,8,B9,00,00,00,00,00,00,00,
1326741672,000003CF,false,Rx,0,8,69,00,A3,A3,A3,A3,A3,A3,
1326806638,000003AF,false,Rx,0,8,B9,00,00,00,00,00,00,00,
1327245586,000003CF,false,Rx,0,8,69,00,A3,A3,A3,A3,A3,A3,
1327306846,000003AF,false,Rx,0,8,B9,00,00,00,00,00,00,00,
1327749636,000003CF,false,Rx,0,8,69,00,A3,A3,A3,A3,A3,A3,
1327806991,000003AF,false,Rx,0,8,B9,00,00,00,00,00,00,00,
1328253454,000003CF,false,Rx,0,8,69,00,A3,A3,A3,A3,A3,A3,
1328307038,000003AF,false,Rx,0,8,B9,00,00,00,00,00,00,00,
1328757489,000003CF,false,Rx,0,8,69,00,A3,A3,A3,A3,A3,A3,
1328807286,000003AF,false,Rx,0,8,B9,00,00,00,00,00,00,00,
1329261405,000003CF,false,Rx,0,8,69,00,A3,A3,A3,A3,A3,A3,
1329307443,000003AF,false,Rx,0,8,B9,00,00,00,00,00,00,00,
1329765350,000003CF,false,Rx,0,8,69,00,A3,A3,A3,A3,A3,A3,
1329807407,000003AF,false,Rx,0,8,B9,00,00,00,00,00,00,00,
1330269290,000003CF,false,Rx,0,8,69,00,A3,A3,A3,A3,A3,A3,
1330307617,000003AF,false,Rx,0,8,B9,00,00,00,00,00,00,00,
1330773345,000003CF,false,Rx,0,8,69,00,A3,A3,A3,A3,A3,A3,
1330807697,000003AF,false,Rx,0,8,B9,00,00,00,00,00,00,00,
1331277089,000003CF,false,Rx,0,8,69,00,A3,A3,A3,A3,A3,A3,
1331307864,000003AF,false,Rx,0,8,B9,00,00,00,00,00,00,00,
1331781320,000003CF,false,Rx,0,8,69,00,A3,A3,A3,A3,A3,A3,
1331807934,000003AF,false,Rx,0,8,B9,00,00,00,00,00,00,00,
1332285143,000003CF,false,Rx,0,8,69,00,A3,A3,A3,A3,A3,A3,
1332308209,000003AF,false,Rx,0,8,B9,00,00,00,00,00,00,00,
1332789090,000003CF,false,Rx,0,8,69,00,A3,A3,A3,A3,A3,A3,
1332808353,000003AF,false,Rx,0,8,B9,00,00,00,00,00,00,00,
1333293120,000003CF,false,Rx,0,8,69,00,A3,A3,A3,A3,A3,A3,
1333308399,000003AF,false,Rx,0,8,B9,00,00,00,00,00,00,00,
1333797069,000003CF,false,Rx,0,8,69,00,A3,A3,A3,A3,A3,A3,
1333808630,000003AF,false,Rx,0,8,B9,00,00,00,00,00,00,00,
1334300997,000003CF,false,Rx,0,8,69,00,A3,A3,A3,A3,A3,A3,
1334308762,000003AF,false,Rx,0,8,B9,00,00,00,00,00,00,00,
1334804957,000003CF,false,Rx,0,8,69,00,A3,A3,A3,A3,A3,A3,
1334810751,000003AF,false,Rx,0,8,B9,00,00,00,00,00,00,00,
1335309040,000003AF,false,Rx,0,8,B9,00,00,00,00,00,00,00,
1335309333,000003CF,false,Rx,0,8,69,00,A3,A3,A3,A3,A3,A3,
1335809222,000003AF,false,Rx,0,8,B9,00,00,00,00,00,00,00,
1335815145,000003CF,false,Rx,0,8,69,00,A3,A3,A3,A3,A3,A3,
1336309181,000003AF,false,Rx,0,8,B9,00,00,00,00,00,00,00,
1336317723,000003CF,false,Rx,0,8,69,00,A3,A3,A3,A3,A3,A3,
1336809522,000003AF,false,Rx,0,8,B9,00,00,00,00,00,00,00,
1336820909,000003CF,false,Rx,0,8,69,00,A3,A3,A3,A3,A3,A3,
1337309599,000003AF,false,Rx,0,8,B9,00,00,00,00,00,00,00,
1337326330,000003CF,false,Rx,0,8,69,00,A3,A3,A3,A3,A3,A3,
1337809628,000003AF,false,Rx,0,8,B9,00,00,00,00,00,00,00,
1337831605,000003CF,false,Rx,0,8,69,00,A3,A3,A3,A3,A3,A3,
1338309702,000003AF,false,Rx,0,8,B9,00,00,00,00,00,00,00,
1338332835,000003CF,false,Rx,0,8,69,00,A3,A3,A3,A3,A3,A3,
1338809973,000003AF,false,Rx,0,8,B9,00,00,00,00,00,00,00,
1338836595,000003CF,false,Rx,0,8,69,00,A3,A3,A3,A3,A3,A3,
1339310041,000003AF,false,Rx,0,8,B9,00,00,00,00,00,00,00,
1339340734,000003CF,false,Rx,0,8,69,00,A3,A3,A3,A3,A3,A3,
1339810264,000003AF,false,Rx,0,8,B9,00,00,00,00,00,00,00,
1339844548,000003CF,false,Rx,0,8,69,00,A3,A3,A3,A3,A3,A3,
1340310442,000003AF,false,Rx,0,8,B9,00,00,00,00,00,00,00,
1340348450,000003CF,false,Rx,0,8,69,00,A3,A3,A3,A3,A3,A3,
1340810442,000003AF,false,Rx,0,8,B9,00,00,00,00,00,00,00,
1340852349,000003CF,false,Rx,0,8,69,00,A3,A3,A3,A3,A3,A3,
1341310723,000003AF,false,Rx,0,8,B9,00,00,00,00,00,00,00,
1341356299,000003CF,false,Rx,0,8,69,00,A3,A3,A3,A3,A3,A3,
1341810667,000003AF,false,Rx,0,8,B9,00,00,00,00,00,00,00,
1341860226,000003CF,false,Rx,0,8,69,00,A3,A3,A3,A3,A3,A3,
1342310809,000003AF,false,Rx,0,8,B9,00,00,00,00,00,00,00,
1342364160,000003CF,false,Rx,0,8,69,00,A3,A3,A3,A3,A3,A3,
1342811107,000003AF,false,Rx,0,8,B9,00,00,00,00,00,00,00,
1342868348,000003CF,false,Rx,0,8,69,00,A3,A3,A3,A3,A3,A3,
1343311196,000003AF,false,Rx,0,8,B9,00,00,00,00,00,00,00,
1343372064,000003CF,false,Rx,0,8,69,00,A3,A3,A3,A3,A3,A3,
1343811342,000003AF,false,Rx,0,8,B9,00,00,00,00,00,00,00,
1343876189,000003CF,false,Rx,0,8,69,00,A3,A3,A3,A3,A3,A3,
1344311483,000003AF,false,Rx,0,8,B9,00,00,00,00,00,00,00,
1344380193,000003CF,false,Rx,0,8,69,00,A3,A3,A3,A3,A3,A3,
1344811598,000003AF,false,Rx,0,8,B9,00,00,00,00,00,00,00,
1344884011,000003CF,false,Rx,0,8,69,00,A3,A3,A3,A3,A3,A3,
1345311696,000003AF,false,Rx,0,8,B9,00,00,00,00,00,00,00,
1345388041,000003CF,false,Rx,0,8,69,00,A3,A3,A3,A3,A3,A3,
1345811810,000003AF,false,Rx,0,8,B9,00,00,00,00,00,00,00,
1345891940,000003CF,false,Rx,0,8,69,00,A3,A3,A3,A3,A3,A3,
1346312024,000003AF,false,Rx,0,8,B9,00,00,00,00,00,00,00,
1346395981,000003CF,false,Rx,0,8,69,00,A3,A3,A3,A3,A3,A3,
1346812187,000003AF,false,Rx,0,8,B9,00,00,00,00,00,00,00,
1346899784,000003CF,false,Rx,0,8,69,00,A3,A3,A3,A3,A3,A3,
1347312173,000003AF,false,Rx,0,8,B9,00,00,00,00,00,00,00,
1347403978,000003CF,false,Rx,0,8,69,00,A3,A3,A3,A3,A3,A3,
1347812342,000003AF,false,Rx,0,8,B9,00,00,00,00,00,00,00,
1347907671,000003CF,false,Rx,0,8,69,00,A3,A3,A3,A3,A3,A3,
1348312658,000003AF,false,Rx,0,8,B9,00,00,00,00,00,00,00,
1348411736,000003CF,false,Rx,0,8,69,00,A3,A3,A3,A3,A3,A3,
1348812811,000003AF,false,Rx,0,8,B9,00,00,00,00,00,00,00,
1348915758,000003CF,false,Rx,0,8,69,00,A3,A3,A3,A3,A3,A3,
1349312863,000003AF,false,Rx,0,8,B9,00,00,00,00,00,00,00,
1349419664,000003CF,false,Rx,0,8,69,00,A3,A3,A3,A3,A3,A3,
1349813101,000003AF,false,Rx,0,8,B9,00,00,00,00,00,00,00,
1349923474,000003CF,false,Rx,0,8,69,00,A3,A3,A3,A3,A3,A3,
1350313148,000003AF,false,Rx,0,8,B9,00,00,00,00,00,00,00,
1350427531,000003CF,false,Rx,0,8,69,00,A3,A3,A3,A3,A3,A3,
1350813177,000003AF,false,Rx,0,8,B9,00,00,00,00,00,00,00,
1350931373,000003CF,false,Rx,0,8,69,00,A3,A3,A3,A3,A3,A3,
1351313314,000003AF,false,Rx,0,8,B9,00,00,00,00,00,00,00,
1351435600,000003CF,false,Rx,0,8,69,00,A3,A3,A3,A3,A3,A3,
1351813646,000003AF,false,Rx,0,8,B9,00,00,00,00,00,00,00,
1351939362,000003CF,false,Rx,0,8,69,00,A3,A3,A3,A3,A3,A3,
1352313626,000003AF,false,Rx,0,8,B9,00,00,00,00,00,00,00,
1352443289,000003CF,false,Rx,0,8,69,00,A3,A3,A3,A3,A3,A3,
1352813841,000003AF,false,Rx,0,8,B9,00,00,00,00,00,00,00,
1352947362,000003CF,false,Rx,0,8,69,00,A3,A3,A3,A3,A3,A3,
1353314055,000003AF,false,Rx,0,8,B9,00,00,00,00,00,00,00,
1353451241,000003CF,false,Rx,0,8,69,00,A3,A3,A3,A3,A3,A3,
1353814164,000003AF,false,Rx,0,8,B9,00,00,00,00,00,00,00,
1353955117,000003CF,false,Rx,0,8,69,00,A3,A3,A3,A3,A3,A3,
1354314334,000003AF,false,Rx,0,8,B9,00,00,00,00,00,00,00,
1354459220,000003CF,false,Rx,0,8,69,00,A3,A3,A3,A3,A3,A3,
1354814316,000003AF,false,Rx,0,8,B9,00,00,00,00,00,00,00,
1354963205,000003CF,false,Rx,0,8,69,00,A3,A3,A3,A3,A3,A3,
1355314599,000003AF,false,Rx,0,8,B9,00,00,00,00,00,00,00,
1355467294,000003CF,false,Rx,0,8,69,00,A3,A3,A3,A3,A3,A3,
1355814736,000003AF,false,Rx,0,8,B9,00,00,00,00,00,00,00,
1355970951,000003CF,false,Rx,0,8,69,00,A3,A3,A3,A3,A3,A3,
1356314791,000003AF,false,Rx,0,8,B9,00,00,00,00,00,00,00,
1356475114,000003CF,false,Rx,0,8,69,00,A3,A3,A3,A3,A3,A3,
1356815035,000003AF,false,Rx,0,8,B9,00,00,00,00,00,00,00,
1356979006,000003CF,false,Rx,0,8,69,00,A3,A3,A3,A3,A3,A3,
1357315040,000003AF,false,Rx,0,8,B9,00,00,00,00,00,00,00,
1357483088,000003CF,false,Rx,0,8,69,00,A3,A3,A3,A3,A3,A3,
1357815297,000003AF,false,Rx,0,8,B9,00,00,00,00,00,00,00,
1357986934,000003CF,false,Rx,0,8,69,00,A3,A3,A3,A3,A3,A3,
1358315431,000003AF,false,Rx,0,8,B9,00,00,00,00,00,00,00,
1358490942,000003CF,false,Rx,0,8,69,00,A3,A3,A3,A3,A3,A3,
1358815597,000003AF,false,Rx,0,8,B9,00,00,00,00,00,00,00,
1358994921,000003CF,false,Rx,0,8,69,00,A3,A3,A3,A3,A3,A3,
1359315589,000003AF,false,Rx,0,8,B9,00,00,00,00,00,00,00,
1359498847,000003CF,false,Rx,0,8,69,00,A3,A3,A3,A3,A3,A3,
1359815801,000003AF,false,Rx,0,8,B9,00,00,00,00,00,00,00,
1360002874,000003CF,false,Rx,0,8,69,00,A3,A3,A3,A3,A3,A3,
1360315972,000003AF,false,Rx,0,8,B9,00,00,00,00,00,00,00,
1360506567,000003CF,false,Rx,0,8,69,00,A3,A3,A3,A3,A3,A3,
1360816143,000003AF,false,Rx,0,8,B9,00,00,00,00,00,00,00,
1361012910,000003CF,false,Rx,0,8,69,00,A3,A3,A3,A3,A3,A3,
1361316176,000003AF,false,Rx,0,8,B9,00,00,00,00,00,00,00,
1361515229,000003CF,false,Rx,0,8,69,00,A3,A3,A3,A3,A3,A3,
1361816345,000003AF,false,Rx,0,8,B9,00,00,00,00,00,00,00,
1362018433,000003CF,false,Rx,0,8,69,00,A3,A3,A3,A3,A3,A3,
1362316482,000003AF,false,Rx,0,8,B9,00,00,00,00,00,00,00,
1362522518,000003CF,false,Rx,0,8,69,00,A3,A3,A3,A3,A3,A3,
1362816659,000003AF,false,Rx,0,8,B9,00,00,00,00,00,00,00,
1363026367,000003CF,false,Rx,0,8,69,00,A3,A3,A3,A3,A3,A3,
1363316822,000003AF,false,Rx,0,8,B9,00,00,00,00,00,00,00,
1363530459,000003CF,false,Rx,0,8,69,00,A3,A3,A3,A3,A3,A3,
1363816939,000003AF,false,Rx,0,8,B9,00,00,00,00,00,00,00,
1364034375,000003CF,false,Rx,0,8,69,00,A3,A3,A3,A3,A3,A3,
1364317026,000003AF,false,Rx,0,8,B9,00,00,00,00,00,00,00,
1364538478,000003CF,false,Rx,0,8,69,00,A3,A3,A3,A3,A3,A3,
1364817085,000003AF,false,Rx,0,8,B9,00,00,00,00,00,00,00,
1365042326,000003CF,false,Rx,0,8,69,00,A3,A3,A3,A3,A3,A3,
1365317256,000003AF,false,Rx,0,8,B9,00,00,00,00,00,00,00,
1365546177,000003CF,false,Rx,0,8,69,00,A3,A3,A3,A3,A3,A3,
1365817471,000003AF,false,Rx,0,8,B9,00,00,00,00,00,00,00,
1366050180,000003CF,false,Rx,0,8,69,00,A3,A3,A3,A3,A3,A3,
1366317576,000003AF,false,Rx,0,8,B9,00,00,00,00,00,00,00,
1366554232,000003CF,false,Rx,0,8,69,00,A3,A3,A3,A3,A3,A3,
1366817718,000003AF,false,Rx,0,8,B9,00,00,00,00,00,00,00,
1367058147,000003CF,false,Rx,0,8,69,00,A3,A3,A3,A3,A3,A3,
1367317765,000003AF,false,Rx,0,8,B9,00,00,00,00,00,00,00,
1367562448,000003CF,false,Rx,0,8,69,00,A3,A3,A3,A3,A3,A3,
1367817942,000003AF,false,Rx,0,8,B9,00,00,00,00,00,00,00,
1368067711,000003CF,false,Rx,0,8,69,00,A3,A3,A3,A3,A3,A3,
1368318151,000003AF,false,Rx,0,8,B9,00,00,00,00,00,00,00,
1368570090,000003CF,false,Rx,0,8,69,00,A3,A3,A3,A3,A3,A3,
1368818165,000003AF,false,Rx,0,8,B9,00,00,00,00,00,00,00,
1369074004,000003CF,false,Rx,0,8,69,00,A3,A3,A3,A3,A3,A3,
1369318358,000003AF,false,Rx,0,8,B9,00,00,00,00,00,00,00,
1369579102,000003CF,false,Rx,0,8,69,00,A3,A3,A3,A3,A3,A3,
1369818472,000003AF,false,Rx,0,8,B9,00,00,00,00,00,00,00,
1370084650,000003CF,false,Rx,0,8,69,00,A3,A3,A3,A3,A3,A3,
1370318770,000003AF,false,Rx,0,8,B9,00,00,00,00,00,00,00,
1370585843,000003CF,false,Rx,0,8,69,00,A3,A3,A3,A3,A3,A3,
1370818852,000003AF,false,Rx,0,8,B9,00,00,00,00,00,00,00,
1371089810,000003CF,false,Rx,0,8,69,00,A3,A3,A3,A3,A3,A3,
1371318942,000003AF,false,Rx,0,8,B9,00,00,00,00,00,00,00,
1371593810,000003CF,false,Rx,0,8,69,00,A3,A3,A3,A3,A3,A3,
1371819057,000003AF,false,Rx,0,8,B9,00,00,00,00,00,00,00,
1372097570,000003CF,false,Rx,0,8,69,00,A3,A3,A3,A3,A3,A3,
1372319215,000003AF,false,Rx,0,8,B9,00,00,00,00,00,00,00,
1372601703,000003CF,false,Rx,0,8,69,00,A3,A3,A3,A3,A3,A3,
1372819405,000003AF,false,Rx,0,8,B9,00,00,00,00,00,00,00,
1373105477,000003CF,false,Rx,0,8,69,00,A3,A3,A3,A3,A3,A3,
1373319418,000003AF,false,Rx,0,8,B9,00,00,00,00,00,00,00,
1373609438,000003CF,false,Rx,0,8,69,00,A3,A3,A3,A3,A3,A3,
1373819655,000003AF,false,Rx,0,8,B9,00,00,00,00,00,00,00,
1374113570,000003CF,false,Rx,0,8,69,00,A3,A3,A3,A3,A3,A3,
1374319825,000003AF,false,Rx,0,8,B9,00,00,00,00,00,00,00,
1374617554,000003CF,false,Rx,0,8,69,00,A3,A3,A3,A3,A3,A3,
1374819921,000003AF,false,Rx,0,8,B9,00,00,00,00,00,00,00,
1375121428,000003CF,false,Rx,0,8,69,00,A3,A3,A3,A3,A3,A3,
1375320026,000003AF,false,Rx,0,8,B9,00,00,00,00,00,00,00,
1375625453,000003CF,false,Rx,0,8,69,00,A3,A3,A3,A3,A3,A3,
1375820101,000003AF,false,Rx,0,8,B9,00,00,00,00,00,00,00,
1376129224,000003CF,false,Rx,0,8,69,00,A3,A3,A3,A3,A3,A3,
1376320302,000003AF,false,Rx,0,8,B9,00,00,00,00,00,00,00,
1376633367,000003CF,false,Rx,0,8,69,00,A3,A3,A3,A3,A3,A3,
1376820513,000003AF,false,Rx,0,8,B9,00,00,00,00,00,00,00,
1377137244,000003CF,false,Rx,0,8,69,00,A3,A3,A3,A3,A3,A3,
1377320497,000003AF,false,Rx,0,8,B9,00,00,00,00,00,00,00,
1377641208,000003CF,false,Rx,0,8,69,00,A3,A3,A3,A3,A3,A3,
1377820777,000003AF,false,Rx,0,8,B9,00,00,00,00,00,00,00,
1378145056,000003CF,false,Rx,0,8,69,00,A3,A3,A3,A3,A3,A3,
1378320791,000003AF,false,Rx,0,8,B9,00,00,00,00,00,00,00,
1378649172,000003CF,false,Rx,0,8,69,00,A3,A3,A3,A3,A3,A3,
1378821056,000003AF,false,Rx,0,8,B9,00,00,00,00,00,00,00,
1379153108,000003CF,false,Rx,0,8,69,00,A3,A3,A3,A3,A3,A3,
1379321164,000003AF,false,Rx,0,8,B9,00,00,00,00,00,00,00,
1379657090,000003CF,false,Rx,0,8,69,00,A3,A3,A3,A3,A3,A3,
1379821249,000003AF,false,Rx,0,8,B9,00,00,00,00,00,00,00,
1380161014,000003CF,false,Rx,0,8,69,00,A3,A3,A3,A3,A3,A3,
1380321444,000003AF,false,Rx,0,8,B9,00,00,00,00,00,00,00,
1380664879,000003CF,false,Rx,0,8,69,00,A3,A3,A3,A3,A3,A3,
1380821605,000003AF,false,Rx,0,8,B9,00,00,00,00,00,00,00,
1381168944,000003CF,false,Rx,0,8,69,00,A3,A3,A3,A3,A3,A3,
1381321731,000003AF,false,Rx,0,8,B9,00,00,00,00,00,00,00,
1381672934,000003CF,false,Rx,0,8,69,00,A3,A3,A3,A3,A3,A3,
1381821841,000003AF,false,Rx,0,8,B9,00,00,00,00,00,00,00,
1382176838,000003CF,false,Rx,0,8,69,00,A3,A3,A3,A3,A3,A3,
1382321987,000003AF,false,Rx,0,8,B9,00,00,00,00,00,00,00,
1382680703,000003CF,false,Rx,0,8,69,00,A3,A3,A3,A3,A3,A3,
1382822162,000003AF,false,Rx,0,8,B9,00,00,00,00,00,00,00,
1383184691,000003CF,false,Rx,0,8,69,00,A3,A3,A3,A3,A3,A3,
1383322264,000003AF,false,Rx,0,8,B9,00,00,00,00,00,00,00,
1383688750,000003CF,false,Rx,0,8,69,00,A3,A3,A3,A3,A3,A3,
1383822395,000003AF,false,Rx,0,8,B9,00,00,00,00,00,00,00,
1384192554,000003CF,false,Rx,0,8,69,00,A3,A3,A3,A3,A3,A3,
1384322410,000003AF,false,Rx,0,8,B9,00,00,00,00,00,00,00,
1384696601,000003CF,false,Rx,0,8,69,00,A3,A3,A3,A3,A3,A3,
1384822616,000003AF,false,Rx,0,8,B9,00,00,00,00,00,00,00,
1385200421,000003CF,false,Rx,0,8,69,00,A3,A3,A3,A3,A3,A3,
1385322814,000003AF,false,Rx,0,8,B9,00,00,00,00,00,00,00,
1385704446,000003CF,false,Rx,0,8,69,00,A3,A3,A3,A3,A3,A3,
1385822878,000003AF,false,Rx,0,8,B9,00,00,00,00,00,00,00,
1386208553,000003CF,false,Rx,0,8,69,00,A3,A3,A3,A3,A3,A3,
1386323053,000003AF,false,Rx,0,8,B9,00,00,00,00,00,00,00,
1386712502,000003CF,false,Rx,0,8,69,00,A3,A3,A3,A3,A3,A3,
1386823135,000003AF,false,Rx,0,8,B9,00,00,00,00,00,00,00,
1387216386,000003CF,false,Rx,0,8,69,00,A3,A3,A3,A3,A3,A3,
1387323264,000003AF,false,Rx,0,8,B9,00,00,00,00,00,00,00,
1387720388,000003CF,false,Rx,0,8,69,00,A3,A3,A3,A3,A3,A3,
1387823466,000003AF,false,Rx,0,8,B9,00,00,00,00,00,00,00,
1388224388,000003CF,false,Rx,0,8,69,00,A3,A3,A3,A3,A3,A3,
1388323682,000003AF,false,Rx,0,8,B9,00,00,00,00,00,00,00,
1388728207,000003CF,false,Rx,0,8,69,00,A3,A3,A3,A3,A3,A3,
1388823740,000003AF,false,Rx,0,8,B9,00,00,00,00,00,00,00,
1389232100,000003CF,false,Rx,0,8,69,00,A3,A3,A3,A3,A3,A3,
1389323903,000003AF,false,Rx,0,8,B9,00,00,00,00,00,00,00,
1389736154,000003CF,false,Rx,0,8,69,00,A3,A3,A3,A3,A3,A3,
1389824035,000003AF,false,Rx,0,8,B9,00,00,00,00,00,00,00,
1390240003,000003CF,false,Rx,0,8,69,00,A3,A3,A3,A3,A3,A3,
1390324435,000003AF,false,Rx,0,8,B9,00,00,00,00,00,00,00,
1390743980,000003CF,false,Rx,0,8,69,00,A3,A3,A3,A3,A3,A3,
1390824322,000003AF,false,Rx,0,8,B9,00,00,00,00,00,00,00,
1391248174,000003CF,false,Rx,0,8,69,00,A3,A3,A3,A3,A3,A3,
1391324480,000003AF,false,Rx,0,8,B9,00,00,00,00,00,00,00,
1391751874,000003CF,false,Rx,0,8,69,00,A3,A3,A3,A3,A3,A3,
1391824515,000003AF,false,Rx,0,8,B9,00,00,00,00,00,00,00,
1392255860,000003CF,false,Rx,0,8,69,00,A3,A3,A3,A3,A3,A3,
1392324784,000003AF,false,Rx,0,8,B9,00,00,00,00,00,00,00,
1392759960,000003CF,false,Rx,0,8,69,00,A3,A3,A3,A3,A3,A3,
1392824849,000003AF,false,Rx,0,8,B9,00,00,00,00,00,00,00,
1393263885,000003CF,false,Rx,0,8,69,00,A3,A3,A3,A3,A3,A3,
1393325072,000003AF,false,Rx,0,8,B9,00,00,00,00,00,00,00,
1393767835,000003CF,false,Rx,0,8,69,00,A3,A3,A3,A3,A3,A3,
1393825220,000003AF,false,Rx,0,8,B9,00,00,00,00,00,00,00,
1394271741,000003CF,false,Rx,0,8,69,00,A3,A3,A3,A3,A3,A3,
1394325173,000003AF,false,Rx,0,8,B9,00,00,00,00,00,00,00,
1394775834,000003CF,false,Rx,0,8,69,00,A3,A3,A3,A3,A3,A3,
1394825261,000003AF,false,Rx,0,8,B9,00,00,00,00,00,00,00,
1395279616,000003CF,false,Rx,0,8,69,00,A3,A3,A3,A3,A3,A3,
1395326660,000003AF,false,Rx,0,8,B9,00,00,00,00,00,00,00,
1395783715,000003CF,false,Rx,0,8,69,00,A3,A3,A3,A3,A3,A3,
1395825726,000003AF,false,Rx,0,8,B9,00,00,00,00,00,00,00,
1396287629,000003CF,false,Rx,0,8,69,00,A3,A3,A3,A3,A3,A3,
1396325834,000003AF,false,Rx,0,8,B9,00,00,00,00,00,00,00,
1396791424,000003CF,false,Rx,0,8,69,00,A3,A3,A3,A3,A3,A3,
1396825981,000003AF,false,Rx,0,8,B9,00,00,00,00,00,00,00,
1397295629,000003CF,false,Rx,0,8,69,00,A3,A3,A3,A3,A3,A3,
1397326035,000003AF,false,Rx,0,8,B9,00,00,00,00,00,00,00,
1397799470,000003CF,false,Rx,0,8,69,00,A3,A3,A3,A3,A3,A3,
1397826299,000003AF,false,Rx,0,8,B9,00,00,00,00,00,00,00,
1398303445,000003CF,false,Rx,0,8,69,00,A3,A3,A3,A3,A3,A3,
1398326326,000003AF,false,Rx,0,8,B9,00,00,00,00,00,00,00,
1398807554,000003CF,false,Rx,0,8,69,00,A3,A3,A3,A3,A3,A3,
1398826472,000003AF,false,Rx,0,8,B9,00,00,00,00,00,00,00,
1399311276,000003CF,false,Rx,0,8,69,00,A3,A3,A3,A3,A3,A3,
1399326701,000003AF,false,Rx,0,8,B9,00,00,00,00,00,00,00,
1399815431,000003CF,false,Rx,0,8,69,00,A3,A3,A3,A3,A3,A3,
1399826692,000003AF,false,Rx,0,8,B9,00,00,00,00,00,00,00,
1400319205,000003CF,false,Rx,0,8,69,00,A3,A3,A3,A3,A3,A3,
1400326971,000003AF,false,Rx,0,8,B9,00,00,00,00,00,00,00,
1400823189,000003CF,false,Rx,0,8,69,00,A3,A3,A3,A3,A3,A3,
1400828138,000003AF,false,Rx,0,8,B9,00,00,00,00,00,00,00,
1401327241,000003CF,false,Rx,0,8,69,00,A3,A3,A3,A3,A3,A3,
1401327255,000003AF,false,Rx,0,8,B9,00,00,00,00,00,00,00,
1401827353,000003AF,false,Rx,0,8,B9,00,00,00,00,00,00,00,
1401834099,000003CF,false,Rx,0,8,69,00,A3,A3,A3,A3,A3,A3,
1402327510,000003AF,false,Rx,0,8,B9,00,00,00,00,00,00,00,
1402338290,000003CF,false,Rx,0,8,69,00,A3,A3,A3,A3,A3,A3,
1402827636,000003AF,false,Rx,0,8,B9,00,00,00,00,00,00,00,
1402838997,000003CF,false,Rx,0,8,69,00,A3,A3,A3,A3,A3,A3,
1403327809,000003AF,false,Rx,0,8,B9,00,00,00,00,00,00,00,
1403342939,000003CF,false,Rx,0,8,69,00,A3,A3,A3,A3,A3,A3,
1403827945,000003AF,false,Rx,0,8,B9,00,00,00,00,00,00,00,
1403846981,000003CF,false,Rx,0,8,69,00,A3,A3,A3,A3,A3,A3,
1404328057,000003AF,false,Rx,0,8,B9,00,00,00,00,00,00,00,
1404350904,000003CF,false,Rx,0,8,69,00,A3,A3,A3,A3,A3,A3,
1404828198,000003AF,false,Rx,0,8,B9,00,00,00,00,00,00,00,
1404854874,000003CF,false,Rx,0,8,69,00,A3,A3,A3,A3,A3,A3,
1405328381,000003AF,false,Rx,0,8,B9,00,00,00,00,00,00,00,
1405358886,000003CF,false,Rx,0,8,69,00,A3,A3,A3,A3,A3,A3,
1405828467,000003AF,false,Rx,0,8,B9,00,00,00,00,00,00,00,
1405862715,000003CF,false,Rx,0,8,69,00,A3,A3,A3,A3,A3,A3,
1406328657,000003AF,false,Rx,0,8,B9,00,00,00,00,00,00,00,
1406366630,000003CF,false,Rx,0,8,69,00,A3,A3,A3,A3,A3,A3,
1406828577,000003AF,false,Rx,0,8,B9,00,00,00,00,00,00,00,
1406870635,000003CF,false,Rx,0,8,69,00,A3,A3,A3,A3,A3,A3,
1407328799,000003AF,false,Rx,0,8,B9,00,00,00,00,00,00,00,
1407376595,000003CF,false,Rx,0,8,69,00,A3,A3,A3,A3,A3,A3,
1407828985,000003AF,false,Rx,0,8,B9,00,00,00,00,00,00,00,
1407878470,000003CF,false,Rx,0,8,69,00,A3,A3,A3,A3,A3,A3,
1408329143,000003AF,false,Rx,0,8,B9,00,00,00,00,00,00,00,
1408382597,000003CF,false,Rx,0,8,69,00,A3,A3,A3,A3,A3,A3,
1408829672,000003AF,false,Rx,0,8,B9,00,00,00,00,00,00,00,
1408886481,000003CF,false,Rx,0,8,69,00,A3,A3,A3,A3,A3,A3,
1409329325,000003AF,false,Rx,0,8,B9,00,00,00,00,00,00,00,
1409390399,000003CF,false,Rx,0,8,69,00,A3,A3,A3,A3,A3,A3,
1409829389,000003AF,false,Rx,0,8,B9,00,00,00,00,00,00,00,
1409894349,000003CF,false,Rx,0,8,69,00,A3,A3,A3,A3,A3,A3,
1410329727,000003AF,false,Rx,0,8,B9,00,00,00,00,00,00,00,
1410398366,000003CF,false,Rx,0,8,69,00,A3,A3,A3,A3,A3,A3,
1410829771,000003AF,false,Rx,0,8,B9,00,00,00,00,00,00,00,
1410902327,000003CF,false,Rx,0,8,69,00,A3,A3,A3,A3,A3,A3,
1411329957,000003AF,false,Rx,0,8,B9,00,00,00,00,00,00,00,
1411406364,000003CF,false,Rx,0,8,69,00,A3,A3,A3,A3,A3,A3,
1411830060,000003AF,false,Rx,0,8,B9,00,00,00,00,00,00,00,
1411910193,000003CF,false,Rx,0,8,69,00,A3,A3,A3,A3,A3,A3,
1412330072,000003AF,false,Rx,0,8,B9,00,00,00,00,00,00,00,
1412414260,000003CF,false,Rx,0,8,69,00,A3,A3,A3,A3,A3,A3,
1412830260,000003AF,false,Rx,0,8,B9,00,00,00,00,00,00,00,
1412918149,000003CF,false,Rx,0,8,69,00,A3,A3,A3,A3,A3,A3,
1413330559,000003AF,false,Rx,0,8,B9,00,00,00,00,00,00,00,
1413421995,000003CF,false,Rx,0,8,69,00,A3,A3,A3,A3,A3,A3,
1413830720,000003AF,false,Rx,0,8,B9,00,00,00,00,00,00,00,
1413926088,000003CF,false,Rx,0,8,69,00,A3,A3,A3,A3,A3,A3,
1414330747,000003AF,false,Rx,0,8,B9,00,00,00,00,00,00,00,
1414429912,000003CF,false,Rx,0,8,69,00,A3,A3,A3,A3,A3,A3,
1414830882,000003AF,false,Rx,0,8,B9,00,00,00,00,00,00,00,
1414933863,000003CF,false,Rx,0,8,69,00,A3,A3,A3,A3,A3,A3,
1415331014,000003AF,false,Rx,0,8,B9,00,00,00,00,00,00,00,
1415438034,000003CF,false,Rx,0,8,69,00,A3,A3,A3,A3,A3,A3,
1415831187,000003AF,false,Rx,0,8,B9,00,00,00,00,00,00,00,
1415941953,000003CF,false,Rx,0,8,69,00,A3,A3,A3,A3,A3,A3,
1416331314,000003AF,false,Rx,0,8,B9,00,00,00,00,00,00,00,
1416445869,000003CF,false,Rx,0,8,69,00,A3,A3,A3,A3,A3,A3,
1416831476,000003AF,false,Rx,0,8,B9,00,00,00,00,00,00,00,
1416949866,000003CF,false,Rx,0,8,69,00,A3,A3,A3,A3,A3,A3,
1417331647,000003AF,false,Rx,0,8,B9,00,00,00,00,00,00,00,
1417453827,000003CF,false,Rx,0,8,69,00,A3,A3,A3,A3,A3,A3,
1417831777,000003AF,false,Rx,0,8,B9,00,00,00,00,00,00,00,
1417957622,000003CF,false,Rx,0,8,69,00,A3,A3,A3,A3,A3,A3,
1418331908,000003AF,false,Rx,0,8,B9,00,00,00,00,00,00,00,
1418461709,000003CF,false,Rx,0,8,69,00,A3,A3,A3,A3,A3,A3,
1418832062,000003AF,false,Rx,0,8,B9,00,00,00,00,00,00,00,
1418965608,000003CF,false,Rx,0,8,69,00,A3,A3,A3,A3,A3,A3,
1419332199,000003AF,false,Rx,0,8,B9,00,00,00,00,00,00,00,
1419469680,000003CF,false,Rx,0,8,69,00,A3,A3,A3,A3,A3,A3,
1419832316,000003AF,false,Rx,0,8,B9,00,00,00,00,00,00,00,
1419973535,000003CF,false,Rx,0,8,69,00,A3,A3,A3,A3,A3,A3,
1420332405,000003AF,false,Rx,0,8,B9,00,00,00,00,00,00,00,
1420477626,000003CF,false,Rx,0,8,69,00,A3,A3,A3,A3,A3,A3,
1420832598,000003AF,false,Rx,0,8,B9,00,00,00,00,00,00,00,
1420981443,000003CF,false,Rx,0,8,69,00,A3,A3,A3,A3,A3,A3,
1421332659,000003AF,false,Rx,0,8,B9,00,00,00,00,00,00,00,
1421485525,000003CF,false,Rx,0,8,69,00,A3,A3,A3,A3,A3,A3,
1421832811,000003AF,false,Rx,0,8,B9,00,00,00,00,00,00,00,
1421989322,000003CF,false,Rx,0,8,69,00,A3,A3,A3,A3,A3,A3,
1422332958,000003AF,false,Rx,0,8,B9,00,00,00,00,00,00,00,
1422493307,000003CF,false,Rx,0,8,69,00,A3,A3,A3,A3,A3,A3,
1422833132,000003AF,false,Rx,0,8,B9,00,00,00,00,00,00,00,
1422997139,000003CF,false,Rx,0,8,69,00,A3,A3,A3,A3,A3,A3,
1423333193,000003AF,false,Rx,0,8,B9,00,00,00,00,00,00,00,
1423501385,000003CF,false,Rx,0,8,69,00,A3,A3,A3,A3,A3,A3,
1423833369,000003AF,false,Rx,0,8,B9,00,00,00,00,00,00,00,
1424005201,000003CF,false,Rx,0,8,69,00,A3,A3,A3,A3,A3,A3,
1424333412,000003AF,false,Rx,0,8,B9,00,00,00,00,00,00,00,
1424509224,000003CF,false,Rx,0,8,69,00,A3,A3,A3,A3,A3,A3,
1424833676,000003AF,false,Rx,0,8,B9,00,00,00,00,00,00,00,
1425013112,000003CF,false,Rx,0,8,69,00,A3,A3,A3,A3,A3,A3,
1425333801,000003AF,false,Rx,0,8,B9,00,00,00,00,00,00,00,
1425517122,000003CF,false,Rx,0,8,69,00,A3,A3,A3,A3,A3,A3,
1425833948,000003AF,false,Rx,0,8,B9,00,00,00,00,00,00,00,
1426021163,000003CF,false,Rx,0,8,69,00,A3,A3,A3,A3,A3,A3,
1426334084,000003AF,false,Rx,0,8,B9,00,00,00,00,00,00,00,
1426525031,000003CF,false,Rx,0,8,69,00,A3,A3,A3,A3,A3,A3,
1426834266,000003AF,false,Rx,0,8,B9,00,00,00,00,00,00,00,
1427028983,000003CF,false,Rx,0,8,69,00,A3,A3,A3,A3,A3,A3,
1427334390,000003AF,false,Rx,0,8,B9,00,00,00,00,00,00,00,
1427532945,000003CF,false,Rx,0,8,69,00,A3,A3,A3,A3,A3,A3,
1427834564,000003AF,false,Rx,0,8,B9,00,00,00,00,00,00,00,
1428036776,000003CF,false,Rx,0,8,69,00,A3,A3,A3,A3,A3,A3,
1428334492,000003AF,false,Rx,0,8,B9,00,00,00,00,00,00,00,
1428541013,000003CF,false,Rx,0,8,69,00,A3,A3,A3,A3,A3,A3,
1428834676,000003AF,false,Rx,0,8,B9,00,00,00,00,00,00,00,
1429044775,000003CF,false,Rx,0,8,69,00,A3,A3,A3,A3,A3,A3,
1429334940,000003AF,false,Rx,0,8,B9,00,00,00,00,00,00,00,
1429548781,000003CF,false,Rx,0,8,69,00,A3,A3,A3,A3,A3,A3,
1429834982,000003AF,false,Rx,0,8,B9,00,00,00,00,00,00,00,
1430052710,000003CF,false,Rx,0,8,69,00,A3,A3,A3,A3,A3,A3,
1430335056,000003AF,false,Rx,0,8,B9,00,00,00,00,00,00,00,
1430556700,000003CF,false,Rx,0,8,69,00,A3,A3,A3,A3,A3,A3,
1430835322,000003AF,false,Rx,0,8,B9,00,00,00,00,00,00,00,
1431060608,000003CF,false,Rx,0,8,69,00,A3,A3,A3,A3,A3,A3,
1431335487,000003AF,false,Rx,0,8,B9,00,00,00,00,00,00,00,
1431564568,000003CF,false,Rx,0,8,69,00,A3,A3,A3,A3,A3,A3,
1431835619,000003AF,false,Rx,0,8,B9,00,00,00,00,00,00,00,
1432068845,000003CF,false,Rx,0,8,69,00,A3,A3,A3,A3,A3,A3,
1432335683,000003AF,false,Rx,0,8,B9,00,00,00,00,00,00,00,
1432574433,000003CF,false,Rx,0,8,69,00,A3,A3,A3,A3,A3,A3,
1432835885,000003AF,false,Rx,0,8,B9,00,00,00,00,00,00,00,
1433076439,000003CF,false,Rx,0,8,69,00,A3,A3,A3,A3,A3,A3,
1433336020,000003AF,false,Rx,0,8,B9,00,00,00,00,00,00,00,
1433580669,000003CF,false,Rx,0,8,69,00,A3,A3,A3,A3,A3,A3,
1433836156,000003AF,false,Rx,0,8,B9,00,00,00,00,00,00,00,
1434086167,000003CF,false,Rx,0,8,69,00,A3,A3,A3,A3,A3,A3,
1434336331,000003AF,false,Rx,0,8,B9,00,00,00,00,00,00,00,
1434592286,000003CF,false,Rx,0,8,69,00,A3,A3,A3,A3,A3,A3,
1434836455,000003AF,false,Rx,0,8,B9,00,00,00,00,00,00,00,
1435092260,000003CF,false,Rx,0,8,69,00,A3,A3,A3,A3,A3,A3,
1435336528,000003AF,false,Rx,0,8,B9,00,00,00,00,00,00,00,
1435596117,000003CF,false,Rx,0,8,69,00,A3,A3,A3,A3,A3,A3,
1435836762,000003AF,false,Rx,0,8,B9,00,00,00,00,00,00,00,
1436100190,000003CF,false,Rx,0,8,69,00,A3,A3,A3,A3,A3,A3,
1436336827,000003AF,false,Rx,0,8,B9,00,00,00,00,00,00,00,
1436604139,000003CF,false,Rx,0,8,69,00,A3,A3,A3,A3,A3,A3,
1436836977,000003AF,false,Rx,0,8,B9,00,00,00,00,00,00,00,
1437108184,000003CF,false,Rx,0,8,69,00,A3,A3,A3,A3,A3,A3,
1437337167,000003AF,false,Rx,0,8,B9,00,00,00,00,00,00,00,
1437611987,000003CF,false,Rx,0,8,69,00,A3,A3,A3,A3,A3,A3,
1437837306,000003AF,false,Rx,0,8,B9,00,00,00,00,00,00,00,
1438116033,000003CF,false,Rx,0,8,69,00,A3,A3,A3,A3,A3,A3,
1438337450,000003AF,false,Rx,0,8,B9,00,00,00,00,00,00,00,
1438619917,000003CF,false,Rx,0,8,69,00,A3,A3,A3,A3,A3,A3,
1438837471,000003AF,false,Rx,0,8,B9,00,00,00,00,00,00,00,
1439123826,000003CF,false,Rx,0,8,69,00,A3,A3,A3,A3,A3,A3,
1439337757,000003AF,false,Rx,0,8,B9,00,00,00,00,00,00,00,
1439627814,000003CF,false,Rx,0,8,69,00,A3,A3,A3,A3,A3,A3,
1439837852,000003AF,false,Rx,0,8,B9,00,00,00,00,00,00,00,
1440131667,000003CF,false,Rx,0,8,69,00,A3,A3,A3,A3,A3,A3,
1440337813,000003AF,false,Rx,0,8,B9,00,00,00,00,00,00,00,
1440635836,000003CF,false,Rx,0,8,69,00,A3,A3,A3,A3,A3,A3,
1440838126,000003AF,false,Rx,0,8,B9,00,00,00,00,00,00,00,
1441139677,000003CF,false,Rx,0,8,69,00,A3,A3,A3,A3,A3,A3,
1441338275,000003AF,false,Rx,0,8,B9,00,00,00,00,00,00,00,
1441643747,000003CF,false,Rx,0,8,69,00,A3,A3,A3,A3,A3,A3,
1441838367,000003AF,false,Rx,0,8,B9,00,00,00,00,00,00,00,
1442147497,000003CF,false,Rx,0,8,69,00,A3,A3,A3,A3,A3,A3,
1442338345,000003AF,false,Rx,0,8,B9,00,00,00,00,00,00,00,
1442651471,000003CF,false,Rx,0,8,69,00,A3,A3,A3,A3,A3,A3,
1442838605,000003AF,false,Rx,0,8,B9,00,00,00,00,00,00,00,
1443155526,000003CF,false,Rx,0,8,69,00,A3,A3,A3,A3,A3,A3,
1443338726,000003AF,false,Rx,0,8,B9,00,00,00,00,00,00,00,
1443659516,000003CF,false,Rx,0,8,69,00,A3,A3,A3,A3,A3,A3,
1443838709,000003AF,false,Rx,0,8,B9,00,00,00,00,00,00,00,
1444163401,000003CF,false,Rx,0,8,69,00,A3,A3,A3,A3,A3,A3,
1444338875,000003AF,false,Rx,0,8,B9,00,00,00,00,00,00,00,
1444667485,000003CF,false,Rx,0,8,69,00,A3,A3,A3,A3,A3,A3,
1444839139,000003AF,false,Rx,0,8,B9,00,00,00,00,00,00,00,
1445171358,000003CF,false,Rx,0,8,69,00,A3,A3,A3,A3,A3,A3,
1445339319,000003AF,false,Rx,0,8,B9,00,00,00,00,00,00,00,
1445675486,000003CF,false,Rx,0,8,69,00,A3,A3,A3,A3,A3,A3,
1445839328,000003AF,false,Rx,0,8,B9,00,00,00,00,00,00,00,
1446179307,000003CF,false,Rx,0,8,69,00,A3,A3,A3,A3,A3,A3,
1446339449,000003AF,false,Rx,0,8,B9,00,00,00,00,00,00,00,
1446683258,000003CF,false,Rx,0,8,69,00,A3,A3,A3,A3,A3,A3,
1446839760,000003AF,false,Rx,0,8,B9,00,00,00,00,00,00,00,
1447187194,000003CF,false,Rx,0,8,69,00,A3,A3,A3,A3,A3,A3,
1447339835,000003AF,false,Rx,0,8,B9,00,00,00,00,00,00,00,
1447691131,000003CF,false,Rx,0,8,69,00,A3,A3,A3,A3,A3,A3,
1447839892,000003AF,false,Rx,0,8,B9,00,00,00,00,00,00,00,
1448195099,000003CF,false,Rx,0,8,69,00,A3,A3,A3,A3,A3,A3,
1448340098,000003AF,false,Rx,0,8,B9,00,00,00,00,00,00,00,
1448699135,000003CF,false,Rx,0,8,69,00,A3,A3,A3,A3,A3,A3,
1448840270,000003AF,false,Rx,0,8,B9,00,00,00,00,00,00,00,
1449202947,000003CF,false,Rx,0,8,69,00,A3,A3,A3,A3,A3,A3,
1449340284,000003AF,false,Rx,0,8,B9,00,00,00,00,00,00,00,
1449707061,000003CF,false,Rx,0,8,69,00,A3,A3,A3,A3,A3,A3,
1449840586,000003AF,false,Rx,0,8,B9,00,00,00,00,00,00,00,
1450210791,000003CF,false,Rx,0,8,69,00,A3,A3,A3,A3,A3,A3,
1450340634,000003AF,false,Rx,0,8,B9,00,00,00,00,00,00,00,
1450714895,000003CF,false,Rx,0,8,69,00,A3,A3,A3,A3,A3,A3,
1450840752,000003AF,false,Rx,0,8,B9,00,00,00,00,00,00,00,
1451218686,000003CF,false,Rx,0,8,69,00,A3,A3,A3,A3,A3,A3,
1451340975,000003AF,false,Rx,0,8,B9,00,00,00,00,00,00,00,
1451722942,000003CF,false,Rx,0,8,69,00,A3,A3,A3,A3,A3,A3,
1451840965,000003AF,false,Rx,0,8,B9,00,00,00,00,00,00,00,
1452226780,000003CF,false,Rx,0,8,69,00,A3,A3,A3,A3,A3,A3,
1452341074,000003AF,false,Rx,0,8,B9,00,00,00,00,00,00,00,
1452730589,000003CF,false,Rx,0,8,69,00,A3,A3,A3,A3,A3,A3,
1452841304,000003AF,false,Rx,0,8,B9,00,00,00,00,00,00,00,
1453234668,000003CF,false,Rx,0,8,69,00,A3,A3,A3,A3,A3,A3,
1453341337,000003AF,false,Rx,0,8,B9,00,00,00,00,00,00,00,
1453738766,000003CF,false,Rx,0,8,69,00,A3,A3,A3,A3,A3,A3,
1453841698,000003AF,false,Rx,0,8,B9,00,00,00,00,00,00,00,
1454242508,000003CF,false,Rx,0,8,69,00,A3,A3,A3,A3,A3,A3,
1454341775,000003AF,false,Rx,0,8,B9,00,00,00,00,00,00,00,
1454746554,000003CF,false,Rx,0,8,69,00,A3,A3,A3,A3,A3,A3,
1454841800,000003AF,false,Rx,0,8,B9,00,00,00,00,00,00,00,
1455250560,000003CF,false,Rx,0,8,69,00,A3,A3,A3,A3,A3,A3,
1455341957,000003AF,false,Rx,0,8,B9,00,00,00,00,00,00,00,
1455754442,000003CF,false,Rx,0,8,69,00,A3,A3,A3,A3,A3,A3,
1455842028,000003AF,false,Rx,0,8,B9,00,00,00,00,00,00,00,
1456260807,000003CF,false,Rx,0,8,69,00,A3,A3,A3,A3,A3,A3,
1456342206,000003AF,false,Rx,0,8,B9,00,00,00,00,00,00,00,
1456762359,000003CF,false,Rx,0,8,69,00,A3,A3,A3,A3,A3,A3,
1456842410,000003AF,false,Rx,0,8,B9,00,00,00,00,00,00,00,
1457266353,000003CF,false,Rx,0,8,69,00,A3,A3,A3,A3,A3,A3,
1457342505,000003AF,false,Rx,0,8,B9,00,00,00,00,00,00,00,
1457770325,000003CF,false,Rx,0,8,69,00,A3,A3,A3,A3,A3,A3,
1457842587,000003AF,false,Rx,0,8,B9,00,00,00,00,00,00,00,
1458274215,000003CF,false,Rx,0,8,69,00,A3,A3,A3,A3,A3,A3,
1458342791,000003AF,false,Rx,0,8,B9,00,00,00,00,00,00,00,
1458778113,000003CF,false,Rx,0,8,69,00,A3,A3,A3,A3,A3,A3,
1458842954,000003AF,false,Rx,0,8,B9,00,00,00,00,00,00,00,
1459282179,000003CF,false,Rx,0,8,69,00,A3,A3,A3,A3,A3,A3,
1459342969,000003AF,false,Rx,0,8,B9,00,00,00,00,00,00,00,
1459785966,000003CF,false,Rx,0,8,69,00,A3,A3,A3,A3,A3,A3,
1459843285,000003AF,false,Rx,0,8,B9,00,00,00,00,00,00,00,
1460289922,000003CF,false,Rx,0,8,69,00,A3,A3,A3,A3,A3,A3,
1460343326,000003AF,false,Rx,0,8,B9,00,00,00,00,00,00,00,
1460794028,000003CF,false,Rx,0,8,69,00,A3,A3,A3,A3,A3,A3,
1460843429,000003AF,false,Rx,0,8,B9,00,00,00,00,00,00,00,
1461297968,000003CF,false,Rx,0,8,69,00,A3,A3,A3,A3,A3,A3,
1461343593,000003AF,false,Rx,0,8,B9,00,00,00,00,00,00,00,
1461801953,000003CF,false,Rx,0,8,69,00,A3,A3,A3,A3,A3,A3,
1461843636,000003AF,false,Rx,0,8,B9,00,00,00,00,00,00,00,
1462305793,000003CF,false,Rx,0,8,69,00,A3,A3,A3,A3,A3,A3,
1462343872,000003AF,false,Rx,0,8,B9,00,00,00,00,00,00,00,
1462809715,000003CF,false,Rx,0,8,69,00,A3,A3,A3,A3,A3,A3,
1462844041,000003AF,false,Rx,0,8,B9,00,00,00,00,00,00,00,
1463313715,000003CF,false,Rx,0,8,69,00,A3,A3,A3,A3,A3,A3,
1463344132,000003AF,false,Rx,0,8,B9,00,00,00,00,00,00,00,
1463817788,000003CF,false,Rx,0,8,69,00,A3,A3,A3,A3,A3,A3,
1463844353,000003AF,false,Rx,0,8,B9,00,00,00,00,00,00,00,
1464322036,000003CF,false,Rx,0,8,69,00,A3,A3,A3,A3,A3,A3,
1464344415,000003AF,false,Rx,0,8,B9,00,00,00,00,00,00,00,
1464827069,000003CF,false,Rx,0,8,69,00,A3,A3,A3,A3,A3,A3,
1464844706,000003AF,false,Rx,0,8,B9,00,00,00,00,00,00,00,
1465329953,000003CF,false,Rx,0,8,69,00,A3,A3,A3,A3,A3,A3,
1465344752,000003AF,false,Rx,0,8,B9,00,00,00,00,00,00,00,
1465833677,000003CF,false,Rx,0,8,69,00,A3,A3,A3,A3,A3,A3,
1465844948,000003AF,false,Rx,0,8,B9,00,00,00,00,00,00,00,
1466338794,000003CF,false,Rx,0,8,69,00,A3,A3,A3,A3,A3,A3,
1466347599,000003AF,false,Rx,0,8,B9,00,00,00,00,00,00,00,
1466844416,000003CF,false,Rx,0,8,69,00,A3,A3,A3,A3,A3,A3,
1466845090,000003AF,false,Rx,0,8,B9,00,00,00,00,00,00,00,
1467345299,000003AF,false,Rx,0,8,B9,00,00,00,00,00,00,00,
1467345600,000003CF,false,Rx,0,8,69,00,A3,A3,A3,A3,A3,A3,
1467845622,000003AF,false,Rx,0,8,B9,00,00,00,00,00,00,00,
1467849351,000003CF,false,Rx,0,8,69,00,A3,A3,A3,A3,A3,A3,
1468345668,000003AF,false,Rx,0,8,B9,00,00,00,00,00,00,00,
1468353355,000003CF,false,Rx,0,8,69,00,A3,A3,A3,A3,A3,A3,
1468845841,000003AF,false,Rx,0,8,B9,00,00,00,00,00,00,00,
1468859803,000003CF,false,Rx,0,8,69,00,A3,A3,A3,A3,A3,A3,
1469345753,000003AF,false,Rx,0,8,B9,00,00,00,00,00,00,00,
1469361741,000003CF,false,Rx,0,8,69,00,A3,A3,A3,A3,A3,A3,
1469845896,000003AF,false,Rx,0,8,B9,00,00,00,00,00,00,00,
1469865150,000003CF,false,Rx,0,8,69,00,A3,A3,A3,A3,A3,A3,
1470346076,000003AF,false,Rx,0,8,B9,00,00,00,00,00,00,00,
1470369264,000003CF,false,Rx,0,8,69,00,A3,A3,A3,A3,A3,A3,
1470846327,000003AF,false,Rx,0,8,B9,00,00,00,00,00,00,00,
1470873188,000003CF,false,Rx,0,8,69,00,A3,A3,A3,A3,A3,A3,
1471346477,000003AF,false,Rx,0,8,B9,00,00,00,00,00,00,00,
1471377149,000003CF,false,Rx,0,8,69,00,A3,A3,A3,A3,A3,A3,
1471846636,000003AF,false,Rx,0,8,B9,00,00,00,00,00,00,00,
1471880986,000003CF,false,Rx,0,8,69,00,A3,A3,A3,A3,A3,A3,
1472346561,000003AF,false,Rx,0,8,B9,00,00,00,00,00,00,00,
1472385100,000003CF,false,Rx,0,8,69,00,A3,A3,A3,A3,A3,A3,
1472846831,000003AF,false,Rx,0,8,B9,00,00,00,00,00,00,00,
1472889081,000003CF,false,Rx,0,8,69,00,A3,A3,A3,A3,A3,A3,
1473346905,000003AF,false,Rx,0,8,B9,00,00,00,00,00,00,00,
1473393031,000003CF,false,Rx,0,8,69,00,A3,A3,A3,A3,A3,A3,
1473847140,000003AF,false,Rx,0,8,B9,00,00,00,00,00,00,00,
1473896868,000003CF,false,Rx,0,8,69,00,A3,A3,A3,A3,A3,A3,
1474347186,000003AF,false,Rx,0,8,B9,00,00,00,00,00,00,00,
1474400850,000003CF,false,Rx,0,8,69,00,A3,A3,A3,A3,A3,A3,
1474847310,000003AF,false,Rx,0,8,B9,00,00,00,00,00,00,00,
1474904938,000003CF,false,Rx,0,8,69,00,A3,A3,A3,A3,A3,A3,
1475347445,000003AF,false,Rx,0,8,B9,00,00,00,00,00,00,00,
1475408787,000003CF,false,Rx,0,8,69,00,A3,A3,A3,A3,A3,A3,
1475847674,000003AF,false,Rx,0,8,B9,00,00,00,00,00,00,00,
1475912649,000003CF,false,Rx,0,8,69,00,A3,A3,A3,A3,A3,A3,
1476347769,000003AF,false,Rx,0,8,B9,00,00,00,00,00,00,00,
1476416694,000003CF,false,Rx,0,8,69,00,A3,A3,A3,A3,A3,A3,
1476847933,000003AF,false,Rx,0,8,B9,00,00,00,00,00,00,00,
1476920635,000003CF,false,Rx,0,8,69,00,A3,A3,A3,A3,A3,A3,
1477348037,000003AF,false,Rx,0,8,B9,00,00,00,00,00,00,00,
1477424503,000003CF,false,Rx,0,8,69,00,A3,A3,A3,A3,A3,A3,
1477848276,000003AF,false,Rx,0,8,B9,00,00,00,00,00,00,00,
1477928589,000003CF,false,Rx,0,8,69,00,A3,A3,A3,A3,A3,A3,
1478348338,000003AF,false,Rx,0,8,B9,00,00,00,00,00,00,00,
1478432394,000003CF,false,Rx,0,8,69,00,A3,A3,A3,A3,A3,A3,
1478848454,000003AF,false,Rx,0,8,B9,00,00,00,00,00,00,00,
1478936356,000003CF,false,Rx,0,8,69,00,A3,A3,A3,A3,A3,A3,
1479348554,000003AF,false,Rx,0,8,B9,00,00,00,00,00,00,00,
1479440516,000003CF,false,Rx,0,8,69,00,A3,A3,A3,A3,A3,A3,
1479848600,000003AF,false,Rx,0,8,B9,00,00,00,00,00,00,00,
1479944288,000003CF,false,Rx,0,8,69,00,A3,A3,A3,A3,A3,A3,
1480348829,000003AF,false,Rx,0,8,B9,00,00,00,00,00,00,00,
1480448273,000003CF,false,Rx,0,8,69,00,A3,A3,A3,A3,A3,A3,
1480849055,000003AF,false,Rx,0,8,B9,00,00,00,00,00,00,00,
1480952327,000003CF,false,Rx,0,8,69,00,A3,A3,A3,A3,A3,A3,
1481349190,000003AF,false,Rx,0,8,B9,00,00,00,00,00,00,00,
1481456400,000003CF,false,Rx,0,8,69,00,A3,A3,A3,A3,A3,A3,
1481849252,000003AF,false,Rx,0,8,B9,00,00,00,00,00,00,00,
1481960214,000003CF,false,Rx,0,8,69,00,A3,A3,A3,A3,A3,A3,
1482349486,000003AF,false,Rx,0,8,B9,00,00,00,00,00,00,00,
1482464203,000003CF,false,Rx,0,8,69,00,A3,A3,A3,A3,A3,A3,
1482849570,000003AF,false,Rx,0,8,B9,00,00,00,00,00,00,00,
1482968117,000003CF,false,Rx,0,8,69,00,A3,A3,A3,A3,A3,A3,
1483349743,000003AF,false,Rx,0,8,B9,00,00,00,00,00,00,00,
1483472095,000003CF,false,Rx,0,8,69,00,A3,A3,A3,A3,A3,A3,
1483849733,000003AF,false,Rx,0,8,B9,00,00,00,00,00,00,00,
1483976049,000003CF,false,Rx,0,8,69,00,A3,A3,A3,A3,A3,A3,
1484349940,000003AF,false,Rx,0,8,B9,00,00,00,00,00,00,00,
1484479960,000003CF,false,Rx,0,8,69,00,A3,A3,A3,A3,A3,A3,
1484850152,000003AF,false,Rx,0,8,B9,00,00,00,00,00,00,00,
1484983939,000003CF,false,Rx,0,8,69,00,A3,A3,A3,A3,A3,A3,
1485350257,000003AF,false,Rx,0,8,B9,00,00,00,00,00,00,00,
1485487939,000003CF,false,Rx,0,8,69,00,A3,A3,A3,A3,A3,A3,
1485850427,000003AF,false,Rx,0,8,B9,00,00,00,00,00,00,00,
1485991843,000003CF,false,Rx,0,8,69,00,A3,A3,A3,A3,A3,A3,
1486350560,000003AF,false,Rx,0,8,B9,00,00,00,00,00,00,00,
1486495791,000003CF,false,Rx,0,8,69,00,A3,A3,A3,A3,A3,A3,
1486850645,000003AF,false,Rx,0,8,B9,00,00,00,00,00,00,00,
1486999764,000003CF,false,Rx,0,8,69,00,A3,A3,A3,A3,A3,A3,
1487350842,000003AF,false,Rx,0,8,B9,00,00,00,00,00,00,00,
1487503730,000003CF,false,Rx,0,8,69,00,A3,A3,A3,A3,A3,A3,
1487850990,000003AF,false,Rx,0,8,B9,00,00,00,00,00,00,00,
1488007633,000003CF,false,Rx,0,8,69,00,A3,A3,A3,A3,A3,A3,
1488350946,000003AF,false,Rx,0,8,B9,00,00,00,00,00,00,00,
1488511502,000003CF,false,Rx,0,8,69,00,A3,A3,A3,A3,A3,A3,
1488851201,000003AF,false,Rx,0,8,B9,00,00,00,00,00,00,00,
1489015635,000003CF,false,Rx,0,8,69,00,A3,A3,A3,A3,A3,A3,
1489351307,000003AF,false,Rx,0,8,B9,00,00,00,00,00,00,00,
1489519536,000003CF,false,Rx,0,8,69,00,A3,A3,A3,A3,A3,A3,
1489851489,000003AF,false,Rx,0,8,B9,00,00,00,00,00,00,00,
1490023528,000003CF,false,Rx,0,8,69,00,A3,A3,A3,A3,A3,A3,
1490351700,000003AF,false,Rx,0,8,B9,00,00,00,00,00,00,00,
1490527511,000003CF,false,Rx,0,8,69,00,A3,A3,A3,A3,A3,A3,
1490851759,000003AF,false,Rx,0,8,B9,00,00,00,00,00,00,00,
1491031432,000003CF,false,Rx,0,8,69,00,A3,A3,A3,A3,A3,A3,
1491351960,000003AF,false,Rx,0,8,B9,00,00,00,00,00,00,00,
1491535378,000003CF,false,Rx,0,8,69,00,A3,A3,A3,A3,A3,A3,
1491852030,000003AF,false,Rx,0,8,B9,00,00,00,00,00,00,00,
1492039188,000003CF,false,Rx,0,8,69,00,A3,A3,A3,A3,A3,A3,
1492352144,000003AF,false,Rx,0,8,B9,00,00,00,00,00,00,00,
1492543164,000003CF,false,Rx,0,8,69,00,A3,A3,A3,A3,A3,A3,
1492852370,000003AF,false,Rx,0,8,B9,00,00,00,00,00,00,00,
1493047236,000003CF,false,Rx,0,8,69,00,A3,A3,A3,A3,A3,A3,
1493352413,000003AF,false,Rx,0,8,B9,00,00,00,00,00,00,00,
1493551233,000003CF,false,Rx,0,8,69,00,A3,A3,A3,A3,A3,A3,
1493852588,000003AF,false,Rx,0,8,B9,00,00,00,00,00,00,00,
1494055019,000003CF,false,Rx,0,8,69,00,A3,A3,A3,A3,A3,A3,
1494352802,000003AF,false,Rx,0,8,B9,00,00,00,00,00,00,00,
1494559079,000003CF,false,Rx,0,8,69,00,A3,A3,A3,A3,A3,A3,
1494852733,000003AF,false,Rx,0,8,B9,00,00,00,00,00,00,00,
1495063048,000003CF,false,Rx,0,8,69,00,A3,A3,A3,A3,A3,A3,
1495352949,000003AF,false,Rx,0,8,B9,00,00,00,00,00,00,00,
1495567188,000003CF,false,Rx,0,8,69,00,A3,A3,A3,A3,A3,A3,
1495853204,000003AF,false,Rx,0,8,B9,00,00,00,00,00,00,00,
1496071065,000003CF,false,Rx,0,8,69,00,A3,A3,A3,A3,A3,A3,
1496353304,000003AF,false,Rx,0,8,B9,00,00,00,00,00,00,00,
1496575499,000003CF,false,Rx,0,8,69,00,A3,A3,A3,A3,A3,A3,
1496853524,000003AF,false,Rx,0,8,B9,00,00,00,00,00,00,00,
1497080798,000003CF,false,Rx,0,8,69,00,A3,A3,A3,A3,A3,A3,
1497353604,000003AF,false,Rx,0,8,B9,00,00,00,00,00,00,00,
1497582862,000003CF,false,Rx,0,8,69,00,A3,A3,A3,A3,A3,A3,
1497853853,000003AF,false,Rx,0,8,B9,00,00,00,00,00,00,00,
1498086920,000003CF,false,Rx,0,8,69,00,A3,A3,A3,A3,A3,A3,
1498356473,000003AF,false,Rx,0,8,B9,00,00,00,00,00,00,00,
1498592318,000003CF,false,Rx,0,8,69,00,A3,A3,A3,A3,A3,A3,
1498853958,000003AF,false,Rx,0,8,B9,00,00,00,00,00,00,00,
1499097560,000003CF,false,Rx,0,8,69,00,A3,A3,A3,A3,A3,A3,
1499354055,000003AF,false,Rx,0,8,B9,00,00,00,00,00,00,00,
1499598837,000003CF,false,Rx,0,8,69,00,A3,A3,A3,A3,A3,A3,
1499854287,000003AF,false,Rx,0,8,B9,00,00,00,00,00,00,00,
1500102645,000003CF,false,Rx,0,8,69,00,A3,A3,A3,A3,A3,A3,
1500354358,000003AF,false,Rx,0,8,B9,00,00,00,00,00,00,00,
1500606659,000003CF,false,Rx,0,8,69,00,A3,A3,A3,A3,A3,A3,
1500854456,000003AF,false,Rx,0,8,B9,00,00,00,00,00,00,00,
1501110393,000003CF,false,Rx,0,8,69,00,A3,A3,A3,A3,A3,A3,
1501354647,000003AF,false,Rx,0,8,B9,00,00,00,00,00,00,00,
1501614500,000003CF,false,Rx,0,8,69,00,A3,A3,A3,A3,A3,A3,
1501854796,000003AF,false,Rx,0,8,B9,00,00,00,00,00,00,00,
1502118558,000003CF,false,Rx,0,8,69,00,A3,A3,A3,A3,A3,A3,
1502354922,000003AF,false,Rx,0,8,B9,00,00,00,00,00,00,00,
1502622470,000003CF,false,Rx,0,8,69,00,A3,A3,A3,A3,A3,A3,
1502855070,000003AF,false,Rx,0,8,B9,00,00,00,00,00,00,00,
1503126289,000003CF,false,Rx,0,8,69,00,A3,A3,A3,A3,A3,A3,
1503355197,000003AF,false,Rx,0,8,B9,00,00,00,00,00,00,00,
1503630194,000003CF,false,Rx,0,8,69,00,A3,A3,A3,A3,A3,A3,
1503855381,000003AF,false,Rx,0,8,B9,00,00,00,00,00,00,00,
1504134225,000003CF,false,Rx,0,8,69,00,A3,A3,A3,A3,A3,A3,
1504355548,000003AF,false,Rx,0,8,B9,00,00,00,00,00,00,00,
1504638244,000003CF,false,Rx,0,8,69,00,A3,A3,A3,A3,A3,A3,
1504855544,000003AF,false,Rx,0,8,B9,00,00,00,00,00,00,00,
1505142141,000003CF,false,Rx,0,8,69,00,A3,A3,A3,A3,A3,A3,
1505355820,000003AF,false,Rx,0,8,B9,00,00,00,00,00,00,00,
1505646311,000003CF,false,Rx,0,8,69,00,A3,A3,A3,A3,A3,A3,
1505855905,000003AF,false,Rx,0,8,B9,00,00,00,00,00,00,00,
1506150055,000003CF,false,Rx,0,8,69,00,A3,A3,A3,A3,A3,A3,
1506355948,000003AF,false,Rx,0,8,B9,00,00,00,00,00,00,00,
1506653939,000003CF,false,Rx,0,8,69,00,A3,A3,A3,A3,A3,A3,
1506856218,000003AF,false,Rx,0,8,B9,00,00,00,00,00,00,00,
1507157862,000003CF,false,Rx,0,8,69,00,A3,A3,A3,A3,A3,A3,
1507356322,000003AF,false,Rx,0,8,B9,00,00,00,00,00,00,00,
1507662026,000003CF,false,Rx,0,8,69,00,A3,A3,A3,A3,A3,A3,
1507856472,000003AF,false,Rx,0,8,B9,00,00,00,00,00,00,00,
1508165814,000003CF,false,Rx,0,8,69,00,A3,A3,A3,A3,A3,A3,
1508356614,000003AF,false,Rx,0,8,B9,00,00,00,00,00,00,00,
1508669860,000003CF,false,Rx,0,8,69,00,A3,A3,A3,A3,A3,A3,
1508856800,000003AF,false,Rx,0,8,B9,00,00,00,00,00,00,00,
1509173803,000003CF,false,Rx,0,8,69,00,A3,A3,A3,A3,A3,A3,
1509356887,000003AF,false,Rx,0,8,B9,00,00,00,00,00,00,00,
1509677851,000003CF,false,Rx,0,8,69,00,A3,A3,A3,A3,A3,A3,
1509856888,000003AF,false,Rx,0,8,B9,00,00,00,00,00,00,00,
1510181780,000003CF,false,Rx,0,8,69,00,A3,A3,A3,A3,A3,A3,
1510357066,000003AF,false,Rx,0,8,B9,00,00,00,00,00,00,00,
1510685574,000003CF,false,Rx,0,8,69,00,A3,A3,A3,A3,A3,A3,
1510857228,000003AF,false,Rx,0,8,B9,00,00,00,00,00,00,00,
1511189671,000003CF,false,Rx,0,8,69,00,A3,A3,A3,A3,A3,A3,
1511357460,000003AF,false,Rx,0,8,B9,00,00,00,00,00,00,00,
1511693693,000003CF,false,Rx,0,8,69,00,A3,A3,A3,A3,A3,A3,
1511857554,000003AF,false,Rx,0,8,B9,00,00,00,00,00,00,00,
1512197697,000003CF,false,Rx,0,8,69,00,A3,A3,A3,A3,A3,A3,
1512357645,000003AF,false,Rx,0,8,B9,00,00,00,00,00,00,00,
1512701589,000003CF,false,Rx,0,8,69,00,A3,A3,A3,A3,A3,A3,
1512857757,000003AF,false,Rx,0,8,B9,00,00,00,00,00,00,00,
1513205339,000003CF,false,Rx,0,8,69,00,A3,A3,A3,A3,A3,A3,
1513357864,000003AF,false,Rx,0,8,B9,00,00,00,00,00,00,00,
1513709410,000003CF,false,Rx,0,8,69,00,A3,A3,A3,A3,A3,A3,
1513858042,000003AF,false,Rx,0,8,B9,00,00,00,00,00,00,00,
1514213347,000003CF,false,Rx,0,8,69,00,A3,A3,A3,A3,A3,A3,
1514358234,000003AF,false,Rx,0,8,B9,00,00,00,00,00,00,00,
1514717257,000003CF,false,Rx,0,8,69,00,A3,A3,A3,A3,A3,A3,
1514858371,000003AF,false,Rx,0,8,B9,00,00,00,00,00,00,00,
1515221241,000003CF,false,Rx,0,8,69,00,A3,A3,A3,A3,A3,A3,
1515358467,000003AF,false,Rx,0,8,B9,00,00,00,00,00,00,00,
1515725368,000003CF,false,Rx,0,8,69,00,A3,A3,A3,A3,A3,A3,
1515858568,000003AF,false,Rx,0,8,B9,00,00,00,00,00,00,00,
1516229202,000003CF,false,Rx,0,8,69,00,A3,A3,A3,A3,A3,A3,
1516358797,000003AF,false,Rx,0,8,B9,00,00,00,00,00,00,00,
1516733232,000003CF,false,Rx,0,8,69,00,A3,A3,A3,A3,A3,A3,
1516858789,000003AF,false,Rx,0,8,B9,00,00,00,00,00,00,00,
1517237190,000003CF,false,Rx,0,8,69,00,A3,A3,A3,A3,A3,A3,
1517359093,000003AF,false,Rx,0,8,B9,00,00,00,00,00,00,00,
1517741240,000003CF,false,Rx,0,8,69,00,A3,A3,A3,A3,A3,A3,
1517859107,000003AF,false,Rx,0,8,B9,00,00,00,00,00,00,00,
1518245058,000003CF,false,Rx,0,8,69,00,A3,A3,A3,A3,A3,A3,
1518359284,000003AF,false,Rx,0,8,B9,00,00,00,00,00,00,00,
1518748961,000003CF,false,Rx,0,8,69,00,A3,A3,A3,A3,A3,A3,
1518859411,000003AF,false,Rx,0,8,B9,00,00,00,00,00,00,00,
1519253047,000003CF,false,Rx,0,8,69,00,A3,A3,A3,A3,A3,A3,
1519359633,000003AF,false,Rx,0,8,B9,00,00,00,00,00,00,00,
1519756928,000003CF,false,Rx,0,8,69,00,A3,A3,A3,A3,A3,A3,
1519859606,000003AF,false,Rx,0,8,B9,00,00,00,00,00,00,00,
1520260826,000003CF,false,Rx,0,8,69,00,A3,A3,A3,A3,A3,A3,
1520359823,000003AF,false,Rx,0,8,B9,00,00,00,00,00,00,00,
1520764804,000003CF,false,Rx,0,8,69,00,A3,A3,A3,A3,A3,A3,
1520860024,000003AF,false,Rx,0,8,B9,00,00,00,00,00,00,00,
1521268738,000003CF,false,Rx,0,8,69,00,A3,A3,A3,A3,A3,A3,
1521360092,000003AF,false,Rx,0,8,B9,00,00,00,00,00,00,00,
1521772878,000003CF,false,Rx,0,8,69,00,A3,A3,A3,A3,A3,A3,
1521860195,000003AF,false,Rx,0,8,B9,00,00,00,00,00,00,00,
1522276716,000003CF,false,Rx,0,8,69,00,A3,A3,A3,A3,A3,A3,
1522360520,000003AF,false,Rx,0,8,B9,00,00,00,00,00,00,00,
1522780655,000003CF,false,Rx,0,8,69,00,A3,A3,A3,A3,A3,A3,
1522860591,000003AF,false,Rx,0,8,B9,00,00,00,00,00,00,00,
1523284639,000003CF,false,Rx,0,8,69,00,A3,A3,A3,A3,A3,A3,
1523360590,000003AF,false,Rx,0,8,B9,00,00,00,00,00,00,00,
1523788575,000003CF,false,Rx,0,8,69,00,A3,A3,A3,A3,A3,A3,
1523860796,000003AF,false,Rx,0,8,B9,00,00,00,00,00,00,00,
1524292632,000003CF,false,Rx,0,8,69,00,A3,A3,A3,A3,A3,A3,
1524360991,000003AF,false,Rx,0,8,B9,00,00,00,00,00,00,00,
1524796493,000003CF,false,Rx,0,8,69,00,A3,A3,A3,A3,A3,A3,
1524861094,000003AF,false,Rx,0,8,B9,00,00,00,00,00,00,00,
1525300414,000003CF,false,Rx,0,8,69,00,A3,A3,A3,A3,A3,A3,
1525361281,000003AF,false,Rx,0,8,B9,00,00,00,00,00,00,00,
1525804385,000003CF,false,Rx,0,8,69,00,A3,A3,A3,A3,A3,A3,
1525861324,000003AF,false,Rx,0,8,B9,00,00,00,00,00,00,00,
1526308377,000003CF,false,Rx,0,8,69,00,A3,A3,A3,A3,A3,A3,
1526361473,000003AF,false,Rx,0,8,B9,00,00,00,00,00,00,00,
1526812175,000003CF,false,Rx,0,8,69,00,A3,A3,A3,A3,A3,A3,
1526861639,000003AF,false,Rx,0,8,B9,00,00,00,00,00,00,00,
1527316198,000003CF,false,Rx,0,8,69,00,A3,A3,A3,A3,A3,A3,
1527361739,000003AF,false,Rx,0,8,B9,00,00,00,00,00,00,00,
1527820207,000003CF,false,Rx,0,8,69,00,A3,A3,A3,A3,A3,A3,
1527861953,000003AF,false,Rx,0,8,B9,00,00,00,00,00,00,00,
1528324302,000003CF,false,Rx,0,8,69,00,A3,A3,A3,A3,A3,A3,
1528362081,000003AF,false,Rx,0,8,B9,00,00,00,00,00,00,00,
1528828402,000003CF,false,Rx,0,8,69,00,A3,A3,A3,A3,A3,A3,
1528862143,000003AF,false,Rx,0,8,B9,00,00,00,00,00,00,00,
1529333570,000003CF,false,Rx,0,8,69,00,A3,A3,A3,A3,A3,A3,
1529362288,000003AF,false,Rx,0,8,B9,00,00,00,00,00,00,00,
1529836044,000003CF,false,Rx,0,8,69,00,A3,A3,A3,A3,A3,A3,
1529862514,000003AF,false,Rx,0,8,B9,00,00,00,00,00,00,00,
1530340681,000003CF,false,Rx,0,8,69,00,A3,A3,A3,A3,A3,A3,
1530362575,000003AF,false,Rx,0,8,B9,00,00,00,00,00,00,00,
1530845525,000003CF,false,Rx,0,8,69,00,A3,A3,A3,A3,A3,A3,
1530862721,000003AF,false,Rx,0,8,B9,00,00,00,00,00,00,00,
1531351072,000003CF,false,Rx,0,8,69,00,A3,A3,A3,A3,A3,A3,
1531362751,000003AF,false,Rx,0,8,B9,00,00,00,00,00,00,00,
1531851995,000003CF,false,Rx,0,8,69,00,A3,A3,A3,A3,A3,A3,
1531863061,000003AF,false,Rx,0,8,B9,00,00,00,00,00,00,00,
1532355885,000003CF,false,Rx,0,8,69,00,A3,A3,A3,A3,A3,A3,
1532363063,000003AF,false,Rx,0,8,B9,00,00,00,00,00,00,00,
1532859743,000003CF,false,Rx,0,8,69,00,A3,A3,A3,A3,A3,A3,
1532863323,000003AF,false,Rx,0,8,B9,00,00,00,00,00,00,00,
1533363464,000003AF,false,Rx,0,8,B9,00,00,00,00,00,00,00,
1533363765,000003CF,false,Rx,0,8,69,00,A3,A3,A3,A3,A3,A3,
1533863677,000003AF,false,Rx,0,8,B9,00,00,00,00,00,00,00,
1533867560,000003CF,false,Rx,0,8,69,00,A3,A3,A3,A3,A3,A3,
1534363628,000003AF,false,Rx,0,8,B9,00,00,00,00,00,00,00,
1534371515,000003CF,false,Rx,0,8,69,00,A3,A3,A3,A3,A3,A3,
1534863910,000003AF,false,Rx,0,8,B9,00,00,00,00,00,00,00,
1534875586,000003CF,false,Rx,0,8,69,00,A3,A3,A3,A3,A3,A3,
1535363964,000003AF,false,Rx,0,8,B9,00,00,00,00,00,00,00,
1535379437,000003CF,false,Rx,0,8,69,00,A3,A3,A3,A3,A3,A3,
1535864266,000003AF,false,Rx,0,8,B9,00,00,00,00,00,00,00,
1535883435,000003CF,false,Rx,0,8,69,00,A3,A3,A3,A3,A3,A3,
1536364193,000003AF,false,Rx,0,8,B9,00,00,00,00,00,00,00,
1536387463,000003CF,false,Rx,0,8,69,00,A3,A3,A3,A3,A3,A3,
1536864468,000003AF,false,Rx,0,8,B9,00,00,00,00,00,00,00,
1536891475,000003CF,false,Rx,0,8,69,00,A3,A3,A3,A3,A3,A3,
1537364520,000003AF,false,Rx,0,8,B9,00,00,00,00,00,00,00,
1537395430,000003CF,false,Rx,0,8,69,00,A3,A3,A3,A3,A3,A3,
1537864768,000003AF,false,Rx,0,8,B9,00,00,00,00,00,00,00,
1537899492,000003CF,false,Rx,0,8,69,00,A3,A3,A3,A3,A3,A3,
1538364801,000003AF,false,Rx,0,8,B9,00,00,00,00,00,00,00,
1538403257,000003CF,false,Rx,0,8,69,00,A3,A3,A3,A3,A3,A3,
1538864953,000003AF,false,Rx,0,8,B9,00,00,00,00,00,00,00,
1538907247,000003CF,false,Rx,0,8,69,00,A3,A3,A3,A3,A3,A3,
1539365049,000003AF,false,Rx,0,8,B9,00,00,00,00,00,00,00,
1539411168,000003CF,false,Rx,0,8,69,00,A3,A3,A3,A3,A3,A3,
1539865218,000003AF,false,Rx,0,8,B9,00,00,00,00,00,00,00,
1539915115,000003CF,false,Rx,0,8,69,00,A3,A3,A3,A3,A3,A3,
1540365353,000003AF,false,Rx,0,8,B9,00,00,00,00,00,00,00,
1540419040,000003CF,false,Rx,0,8,69,00,A3,A3,A3,A3,A3,A3,
1540865473,000003AF,false,Rx,0,8,B9,00,00,00,00,00,00,00,
1540922963,000003CF,false,Rx,0,8,69,00,A3,A3,A3,A3,A3,A3,
1541365593,000003AF,false,Rx,0,8,B9,00,00,00,00,00,00,00,
1541427137,000003CF,false,Rx,0,8,69,00,A3,A3,A3,A3,A3,A3,
1541865841,000003AF,false,Rx,0,8,B9,00,00,00,00,00,00,00,
1541931000,000003CF,false,Rx,0,8,69,00,A3,A3,A3,A3,A3,A3,
1542365919,000003AF,false,Rx,0,8,B9,00,00,00,00,00,00,00,
1542435135,000003CF,false,Rx,0,8,69,00,A3,A3,A3,A3,A3,A3,
1542866025,000003AF,false,Rx,0,8,B9,00,00,00,00,00,00,00,
1542938799,000003CF,false,Rx,0,8,69,00,A3,A3,A3,A3,A3,A3,
1543366228,000003AF,false,Rx,0,8,B9,00,00,00,00,00,00,00,
1543442943,000003CF,false,Rx,0,8,69,00,A3,A3,A3,A3,A3,A3,
1543866329,000003AF,false,Rx,0,8,B9,00,00,00,00,00,00,00,
1543946708,000003CF,false,Rx,0,8,69,00,A3,A3,A3,A3,A3,A3,
1544366416,000003AF,false,Rx,0,8,B9,00,00,00,00,00,00,00,
1544450743,000003CF,false,Rx,0,8,69,00,A3,A3,A3,A3,A3,A3,
1544866623,000003AF,false,Rx,0,8,B9,00,00,00,00,00,00,00,
1544954616,000003CF,false,Rx,0,8,69,00,A3,A3,A3,A3,A3,A3,
1545366597,000003AF,false,Rx,0,8,B9,00,00,00,00,00,00,00,
1545458600,000003CF,false,Rx,0,8,69,00,A3,A3,A3,A3,A3,A3,
1545866893,000003AF,false,Rx,0,8,B9,00,00,00,00,00,00,00,
1545962673,000003CF,false,Rx,0,8,69,00,A3,A3,A3,A3,A3,A3,
1546367036,000003AF,false,Rx,0,8,B9,00,00,00,00,00,00,00,
1546466711,000003CF,false,Rx,0,8,69,00,A3,A3,A3,A3,A3,A3,
1546867162,000003AF,false,Rx,0,8,B9,00,00,00,00,00,00,00,
1546970586,000003CF,false,Rx,0,8,69,00,A3,A3,A3,A3,A3,A3,
1547367310,000003AF,false,Rx,0,8,B9,00,00,00,00,00,00,00,
1547474525,000003CF,false,Rx,0,8,69,00,A3,A3,A3,A3,A3,A3,
1547867357,000003AF,false,Rx,0,8,B9,00,00,00,00,00,00,00,
1547978453,000003CF,false,Rx,0,8,69,00,A3,A3,A3,A3,A3,A3,
1548367577,000003AF,false,Rx,0,8,B9,00,00,00,00,00,00,00,
1548482484,000003CF,false,Rx,0,8,69,00,A3,A3,A3,A3,A3,A3,
1548867699,000003AF,false,Rx,0,8,B9,00,00,00,00,00,00,00,
1548986415,000003CF,false,Rx,0,8,69,00,A3,A3,A3,A3,A3,A3,
1549367812,000003AF,false,Rx,0,8,B9,00,00,00,00,00,00,00,
1549490332,000003CF,false,Rx,0,8,69,00,A3,A3,A3,A3,A3,A3,
1549867909,000003AF,false,Rx,0,8,B9,00,00,00,00,00,00,00,
1549994248,000003CF,false,Rx,0,8,69,00,A3,A3,A3,A3,A3,A3,
1550368098,000003AF,false,Rx,0,8,B9,00,00,00,00,00,00,00,
1550498207,000003CF,false,Rx,0,8,69,00,A3,A3,A3,A3,A3,A3,
1550868337,000003AF,false,Rx,0,8,B9,00,00,00,00,00,00,00,
1551002289,000003CF,false,Rx,0,8,69,00,A3,A3,A3,A3,A3,A3,
1551368379,000003AF,false,Rx,0,8,B9,00,00,00,00,00,00,00,
1551506203,000003CF,false,Rx,0,8,69,00,A3,A3,A3,A3,A3,A3,
1551868554,000003AF,false,Rx,0,8,B9,00,00,00,00,00,00,00,
1552010084,000003CF,false,Rx,0,8,69,00,A3,A3,A3,A3,A3,A3,
1552368600,000003AF,false,Rx,0,8,B9,00,00,00,00,00,00,00,
1552514055,000003CF,false,Rx,0,8,69,00,A3,A3,A3,A3,A3,A3,
1552868782,000003AF,false,Rx,0,8,B9,00,00,00,00,00,00,00,
1553017975,000003CF,false,Rx,0,8,69,00,A3,A3,A3,A3,A3,A3,
1553368981,000003AF,false,Rx,0,8,B9,00,00,00,00,00,00,00,
1553521950,000003CF,false,Rx,0,8,69,00,A3,A3,A3,A3,A3,A3,
1553869025,000003AF,false,Rx,0,8,B9,00,00,00,00,00,00,00,
1554025833,000003CF,false,Rx,0,8,69,00,A3,A3,A3,A3,A3,A3,
1554369231,000003AF,false,Rx,0,8,B9,00,00,00,00,00,00,00,
1554530029,000003CF,false,Rx,0,8,69,00,A3,A3,A3,A3,A3,A3,
1554869405,000003AF,false,Rx,0,8,B9,00,00,00,00,00,00,00,
1555033908,000003CF,false,Rx,0,8,69,00,A3,A3,A3,A3,A3,A3,
1555369412,000003AF,false,Rx,0,8,B9,00,00,00,00,00,00,00,
1555537976,000003CF,false,Rx,0,8,69,00,A3,A3,A3,A3,A3,A3,
1555869690,000003AF,false,Rx,0,8,B9,00,00,00,00,00,00,00,
1556041933,000003CF,false,Rx,0,8,69,00,A3,A3,A3,A3,A3,A3,
1556369870,000003AF,false,Rx,0,8,B9,00,00,00,00,00,00,00,
1556545755,000003CF,false,Rx,0,8,69,00,A3,A3,A3,A3,A3,A3,
1556869968,000003AF,false,Rx,0,8,B9,00,00,00,00,00,00,00,
1557049678,000003CF,false,Rx,0,8,69,00,A3,A3,A3,A3,A3,A3,
1557370036,000003AF,false,Rx,0,8,B9,00,00,00,00,00,00,00,
1557553708,000003CF,false,Rx,0,8,69,00,A3,A3,A3,A3,A3,A3,
1557870176,000003AF,false,Rx,0,8,B9,00,00,00,00,00,00,00,
1558057440,000003CF,false,Rx,0,8,69,00,A3,A3,A3,A3,A3,A3,
1558370427,000003AF,false,Rx,0,8,B9,00,00,00,00,00,00,00,
1558561692,000003CF,false,Rx,0,8,69,00,A3,A3,A3,A3,A3,A3,
1558870398,000003AF,false,Rx,0,8,B9,00,00,00,00,00,00,00,
1559065566,000003CF,false,Rx,0,8,69,00,A3,A3,A3,A3,A3,A3,
1559370593,000003AF,false,Rx,0,8,B9,00,00,00,00,00,00,00,
1559570276,000003CF,false,Rx,0,8,69,00,A3,A3,A3,A3,A3,A3,
1559870621,000003AF,false,Rx,0,8,B9,00,00,00,00,00,00,00,
1560073412,000003CF,false,Rx,0,8,69,00,A3,A3,A3,A3,A3,A3,
1560370863,000003AF,false,Rx,0,8,B9,00,00,00,00,00,00,00,
1560577561,000003CF,false,Rx,0,8,69,00,A3,A3,A3,A3,A3,A3,
1560870983,000003AF,false,Rx,0,8,B9,00,00,00,00,00,00,00,
1561081570,000003CF,false,Rx,0,8,69,00,A3,A3,A3,A3,A3,A3,
1561371107,000003AF,false,Rx,0,8,B9,00,00,00,00,00,00,00,
1561586987,000003CF,false,Rx,0,8,69,00,A3,A3,A3,A3,A3,A3,
1561871359,000003AF,false,Rx,0,8,B9,00,00,00,00,00,00,00,
1562089213,000003CF,false,Rx,0,8,69,00,A3,A3,A3,A3,A3,A3,
1562371426,000003AF,false,Rx,0,8,B9,00,00,00,00,00,00,00,
1562593150,000003CF,false,Rx,0,8,69,00,A3,A3,A3,A3,A3,A3,
1562871521,000003AF,false,Rx,0,8,B9,00,00,00,00,00,00,00,
1563098334,000003CF,false,Rx,0,8,69,00,A3,A3,A3,A3,A3,A3,
1563371599,000003AF,false,Rx,0,8,B9,00,00,00,00,00,00,00,
1563603864,000003CF,false,Rx,0,8,69,00,A3,A3,A3,A3,A3,A3,
1563871925,000003AF,false,Rx,0,8,B9,00,00,00,00,00,00,00,
1564105316,000003CF,false,Rx,0,8,69,00,A3,A3,A3,A3,A3,A3,
1564372063,000003AF,false,Rx,0,8,B9,00,00,00,00,00,00,00,
1564609089,000003CF,false,Rx,0,8,69,00,A3,A3,A3,A3,A3,A3,
1564872128,000003AF,false,Rx,0,8,B9,00,00,00,00,00,00,00,
1565112929,000003CF,false,Rx,0,8,69,00,A3,A3,A3,A3,A3,A3,
1565372299,000003AF,false,Rx,0,8,B9,00,00,00,00,00,00,00,
1565616961,000003CF,false,Rx,0,8,69,00,A3,A3,A3,A3,A3,A3,
1565872362,000003AF,false,Rx,0,8,B9,00,00,00,00,00,00,00,
1566120770,000003CF,false,Rx,0,8,69,00,A3,A3,A3,A3,A3,A3,
1566372535,000003AF,false,Rx,0,8,B9,00,00,00,00,00,00,00,
1566624880,000003CF,false,Rx,0,8,69,00,A3,A3,A3,A3,A3,A3,
1566872724,000003AF,false,Rx,0,8,B9,00,00,00,00,00,00,00,
1567128834,000003CF,false,Rx,0,8,69,00,A3,A3,A3,A3,A3,A3,
1567372814,000003AF,false,Rx,0,8,B9,00,00,00,00,00,00,00,
1567632812,000003CF,false,Rx,0,8,69,00,A3,A3,A3,A3,A3,A3,
1567872925,000003AF,false,Rx,0,8,B9,00,00,00,00,00,00,00,
1568136766,000003CF,false,Rx,0,8,69,00,A3,A3,A3,A3,A3,A3,
1568373030,000003AF,false,Rx,0,8,B9,00,00,00,00,00,00,00,
1568640663,000003CF,false,Rx,0,8,69,00,A3,A3,A3,A3,A3,A3,
1568873197,000003AF,false,Rx,0,8,B9,00,00,00,00,00,00,00,
1569144623,000003CF,false,Rx,0,8,69,00,A3,A3,A3,A3,A3,A3,
1569373208,000003AF,false,Rx,0,8,B9,00,00,00,00,00,00,00,
1569648759,000003CF,false,Rx,0,8,69,00,A3,A3,A3,A3,A3,A3,
1569873544,000003AF,false,Rx,0,8,B9,00,00,00,00,00,00,00,
1570152391,000003CF,false,Rx,0,8,69,00,A3,A3,A3,A3,A3,A3,
1570373710,000003AF,false,Rx,0,8,B9,00,00,00,00,00,00,00,
1570656485,000003CF,false,Rx,0,8,69,00,A3,A3,A3,A3,A3,A3,
1570873770,000003AF,false,Rx,0,8,B9,00,00,00,00,00,00,00,
1571160487,000003CF,false,Rx,0,8,69,00,A3,A3,A3,A3,A3,A3,
1571373791,000003AF,false,Rx,0,8,B9,00,00,00,00,00,00,00,
1571664408,000003CF,false,Rx,0,8,69,00,A3,A3,A3,A3,A3,A3,
1571873912,000003AF,false,Rx,0,8,B9,00,00,00,00,00,00,00,
1572168445,000003CF,false,Rx,0,8,69,00,A3,A3,A3,A3,A3,A3,
1572374222,000003AF,false,Rx,0,8,B9,00,00,00,00,00,00,00,
1572672383,000003CF,false,Rx,0,8,69,00,A3,A3,A3,A3,A3,A3,
1572874307,000003AF,false,Rx,0,8,B9,00,00,00,00,00,00,00,
1573176185,000003CF,false,Rx,0,8,69,00,A3,A3,A3,A3,A3,A3,
1573374478,000003AF,false,Rx,0,8,B9,00,00,00,00,00,00,00,
1573680187,000003CF,false,Rx,0,8,69,00,A3,A3,A3,A3,A3,A3,
1573874611,000003AF,false,Rx,0,8,B9,00,00,00,00,00,00,00,
1574184123,000003CF,false,Rx,0,8,69,00,A3,A3,A3,A3,A3,A3,
1574374832,000003AF,false,Rx,0,8,B9,00,00,00,00,00,00,00,
1574688226,000003CF,false,Rx,0,8,69,00,A3,A3,A3,A3,A3,A3,
1574874762,000003AF,false,Rx,0,8,B9,00,00,00,00,00,00,00,
1575192075,000003CF,false,Rx,0,8,69,00,A3,A3,A3,A3,A3,A3,
1575375056,000003AF,false,Rx,0,8,B9,00,00,00,00,00,00,00,
1575696122,000003CF,false,Rx,0,8,69,00,A3,A3,A3,A3,A3,A3,
1575875210,000003AF,false,Rx,0,8,B9,00,00,00,00,00,00,00,
1576199912,000003CF,false,Rx,0,8,69,00,A3,A3,A3,A3,A3,A3,
1576375294,000003AF,false,Rx,0,8,B9,00,00,00,00,00,00,00,
1576703975,000003CF,false,Rx,0,8,69,00,A3,A3,A3,A3,A3,A3,
1576875489,000003AF,false,Rx,0,8,B9,00,00,00,00,00,00,00,
1577207913,000003CF,false,Rx,0,8,69,00,A3,A3,A3,A3,A3,A3,
1577375575,000003AF,false,Rx,0,8,B9,00,00,00,00,00,00,00,
1577711893,000003CF,false,Rx,0,8,69,00,A3,A3,A3,A3,A3,A3,
1577875605,000003AF,false,Rx,0,8,B9,00,00,00,00,00,00,00,
1578215742,000003CF,false,Rx,0,8,69,00,A3,A3,A3,A3,A3,A3,
1578375851,000003AF,false,Rx,0,8,B9,00,00,00,00,00,00,00,
1578719795,000003CF,false,Rx,0,8,69,00,A3,A3,A3,A3,A3,A3,
1578875941,000003AF,false,Rx,0,8,B9,00,00,00,00,00,00,00,
1579223761,000003CF,false,Rx,0,8,69,00,A3,A3,A3,A3,A3,A3,
1579376095,000003AF,false,Rx,0,8,B9,00,00,00,00,00,00,00,
1579727714,000003CF,false,Rx,0,8,69,00,A3,A3,A3,A3,A3,A3,
1579876235,000003AF,false,Rx,0,8,B9,00,00,00,00,00,00,00,
1580231679,000003CF,false,Rx,0,8,69,00,A3,A3,A3,A3,A3,A3,
1580376315,000003AF,false,Rx,0,8,B9,00,00,00,00,00,00,00,
1580735672,000003CF,false,Rx,0,8,69,00,A3,A3,A3,A3,A3,A3,
1580876570,000003AF,false,Rx,0,8,B9,00,00,00,00,00,00,00,
1581239588,000003CF,false,Rx,0,8,69,00,A3,A3,A3,A3,A3,A3,
1581376613,000003AF,false,Rx,0,8,B9,00,00,00,00,00,00,00,
1581743502,000003CF,false,Rx,0,8,69,00,A3,A3,A3,A3,A3,A3,
1581876764,000003AF,false,Rx,0,8,B9,00,00,00,00,00,00,00,
1582247463,000003CF,false,Rx,0,8,69,00,A3,A3,A3,A3,A3,A3,
1582376834,000003AF,false,Rx,0,8,B9,00,00,00,00,00,00,00,
1582751415,000003CF,false,Rx,0,8,69,00,A3,A3,A3,A3,A3,A3,
1582876959,000003AF,false,Rx,0,8,B9,00,00,00,00,00,00,00,
1583255388,000003CF,false,Rx,0,8,69,00,A3,A3,A3,A3,A3,A3,
1583377271,000003AF,false,Rx,0,8,B9,00,00,00,00,00,00,00,
1583759511,000003CF,false,Rx,0,8,69,00,A3,A3,A3,A3,A3,A3,
1583877402,000003AF,false,Rx,0,8,B9,00,00,00,00,00,00,00,
1584263242,000003CF,false,Rx,0,8,69,00,A3,A3,A3,A3,A3,A3,
1584377462,000003AF,false,Rx,0,8,B9,00,00,00,00,00,00,00,
1584767355,000003CF,false,Rx,0,8,69,00,A3,A3,A3,A3,A3,A3,
1584877668,000003AF,false,Rx,0,8,B9,00,00,00,00,00,00,00,
1585271225,000003CF,false,Rx,0,8,69,00,A3,A3,A3,A3,A3,A3,
1585377829,000003AF,false,Rx,0,8,B9,00,00,00,00,00,00,00,
1585775244,000003CF,false,Rx,0,8,69,00,A3,A3,A3,A3,A3,A3,
1585877887,000003AF,false,Rx,0,8,B9,00,00,00,00,00,00,00,
1586279272,000003CF,false,Rx,0,8,69,00,A3,A3,A3,A3,A3,A3,
1586378078,000003AF,false,Rx,0,8,B9,00,00,00,00,00,00,00,
1586782978,000003CF,false,Rx,0,8,69,00,A3,A3,A3,A3,A3,A3,
1586878111,000003AF,false,Rx,0,8,B9,00,00,00,00,00,00,00,
1587287122,000003CF,false,Rx,0,8,69,00,A3,A3,A3,A3,A3,A3,
1587378322,000003AF,false,Rx,0,8,B9,00,00,00,00,00,00,00,
1587791022,000003CF,false,Rx,0,8,69,00,A3,A3,A3,A3,A3,A3,
1587878474,000003AF,false,Rx,0,8,B9,00,00,00,00,00,00,00,
1588295003,000003CF,false,Rx,0,8,69,00,A3,A3,A3,A3,A3,A3,
1588378592,000003AF,false,Rx,0,8,B9,00,00,00,00,00,00,00,
1588798922,000003CF,false,Rx,0,8,69,00,A3,A3,A3,A3,A3,A3,
1588878805,000003AF,false,Rx,0,8,B9,00,00,00,00,00,00,00,
1589302902,000003CF,false,Rx,0,8,69,00,A3,A3,A3,A3,A3,A3,
1589378867,000003AF,false,Rx,0,8,B9,00,00,00,00,00,00,00,
1589806940,000003CF,false,Rx,0,8,69,00,A3,A3,A3,A3,A3,A3,
1589878981,000003AF,false,Rx,0,8,B9,00,00,00,00,00,00,00,
1590310824,000003CF,false,Rx,0,8,69,00,A3,A3,A3,A3,A3,A3,
1590379239,000003AF,false,Rx,0,8,B9,00,00,00,00,00,00,00,
1590814855,000003CF,false,Rx,0,8,69,00,A3,A3,A3,A3,A3,A3,
1590879234,000003AF,false,Rx,0,8,B9,00,00,00,00,00,00,00,
1591318717,000003CF,false,Rx,0,8,69,00,A3,A3,A3,A3,A3,A3,
1591379471,000003AF,false,Rx,0,8,B9,00,00,00,00,00,00,00,
1591822595,000003CF,false,Rx,0,8,69,00,A3,A3,A3,A3,A3,A3,
1591879554,000003AF,false,Rx,0,8,B9,00,00,00,00,00,00,00,
1592326596,000003CF,false,Rx,0,8,69,00,A3,A3,A3,A3,A3,A3,
1592379621,000003AF,false,Rx,0,8,B9,00,00,00,00,00,00,00,
1592830677,000003CF,false,Rx,0,8,69,00,A3,A3,A3,A3,A3,A3,
1592879885,000003AF,false,Rx,0,8,B9,00,00,00,00,00,00,00,
1593334631,000003CF,false,Rx,0,8,69,00,A3,A3,A3,A3,A3,A3,
1593379916,000003AF,false,Rx,0,8,B9,00,00,00,00,00,00,00,
1593840192,000003CF,false,Rx,0,8,69,00,A3,A3,A3,A3,A3,A3,
1593880109,000003AF,false,Rx,0,8,B9,00,00,00,00,00,00,00,
1594342458,000003CF,false,Rx,0,8,69,00,A3,A3,A3,A3,A3,A3,
1594380139,000003AF,false,Rx,0,8,B9,00,00,00,00,00,00,00,
1594846652,000003CF,false,Rx,0,8,69,00,A3,A3,A3,A3,A3,A3,
1594880402,000003AF,false,Rx,0,8,B9,00,00,00,00,00,00,00,
1595352462,000003CF,false,Rx,0,8,69,00,A3,A3,A3,A3,A3,A3,
1595380476,000003AF,false,Rx,0,8,B9,00,00,00,00,00,00,00,
1595858294,000003CF,false,Rx,0,8,69,00,A3,A3,A3,A3,A3,A3,
1595880527,000003AF,false,Rx,0,8,B9,00,00,00,00,00,00,00,
1596358314,000003CF,false,Rx,0,8,69,00,A3,A3,A3,A3,A3,A3,
1596383082,000003AF,false,Rx,0,8,B9,00,00,00,00,00,00,00,
1596862263,000003CF,false,Rx,0,8,69,00,A3,A3,A3,A3,A3,A3,
1596880813,000003AF,false,Rx,0,8,B9,00,00,00,00,00,00,00,
1597366218,000003CF,false,Rx,0,8,69,00,A3,A3,A3,A3,A3,A3,
1597381099,000003AF,false,Rx,0,8,B9,00,00,00,00,00,00,00,
1597870122,000003CF,false,Rx,0,8,69,00,A3,A3,A3,A3,A3,A3,
1597881163,000003AF,false,Rx,0,8,B9,00,00,00,00,00,00,00,
1598374108,000003CF,false,Rx,0,8,69,00,A3,A3,A3,A3,A3,A3,
1598381299,000003AF,false,Rx,0,8,B9,00,00,00,00,00,00,00,
1598877954,000003CF,false,Rx,0,8,69,00,A3,A3,A3,A3,A3,A3,
1598881516,000003AF,false,Rx,0,8,B9,00,00,00,00,00,00,00,
1599381720,000003AF,false,Rx,0,8,B9,00,00,00,00,00,00,00,
1599382014,000003CF,false,Rx,0,8,69,00,A3,A3,A3,A3,A3,A3,
1599881819,000003AF,false,Rx,0,8,B9,00,00,00,00,00,00,00,
1599885995,000003CF,false,Rx,0,8,69,00,A3,A3,A3,A3,A3,A3,
1600381925,000003AF,false,Rx,0,8,B9,00,00,00,00,00,00,00,
1600392803,000003CF,false,Rx,0,8,69,00,A3,A3,A3,A3,A3,A3,
1600882511,000003AF,false,Rx,0,8,B9,00,00,00,00,00,00,00,
1600895953,000003CF,false,Rx,0,8,69,00,A3,A3,A3,A3,A3,A3,
1601382176,000003AF,false,Rx,0,8,B9,00,00,00,00,00,00,00,
1601399317,000003CF,false,Rx,0,8,69,00,A3,A3,A3,A3,A3,A3,
1601882441,000003AF,false,Rx,0,8,B9,00,00,00,00,00,00,00,
1601901806,000003CF,false,Rx,0,8,69,00,A3,A3,A3,A3,A3,A3,
1602382463,000003AF,false,Rx,0,8,B9,00,00,00,00,00,00,00,
1602405874,000003CF,false,Rx,0,8,69,00,A3,A3,A3,A3,A3,A3,
1602885308,000003AF,false,Rx,0,8,B9,00,00,00,00,00,00,00,
1602909627,000003CF,false,Rx,0,8,69,00,A3,A3,A3,A3,A3,A3,
1603382682,000003AF,false,Rx,0,8,B9,00,00,00,00,00,00,00,
1603413692,000003CF,false,Rx,0,8,69,00,A3,A3,A3,A3,A3,A3,
1603882893,000003AF,false,Rx,0,8,B9,00,00,00,00,00,00,00,
1603917569,000003CF,false,Rx,0,8,69,00,A3,A3,A3,A3,A3,A3,
1604383010,000003AF,false,Rx,0,8,B9,00,00,00,00,00,00,00,
1604421682,000003CF,false,Rx,0,8,69,00,A3,A3,A3,A3,A3,A3,
1604883063,000003AF,false,Rx,0,8,B9,00,00,00,00,00,00,00,
1604925577,000003CF,false,Rx,0,8,69,00,A3,A3,A3,A3,A3,A3,
1605383291,000003AF,false,Rx,0,8,B9,00,00,00,00,00,00,00,
1605429373,000003CF,false,Rx,0,8,69,00,A3,A3,A3,A3,A3,A3,
1605883348,000003AF,false,Rx,0,8,B9,00,00,00,00,00,00,00,
1605933328,000003CF,false,Rx,0,8,69,00,A3,A3,A3,A3,A3,A3,
1606383643,000003AF,false,Rx,0,8,B9,00,00,00,00,00,00,00,
1606440276,000003CF,false,Rx,0,8,69,00,A3,A3,A3,A3,A3,A3,
1606883727,000003AF,false,Rx,0,8,B9,00,00,00,00,00,00,00,
1606942081,000003CF,false,Rx,0,8,69,00,A3,A3,A3,A3,A3,A3,
1607383902,000003AF,false,Rx,0,8,B9,00,00,00,00,00,00,00,
1607445364,000003CF,false,Rx,0,8,69,00,A3,A3,A3,A3,A3,A3,
1607883833,000003AF,false,Rx,0,8,B9,00,00,00,00,00,00,00,
1607949487,000003CF,false,Rx,0,8,69,00,A3,A3,A3,A3,A3,A3,
1608384029,000003AF,false,Rx,0,8,B9,00,00,00,00,00,00,00,
1608453244,000003CF,false,Rx,0,8,69,00,A3,A3,A3,A3,A3,A3,
1608884145,000003AF,false,Rx,0,8,B9,00,00,00,00,00,00,00,
1608957234,000003CF,false,Rx,0,8,69,00,A3,A3,A3,A3,A3,A3,
1609384231,000003AF,false,Rx,0,8,B9,00,00,00,00,00,00,00,
1609461217,000003CF,false,Rx,0,8,69,00,A3,A3,A3,A3,A3,A3,
1609884504,000003AF,false,Rx,0,8,B9,00,00,00,00,00,00,00,
1609965161,000003CF,false,Rx,0,8,69,00,A3,A3,A3,A3,A3,A3,
1610384664,000003AF,false,Rx,0,8,B9,00,00,00,00,00,00,00,
1610469089,000003CF,false,Rx,0,8,69,00,A3,A3,A3,A3,A3,A3,
1610884764,000003AF,false,Rx,0,8,B9,00,00,00,00,00,00,00,
1610973087,000003CF,false,Rx,0,8,69,00,A3,A3,A3,A3,A3,A3,
1611384790,000003AF,false,Rx,0,8,B9,00,00,00,00,00,00,00,
1611476940,000003CF,false,Rx,0,8,69,00,A3,A3,A3,A3,A3,A3,
1611885079,000003AF,false,Rx,0,8,B9,00,00,00,00,00,00,00,
1611980945,000003CF,false,Rx,0,8,69,00,A3,A3,A3,A3,A3,A3,
1612385181,000003AF,false,Rx,0,8,B9,00,00,00,00,00,00,00,
1612485097,000003CF,false,Rx,0,8,69,00,A3,A3,A3,A3,A3,A3,
1612885402,000003AF,false,Rx,0,8,B9,00,00,00,00,00,00,00,
1612988905,000003CF,false,Rx,0,8,69,00,A3,A3,A3,A3,A3,A3,
1613385577,000003AF,false,Rx,0,8,B9,00,00,00,00,00,00,00,
1613492779,000003CF,false,Rx,0,8,69,00,A3,A3,A3,A3,A3,A3,
1613885714,000003AF,false,Rx,0,8,B9,00,00,00,00,00,00,00,
1613996741,000003CF,false,Rx,0,8,69,00,A3,A3,A3,A3,A3,A3,
1614385822,000003AF,false,Rx,0,8,B9,00,00,00,00,00,00,00,
1614500885,000003CF,false,Rx,0,8,69,00,A3,A3,A3,A3,A3,A3,
1614885856,000003AF,false,Rx,0,8,B9,00,00,00,00,00,00,00,
1615004748,000003CF,false,Rx,0,8,69,00,A3,A3,A3,A3,A3,A3,
1615385996,000003AF,false,Rx,0,8,B9,00,00,00,00,00,00,00,
1615508634,000003CF,false,Rx,0,8,69,00,A3,A3,A3,A3,A3,A3,
1615886090,000003AF,false,Rx,0,8,B9,00,00,00,00,00,00,00,
1616012641,000003CF,false,Rx,0,8,69,00,A3,A3,A3,A3,A3,A3,
1616386243,000003AF,false,Rx,0,8,B9,00,00,00,00,00,00,00,
1616516533,000003CF,false,Rx,0,8,69,00,A3,A3,A3,A3,A3,A3,
1616886478,000003AF,false,Rx,0,8,B9,00,00,00,00,00,00,00,
1617020436,000003CF,false,Rx,0,8,69,00,A3,A3,A3,A3,A3,A3,
1617386532,000003AF,false,Rx,0,8,B9,00,00,00,00,00,00,00,
1617524447,000003CF,false,Rx,0,8,69,00,A3,A3,A3,A3,A3,A3,
1617886655,000003AF,false,Rx,0,8,B9,00,00,00,00,00,00,00,
1618028481,000003CF,false,Rx,0,8,69,00,A3,A3,A3,A3,A3,A3,
1618386865,000003AF,false,Rx,0,8,B9,00,00,00,00,00,00,00,
1618532373,000003CF,false,Rx,0,8,69,00,A3,A3,A3,A3,A3,A3,
1618886981,000003AF,false,Rx,0,8,B9,00,00,00,00,00,00,00,
1619036182,000003CF,false,Rx,0,8,69,00,A3,A3,A3,A3,A3,A3,
1619387151,000003AF,false,Rx,0,8,B9,00,00,00,00,00,00,00,
1619540199,000003CF,false,Rx,0,8,69,00,A3,A3,A3,A3,A3,A3,
1619887340,000003AF,false,Rx,0,8,B9,00,00,00,00,00,00,00,
1620044252,000003CF,false,Rx,0,8,69,00,A3,A3,A3,A3,A3,A3,
1620387401,000003AF,false,Rx,0,8,B9,00,00,00,00,00,00,00,
1620548329,000003CF,false,Rx,0,8,69,00,A3,A3,A3,A3,A3,A3,
1620887554,000003AF,false,Rx,0,8,B9,00,00,00,00,00,00,00,
1621052078,000003CF,false,Rx,0,8,69,00,A3,A3,A3,A3,A3,A3,
1621387774,000003AF,false,Rx,0,8,B9,00,00,00,00,00,00,00,
1621555982,000003CF,false,Rx,0,8,69,00,A3,A3,A3,A3,A3,A3,
1621887864,000003AF,false,Rx,0,8,B9,00,00,00,00,00,00,00,
1622059941,000003CF,false,Rx,0,8,69,00,A3,A3,A3,A3,A3,A3,
1622387918,000003AF,false,Rx,0,8,B9,00,00,00,00,00,00,00,
1622564032,000003CF,false,Rx,0,8,69,00,A3,A3,A3,A3,A3,A3,
1622888158,000003AF,false,Rx,0,8,B9,00,00,00,00,00,00,00,
1623067929,000003CF,false,Rx,0,8,69,00,A3,A3,A3,A3,A3,A3,
1623388211,000003AF,false,Rx,0,8,B9,00,00,00,00,00,00,00,
1623571889,000003CF,false,Rx,0,8,69,00,A3,A3,A3,A3,A3,A3,
1623888434,000003AF,false,Rx,0,8,B9,00,00,00,00,00,00,00,
1624075822,000003CF,false,Rx,0,8,69,00,A3,A3,A3,A3,A3,A3,
1624388425,000003AF,false,Rx,0,8,B9,00,00,00,00,00,00,00,
1624579800,000003CF,false,Rx,0,8,69,00,A3,A3,A3,A3,A3,A3,
1624888615,000003AF,false,Rx,0,8,B9,00,00,00,00,00,00,00,
1625083834,000003CF,false,Rx,0,8,69,00,A3,A3,A3,A3,A3,A3,
1625388744,000003AF,false,Rx,0,8,B9,00,00,00,00,00,00,00,
1625588098,000003CF,false,Rx,0,8,69,00,A3,A3,A3,A3,A3,A3,
1625888780,000003AF,false,Rx,0,8,B9,00,00,00,00,00,00,00,
1626092659,000003CF,false,Rx,0,8,69,00,A3,A3,A3,A3,A3,A3,
1626389027,000003AF,false,Rx,0,8,B9,00,00,00,00,00,00,00,
1626595659,000003CF,false,Rx,0,8,69,00,A3,A3,A3,A3,A3,A3,
1626889189,000003AF,false,Rx,0,8,B9,00,00,00,00,00,00,00,
1627099820,000003CF,false,Rx,0,8,69,00,A3,A3,A3,A3,A3,A3,
1627389280,000003AF,false,Rx,0,8,B9,00,00,00,00,00,00,00,
1627605184,000003CF,false,Rx,0,8,69,00,A3,A3,A3,A3,A3,A3,
1627889532,000003AF,false,Rx,0,8,B9,00,00,00,00,00,00,00,
1628110828,000003CF,false,Rx,0,8,69,00,A3,A3,A3,A3,A3,A3,
1628389593,000003AF,false,Rx,0,8,B9,00,00,00,00,00,00,00,
1628611528,000003CF,false,Rx,0,8,69,00,A3,A3,A3,A3,A3,A3,
1628889792,000003AF,false,Rx,0,8,B9,00,00,00,00,00,00,00,
1629115346,000003CF,false,Rx,0,8,69,00,A3,A3,A3,A3,A3,A3,
1629389712,000003AF,false,Rx,0,8,B9,00,00,00,00,00,00,00,
1629619302,000003CF,false,Rx,0,8,69,00,A3,A3,A3,A3,A3,A3,
1629889863,000003AF,false,Rx,0,8,B9,00,00,00,00,00,00,00,
1630123377,000003CF,false,Rx,0,8,69,00,A3,A3,A3,A3,A3,A3,
1630390101,000003AF,false,Rx,0,8,B9,00,00,00,00,00,00,00,
1630627324,000003CF,false,Rx,0,8,69,00,A3,A3,A3,A3,A3,A3,
1630890271,000003AF,false,Rx,0,8,B9,00,00,00,00,00,00,00,
1631131141,000003CF,false,Rx,0,8,69,00,A3,A3,A3,A3,A3,A3,
1631390464,000003AF,false,Rx,0,8,B9,00,00,00,00,00,00,00,
1631635123,000003CF,false,Rx,0,8,69,00,A3,A3,A3,A3,A3,A3,
1631890521,000003AF,false,Rx,0,8,B9,00,00,00,00,00,00,00,
1632139225,000003CF,false,Rx,0,8,69,00,A3,A3,A3,A3,A3,A3,
1632390617,000003AF,false,Rx,0,8,B9,00,00,00,00,00,00,00,
1632643011,000003CF,false,Rx,0,8,69,00,A3,A3,A3,A3,A3,A3,
1632890846,000003AF,false,Rx,0,8,B9,00,00,00,00,00,00,00,
1633147101,000003CF,false,Rx,0,8,69,00,A3,A3,A3,A3,A3,A3,
1633391001,000003AF,false,Rx,0,8,B9,00,00,00,00,00,00,00,
1633651022,000003CF,false,Rx,0,8,69,00,A3,A3,A3,A3,A3,A3,
1633891184,000003AF,false,Rx,0,8,B9,00,00,00,00,00,00,00,
1634154896,000003CF,false,Rx,0,8,69,00,A3,A3,A3,A3,A3,A3,
1634391172,000003AF,false,Rx,0,8,B9,00,00,00,00,00,00,00,
1634658850,000003CF,false,Rx,0,8,69,00,A3,A3,A3,A3,A3,A3,
1634891255,000003AF,false,Rx,0,8,B9,00,00,00,00,00,00,00,
1635162895,000003CF,false,Rx,0,8,69,00,A3,A3,A3,A3,A3,A3,
1635391516,000003AF,false,Rx,0,8,B9,00,00,00,00,00,00,00,
1635666901,000003CF,false,Rx,0,8,69,00,A3,A3,A3,A3,A3,A3,
1635891644,000003AF,false,Rx,0,8,B9,00,00,00,00,00,00,00,
1636170886,000003CF,false,Rx,0,8,69,00,A3,A3,A3,A3,A3,A3,
1636391668,000003AF,false,Rx,0,8,B9,00,00,00,00,00,00,00,
1636674671,000003CF,false,Rx,0,8,69,00,A3,A3,A3,A3,A3,A3,
1636891890,000003AF,false,Rx,0,8,B9,00,00,00,00,00,00,00,
1637178706,000003CF,false,Rx,0,8,69,00,A3,A3,A3,A3,A3,A3,
1637392015,000003AF,false,Rx,0,8,B9,00,00,00,00,00,00,00,
1637682626,000003CF,false,Rx,0,8,69,00,A3,A3,A3,A3,A3,A3,
1637892196,000003AF,false,Rx,0,8,B9,00,00,00,00,00,00,00,
1638186607,000003CF,false,Rx,0,8,69,00,A3,A3,A3,A3,A3,A3,
1638392304,000003AF,false,Rx,0,8,B9,00,00,00,00,00,00,00,
1638690561,000003CF,false,Rx,0,8,69,00,A3,A3,A3,A3,A3,A3,
1638892527,000003AF,false,Rx,0,8,B9,00,00,00,00,00,00,00,
1639194513,000003CF,false,Rx,0,8,69,00,A3,A3,A3,A3,A3,A3,
1639392580,000003AF,false,Rx,0,8,B9,00,00,00,00,00,00,00,
1639698413,000003CF,false,Rx,0,8,69,00,A3,A3,A3,A3,A3,A3,
1639892760,000003AF,false,Rx,0,8,B9,00,00,00,00,00,00,00,
1640202548,000003CF,false,Rx,0,8,69,00,A3,A3,A3,A3,A3,A3,
1640392965,000003AF,false,Rx,0,8,B9,00,00,00,00,00,00,00,
1640706599,000003CF,false,Rx,0,8,69,00,A3,A3,A3,A3,A3,A3,
1640893037,000003AF,false,Rx,0,8,B9,00,00,00,00,00,00,00,
1641210371,000003CF,false,Rx,0,8,69,00,A3,A3,A3,A3,A3,A3,
1641393208,000003AF,false,Rx,0,8,B9,00,00,00,00,00,00,00,
1641714548,000003CF,false,Rx,0,8,69,00,A3,A3,A3,A3,A3,A3,
1641893202,000003AF,false,Rx,0,8,B9,00,00,00,00,00,00,00,
1642218276,000003CF,false,Rx,0,8,69,00,A3,A3,A3,A3,A3,A3,
1642393505,000003AF,false,Rx,0,8,B9,00,00,00,00,00,00,00,
1642722241,000003CF,false,Rx,0,8,69,00,A3,A3,A3,A3,A3,A3,
1642893469,000003AF,false,Rx,0,8,B9,00,00,00,00,00,00,00,
1643226164,000003CF,false,Rx,0,8,69,00,A3,A3,A3,A3,A3,A3,
1643393822,000003AF,false,Rx,0,8,B9,00,00,00,00,00,00,00,
1643730225,000003CF,false,Rx,0,8,69,00,A3,A3,A3,A3,A3,A3,
1643893784,000003AF,false,Rx,0,8,B9,00,00,00,00,00,00,00,
1644234149,000003CF,false,Rx,0,8,69,00,A3,A3,A3,A3,A3,A3,
1644393964,000003AF,false,Rx,0,8,B9,00,00,00,00,00,00,00,
1644738175,000003CF,false,Rx,0,8,69,00,A3,A3,A3,A3,A3,A3,
1644894192,000003AF,false,Rx,0,8,B9,00,00,00,00,00,00,00,
1645242179,000003CF,false,Rx,0,8,69,00,A3,A3,A3,A3,A3,A3,
1645394289,000003AF,false,Rx,0,8,B9,00,00,00,00,00,00,00,
1645745988,000003CF,false,Rx,0,8,69,00,A3,A3,A3,A3,A3,A3,
1645894465,000003AF,false,Rx,0,8,B9,00,00,00,00,00,00,00,
1646250004,000003CF,false,Rx,0,8,69,00,A3,A3,A3,A3,A3,A3,
1646394599,000003AF,false,Rx,0,8,B9,00,00,00,00,00,00,00,
1646753962,000003CF,false,Rx,0,8,69,00,A3,A3,A3,A3,A3,A3,
1646894674,000003AF,false,Rx,0,8,B9,00,00,00,00,00,00,00,
1647257838,000003CF,false,Rx,0,8,69,00,A3,A3,A3,A3,A3,A3,
1647394857,000003AF,false,Rx,0,8,B9,00,00,00,00,00,00,00,
1647761910,000003CF,false,Rx,0,8,69,00,A3,A3,A3,A3,A3,A3,
1647894886,000003AF,false,Rx,0,8,B9,00,00,00,00,00,00,00,
1648265694,000003CF,false,Rx,0,8,69,00,A3,A3,A3,A3,A3,A3,
1648395046,000003AF,false,Rx,0,8,B9,00,00,00,00,00,00,00,
1648769803,000003CF,false,Rx,0,8,69,00,A3,A3,A3,A3,A3,A3,
1648895234,000003AF,false,Rx,0,8,B9,00,00,00,00,00,00,00,
1649273741,000003CF,false,Rx,0,8,69,00,A3,A3,A3,A3,A3,A3,
1649395322,000003AF,false,Rx,0,8,B9,00,00,00,00,00,00,00,
1649777726,000003CF,false,Rx,0,8,69,00,A3,A3,A3,A3,A3,A3,
1649895371,000003AF,false,Rx,0,8,B9,00,00,00,00,00,00,00,
1650281569,000003CF,false,Rx,0,8,69,00,A3,A3,A3,A3,A3,A3,
1650395720,000003AF,false,Rx,0,8,B9,00,00,00,00,00,00,00,
1650785589,000003CF,false,Rx,0,8,69,00,A3,A3,A3,A3,A3,A3,
1650895864,000003AF,false,Rx,0,8,B9,00,00,00,00,00,00,00,
1651289507,000003CF,false,Rx,0,8,69,00,A3,A3,A3,A3,A3,A3,
1651396005,000003AF,false,Rx,0,8,B9,00,00,00,00,00,00,00,
1651793590,000003CF,false,Rx,0,8,69,00,A3,A3,A3,A3,A3,A3,
1651896023,000003AF,false,Rx,0,8,B9,00,00,00,00,00,00,00,
1652297420,000003CF,false,Rx,0,8,69,00,A3,A3,A3,A3,A3,A3,
1652396282,000003AF,false,Rx,0,8,B9,00,00,00,00,00,00,00,
1652801483,000003CF,false,Rx,0,8,69,00,A3,A3,A3,A3,A3,A3,
1652896288,000003AF,false,Rx,0,8,B9,00,00,00,00,00,00,00,
1653305393,000003CF,false,Rx,0,8,69,00,A3,A3,A3,A3,A3,A3,
1653396511,000003AF,false,Rx,0,8,B9,00,00,00,00,00,00,00,
1653809365,000003CF,false,Rx,0,8,69,00,A3,A3,A3,A3,A3,A3,
1653896574,000003AF,false,Rx,0,8,B9,00,00,00,00,00,00,00,
1654313103,000003CF,false,Rx,0,8,69,00,A3,A3,A3,A3,A3,A3,
1654396822,000003AF,false,Rx,0,8,B9,00,00,00,00,00,00,00,
1654817149,000003CF,false,Rx,0,8,69,00,A3,A3,A3,A3,A3,A3,
1654896924,000003AF,false,Rx,0,8,B9,00,00,00,00,00,00,00,
1655321127,000003CF,false,Rx,0,8,69,00,A3,A3,A3,A3,A3,A3,
1655397100,000003AF,false,Rx,0,8,B9,00,00,00,00,00,00,00,
1655825220,000003CF,false,Rx,0,8,69,00,A3,A3,A3,A3,A3,A3,
1655897235,000003AF,false,Rx,0,8,B9,00,00,00,00,00,00,00,
1656329193,000003CF,false,Rx,0,8,69,00,A3,A3,A3,A3,A3,A3,
1656397276,000003AF,false,Rx,0,8,B9,00,00,00,00,00,00,00,
1656833002,000003CF,false,Rx,0,8,69,00,A3,A3,A3,A3,A3,A3,
1656897470,000003AF,false,Rx,0,8,B9,00,00,00,00,00,00,00,
1657337197,000003CF,false,Rx,0,8,69,00,A3,A3,A3,A3,A3,A3,
1657397433,000003AF,false,Rx,0,8,B9,00,00,00,00,00,00,00,
1657841441,000003CF,false,Rx,0,8,69,00,A3,A3,A3,A3,A3,A3,
1657897733,000003AF,false,Rx,0,8,B9,00,00,00,00,00,00,00,
1658346300,000003CF,false,Rx,0,8,69,00,A3,A3,A3,A3,A3,A3,
1658397833,000003AF,false,Rx,0,8,B9,00,00,00,00,00,00,00,
1658850795,000003CF,false,Rx,0,8,69,00,A3,A3,A3,A3,A3,A3,
1658897990,000003AF,false,Rx,0,8,B9,00,00,00,00,00,00,00,
1659353057,000003CF,false,Rx,0,8,69,00,A3,A3,A3,A3,A3,A3,
1659398156,000003AF,false,Rx,0,8,B9,00,00,00,00,00,00,00,
1659858001,000003CF,false,Rx,0,8,69,00,A3,A3,A3,A3,A3,A3,
1659898287,000003AF,false,Rx,0,8,B9,00,00,00,00,00,00,00,
1660363663,000003CF,false,Rx,0,8,69,00,A3,A3,A3,A3,A3,A3,
1660398443,000003AF,false,Rx,0,8,B9,00,00,00,00,00,00,00,
1660864680,000003CF,false,Rx,0,8,69,00,A3,A3,A3,A3,A3,A3,
1660898434,000003AF,false,Rx,0,8,B9,00,00,00,00,00,00,00,
1661368655,000003CF,false,Rx,0,8,69,00,A3,A3,A3,A3,A3,A3,
1661398641,000003AF,false,Rx,0,8,B9,00,00,00,00,00,00,00,
1661872601,000003CF,false,Rx,0,8,69,00,A3,A3,A3,A3,A3,A3,
1661898864,000003AF,false,Rx,0,8,B9,00,00,00,00,00,00,00,
1662376512,000003CF,false,Rx,0,8,69,00,A3,A3,A3,A3,A3,A3,
1662398939,000003AF,false,Rx,0,8,B9,00,00,00,00,00,00,00,
1662880575,000003CF,false,Rx,0,8,69,00,A3,A3,A3,A3,A3,A3,
1662899107,000003AF,false,Rx,0,8,B9,00,00,00,00,00,00,00,
1663384473,000003CF,false,Rx,0,8,69,00,A3,A3,A3,A3,A3,A3,
1663399248,000003AF,false,Rx,0,8,B9,00,00,00,00,00,00,00,
1663888568,000003CF,false,Rx,0,8,69,00,A3,A3,A3,A3,A3,A3,
1663899365,000003AF,false,Rx,0,8,B9,00,00,00,00,00,00,00,
1664392548,000003CF,false,Rx,0,8,69,00,A3,A3,A3,A3,A3,A3,
1664399500,000003AF,false,Rx,0,8,B9,00,00,00,00,00,00,00,
1664896407,000003CF,false,Rx,0,8,69,00,A3,A3,A3,A3,A3,A3,
1664899601,000003AF,false,Rx,0,8,B9,00,00,00,00,00,00,00,
1665399657,000003AF,false,Rx,0,8,B9,00,00,00,00,00,00,00,
1665400409,000003CF,false,Rx,0,8,69,00,A3,A3,A3,A3,A3,A3,
1665899878,000003AF,false,Rx,0,8,B9,00,00,00,00,00,00,00,
1665904132,000003CF,false,Rx,0,8,69,00,A3,A3,A3,A3,A3,A3,
1666400026,000003AF,false,Rx,0,8,B9,00,00,00,00,00,00,00,
1666408232,000003CF,false,Rx,0,8,69,00,A3,A3,A3,A3,A3,A3,
1666900240,000003AF,false,Rx,0,8,B9,00,00,00,00,00,00,00,
1666912255,000003CF,false,Rx,0,8,69,00,A3,A3,A3,A3,A3,A3,
1667400379,000003AF,false,Rx,0,8,B9,00,00,00,00,00,00,00,
1667416036,000003CF,false,Rx,0,8,69,00,A3,A3,A3,A3,A3,A3,
1667900561,000003AF,false,Rx,0,8,B9,00,00,00,00,00,00,00,
1667919923,000003CF,false,Rx,0,8,69,00,A3,A3,A3,A3,A3,A3,
1668400714,000003AF,false,Rx,0,8,B9,00,00,00,00,00,00,00,
1668424146,000003CF,false,Rx,0,8,69,00,A3,A3,A3,A3,A3,A3,
1668900818,000003AF,false,Rx,0,8,B9,00,00,00,00,00,00,00,
1668927989,000003CF,false,Rx,0,8,69,00,A3,A3,A3,A3,A3,A3,
1669400858,000003AF,false,Rx,0,8,B9,00,00,00,00,00,00,00,
1669432040,000003CF,false,Rx,0,8,69,00,A3,A3,A3,A3,A3,A3,
1669901003,000003AF,false,Rx,0,8,B9,00,00,00,00,00,00,00,
1669935981,000003CF,false,Rx,0,8,69,00,A3,A3,A3,A3,A3,A3,
1670401065,000003AF,false,Rx,0,8,B9,00,00,00,00,00,00,00,
1670439948,000003CF,false,Rx,0,8,69,00,A3,A3,A3,A3,A3,A3,
1670901348,000003AF,false,Rx,0,8,B9,00,00,00,00,00,00,00,
1670943740,000003CF,false,Rx,0,8,69,00,A3,A3,A3,A3,A3,A3,
1671403006,000003AF,false,Rx,0,8,B9,00,00,00,00,00,00,00,
1671447872,000003CF,false,Rx,0,8,69,00,A3,A3,A3,A3,A3,A3,
1671901639,000003AF,false,Rx,0,8,B9,00,00,00,00,00,00,00,
1671951800,000003CF,false,Rx,0,8,69,00,A3,A3,A3,A3,A3,A3,
1672401730,000003AF,false,Rx,0,8,B9,00,00,00,00,00,00,00,
1672455699,000003CF,false,Rx,0,8,69,00,A3,A3,A3,A3,A3,A3,
1672901824,000003AF,false,Rx,0,8,B9,00,00,00,00,00,00,00,
1672959709,000003CF,false,Rx,0,8,69,00,A3,A3,A3,A3,A3,A3,
1673401961,000003AF,false,Rx,0,8,B9,00,00,00,00,00,00,00,
1673463467,000003CF,false,Rx,0,8,69,00,A3,A3,A3,A3,A3,A3,
1673902083,000003AF,false,Rx,0,8,B9,00,00,00,00,00,00,00,
1673967544,000003CF,false,Rx,0,8,69,00,A3,A3,A3,A3,A3,A3,
1674402193,000003AF,false,Rx,0,8,B9,00,00,00,00,00,00,00,
1674471438,000003CF,false,Rx,0,8,69,00,A3,A3,A3,A3,A3,A3,
1674902380,000003AF,false,Rx,0,8,B9,00,00,00,00,00,00,00,
1674975553,000003CF,false,Rx,0,8,69,00,A3,A3,A3,A3,A3,A3,
1675402470,000003AF,false,Rx,0,8,B9,00,00,00,00,00,00,00,
1675479443,000003CF,false,Rx,0,8,69,00,A3,A3,A3,A3,A3,A3,
1675902600,000003AF,false,Rx,0,8,B9,00,00,00,00,00,00,00,
1675983419,000003CF,false,Rx,0,8,69,00,A3,A3,A3,A3,A3,A3,
1676404188,000003AF,false,Rx,0,8,B9,00,00,00,00,00,00,00,
1676487400,000003CF,false,Rx,0,8,69,00,A3,A3,A3,A3,A3,A3,
1676902813,000003AF,false,Rx,0,8,B9,00,00,00,00,00,00,00,
1676991271,000003CF,false,Rx,0,8,69,00,A3,A3,A3,A3,A3,A3,
1677403094,000003AF,false,Rx,0,8,B9,00,00,00,00,00,00,00,
1677495280,000003CF,false,Rx,0,8,69,00,A3,A3,A3,A3,A3,A3,
1677903135,000003AF,false,Rx,0,8,B9,00,00,00,00,00,00,00,
1677999203,000003CF,false,Rx,0,8,69,00,A3,A3,A3,A3,A3,A3,
1678403370,000003AF,false,Rx,0,8,B9,00,00,00,00,00,00,00,
1678503136,000003CF,false,Rx,0,8,69,00,A3,A3,A3,A3,A3,A3,
1678903720,000003AF,false,Rx,0,8,B9,00,00,00,00,00,00,00,
1679007123,000003CF,false,Rx,0,8,69,00,A3,A3,A3,A3,A3,A3,
1679403658,000003AF,false,Rx,0,8,B9,00,00,00,00,00,00,00,
1679511115,000003CF,false,Rx,0,8,69,00,A3,A3,A3,A3,A3,A3,
1679903741,000003AF,false,Rx,0,8,B9,00,00,00,00,00,00,00,
1680015203,000003CF,false,Rx,0,8,69,00,A3,A3,A3,A3,A3,A3,
1680403872,000003AF,false,Rx,0,8,B9,00,00,00,00,00,00,00,
1680518974,000003CF,false,Rx,0,8,69,00,A3,A3,A3,A3,A3,A3,
1680904081,000003AF,false,Rx,0,8,B9,00,00,00,00,00,00,00,
1681022894,000003CF,false,Rx,0,8,69,00,A3,A3,A3,A3,A3,A3,
1681406143,000003AF,false,Rx,0,8,B9,00,00,00,00,00,00,00,
1681526950,000003CF,false,Rx,0,8,69,00,A3,A3,A3,A3,A3,A3,
1681904372,000003AF,false,Rx,0,8,B9,00,00,00,00,00,00,00,
1682030818,000003CF,false,Rx,0,8,69,00,A3,A3,A3,A3,A3,A3,
1682404339,000003AF,false,Rx,0,8,B9,00,00,00,00,00,00,00,
1682534789,000003CF,false,Rx,0,8,69,00,A3,A3,A3,A3,A3,A3,
1682904635,000003AF,false,Rx,0,8,B9,00,00,00,00,00,00,00,
1683038753,000003CF,false,Rx,0,8,69,00,A3,A3,A3,A3,A3,A3,
1683404636,000003AF,false,Rx,0,8,B9,00,00,00,00,00,00,00,
1683542692,000003CF,false,Rx,0,8,69,00,A3,A3,A3,A3,A3,A3,
1683904908,000003AF,false,Rx,0,8,B9,00,00,00,00,00,00,00,
1684046742,000003CF,false,Rx,0,8,69,00,A3,A3,A3,A3,A3,A3,
1684404887,000003AF,false,Rx,0,8,B9,00,00,00,00,00,00,00,
1684550667,000003CF,false,Rx,0,8,69,00,A3,A3,A3,A3,A3,A3,
1684905161,000003AF,false,Rx,0,8,B9,00,00,00,00,00,00,00,
1685054456,000003CF,false,Rx,0,8,69,00,A3,A3,A3,A3,A3,A3,
1685405338,000003AF,false,Rx,0,8,B9,00,00,00,00,00,00,00,
1685558589,000003CF,false,Rx,0,8,69,00,A3,A3,A3,A3,A3,A3,
1685905435,000003AF,false,Rx,0,8,B9,00,00,00,00,00,00,00,
1686062535,000003CF,false,Rx,0,8,69,00,A3,A3,A3,A3,A3,A3,
1686405458,000003AF,false,Rx,0,8,B9,00,00,00,00,00,00,00,
1686566530,000003CF,false,Rx,0,8,69,00,A3,A3,A3,A3,A3,A3,
1686905614,000003AF,false,Rx,0,8,B9,00,00,00,00,00,00,00,
1687070464,000003CF,false,Rx,0,8,69,00,A3,A3,A3,A3,A3,A3,
1687405746,000003AF,false,Rx,0,8,B9,00,00,00,00,00,00,00,
1687574404,000003CF,false,Rx,0,8,69,00,A3,A3,A3,A3,A3,A3,
1687905983,000003AF,false,Rx,0,8,B9,00,00,00,00,00,00,00,
1688078344,000003CF,false,Rx,0,8,69,00,A3,A3,A3,A3,A3,A3,
1688406153,000003AF,false,Rx,0,8,B9,00,00,00,00,00,00,00,
1688582350,000003CF,false,Rx,0,8,69,00,A3,A3,A3,A3,A3,A3,
1688906288,000003AF,false,Rx,0,8,B9,00,00,00,00,00,00,00,
1689086111,000003CF,false,Rx,0,8,69,00,A3,A3,A3,A3,A3,A3,
1689406436,000003AF,false,Rx,0,8,B9,00,00,00,00,00,00,00,
1689590323,000003CF,false,Rx,0,8,69,00,A3,A3,A3,A3,A3,A3,
1689906548,000003AF,false,Rx,0,8,B9,00,00,00,00,00,00,00,
1690094380,000003CF,false,Rx,0,8,69,00,A3,A3,A3,A3,A3,A3,
1690406679,000003AF,false,Rx,0,8,B9,00,00,00,00,00,00,00,
1690599668,000003CF,false,Rx,0,8,69,00,A3,A3,A3,A3,A3,A3,
1690906697,000003AF,false,Rx,0,8,B9,00,00,00,00,00,00,00,
1691102325,000003CF,false,Rx,0,8,69,00,A3,A3,A3,A3,A3,A3,
1691406836,000003AF,false,Rx,0,8,B9,00,00,00,00,00,00,00,
1691606616,000003CF,false,Rx,0,8,69,00,A3,A3,A3,A3,A3,A3,
1691907037,000003AF,false,Rx,0,8,B9,00,00,00,00,00,00,00,
1692111718,000003CF,false,Rx,0,8,69,00,A3,A3,A3,A3,A3,A3,
1692407215,000003AF,false,Rx,0,8,B9,00,00,00,00,00,00,00,
1692617052,000003CF,false,Rx,0,8,69,00,A3,A3,A3,A3,A3,A3,
1692907393,000003AF,false,Rx,0,8,B9,00,00,00,00,00,00,00,
1693117927,000003CF,false,Rx,0,8,69,00,A3,A3,A3,A3,A3,A3,
1693407465,000003AF,false,Rx,0,8,B9,00,00,00,00,00,00,00,
1693621901,000003CF,false,Rx,0,8,69,00,A3,A3,A3,A3,A3,A3,
1693907607,000003AF,false,Rx,0,8,B9,00,00,00,00,00,00,00,
1694125826,000003CF,false,Rx,0,8,69,00,A3,A3,A3,A3,A3,A3,
1694407736,000003AF,false,Rx,0,8,B9,00,00,00,00,00,00,00,
1694629663,000003CF,false,Rx,0,8,69,00,A3,A3,A3,A3,A3,A3,
1694907946,000003AF,false,Rx,0,8,B9,00,00,00,00,00,00,00,
1695133784,000003CF,false,Rx,0,8,69,00,A3,A3,A3,A3,A3,A3,
1695408028,000003AF,false,Rx,0,8,B9,00,00,00,00,00,00,00,
1695637713,000003CF,false,Rx,0,8,69,00,A3,A3,A3,A3,A3,A3,
1695908124,000003AF,false,Rx,0,8,B9,00,00,00,00,00,00,00,
1696141708,000003CF,false,Rx,0,8,69,00,A3,A3,A3,A3,A3,A3,
1696408282,000003AF,false,Rx,0,8,B9,00,00,00,00,00,00,00,
1696645633,000003CF,false,Rx,0,8,69,00,A3,A3,A3,A3,A3,A3,
1696908385,000003AF,false,Rx,0,8,B9,00,00,00,00,00,00,00,
1697149535,000003CF,false,Rx,0,8,69,00,A3,A3,A3,A3,A3,A3,
1697408471,000003AF,false,Rx,0,8,B9,00,00,00,00,00,00,00,
1697653548,000003CF,false,Rx,0,8,69,00,A3,A3,A3,A3,A3,A3,
1697908786,000003AF,false,Rx,0,8,B9,00,00,00,00,00,00,00,
1698157386,000003CF,false,Rx,0,8,69,00,A3,A3,A3,A3,A3,A3,
1698408910,000003AF,false,Rx,0,8,B9,00,00,00,00,00,00,00,
1698661450,000003CF,false,Rx,0,8,69,00,A3,A3,A3,A3,A3,A3,
1698908950,000003AF,false,Rx,0,8,B9,00,00,00,00,00,00,00,
1699165474,000003CF,false,Rx,0,8,69,00,A3,A3,A3,A3,A3,A3,
1699409052,000003AF,false,Rx,0,8,B9,00,00,00,00,00,00,00,
1699669422,000003CF,false,Rx,0,8,69,00,A3,A3,A3,A3,A3,A3,
1699909354,000003AF,false,Rx,0,8,B9,00,00,00,00,00,00,00,
1700173387,000003CF,false,Rx,0,8,69,00,A3,A3,A3,A3,A3,A3,
1700409278,000003AF,false,Rx,0,8,B9,00,00,00,00,00,00,00,
1700677159,000003CF,false,Rx,0,8,69,00,A3,A3,A3,A3,A3,A3,
1700909436,000003AF,false,Rx,0,8,B9,00,00,00,00,00,00,00,
1701181319,000003CF,false,Rx,0,8,69,00,A3,A3,A3,A3,A3,A3,
1701409695,000003AF,false,Rx,0,8,B9,00,00,00,00,00,00,00,
1701685110,000003CF,false,Rx,0,8,69,00,A3,A3,A3,A3,A3,A3,
1701909829,000003AF,false,Rx,0,8,B9,00,00,00,00,00,00,00,
1702189145,000003CF,false,Rx,0,8,69,00,A3,A3,A3,A3,A3,A3,
1702410025,000003AF,false,Rx,0,8,B9,00,00,00,00,00,00,00,
1702693082,000003CF,false,Rx,0,8,69,00,A3,A3,A3,A3,A3,A3,
1702910083,000003AF,false,Rx,0,8,B9,00,00,00,00,00,00,00,
1703196963,000003CF,false,Rx,0,8,69,00,A3,A3,A3,A3,A3,A3,
1703410198,000003AF,false,Rx,0,8,B9,00,00,00,00,00,00,00,
1703700995,000003CF,false,Rx,0,8,69,00,A3,A3,A3,A3,A3,A3,
1703910362,000003AF,false,Rx,0,8,B9,00,00,00,00,00,00,00,
1704205002,000003CF,false,Rx,0,8,69,00,A3,A3,A3,A3,A3,A3,
1704410484,000003AF,false,Rx,0,8,B9,00,00,00,00,00,00,00,
1704708864,000003CF,false,Rx,0,8,69,00,A3,A3,A3,A3,A3,A3,
1704910529,000003AF,false,Rx,0,8,B9,00,00,00,00,00,00,00,
1705215563,000003CF,false,Rx,0,8,69,00,A3,A3,A3,A3,A3,A3,
1705410791,000003AF,false,Rx,0,8,B9,00,00,00,00,00,00,00,
1705716904,000003CF,false,Rx,0,8,69,00,A3,A3,A3,A3,A3,A3,
1705911000,000003AF,false,Rx,0,8,B9,00,00,00,00,00,00,00,
1706220637,000003CF,false,Rx,0,8,69,00,A3,A3,A3,A3,A3,A3,
1706411087,000003AF,false,Rx,0,8,B9,00,00,00,00,00,00,00,
1706724679,000003CF,false,Rx,0,8,69,00,A3,A3,A3,A3,A3,A3,
1706911072,000003AF,false,Rx,0,8,B9,00,00,00,00,00,00,00,
1707228759,000003CF,false,Rx,0,8,69,00,A3,A3,A3,A3,A3,A3,
1707411320,000003AF,false,Rx,0,8,B9,00,00,00,00,00,00,00,
1707732668,000003CF,false,Rx,0,8,69,00,A3,A3,A3,A3,A3,A3,
1707911526,000003AF,false,Rx,0,8,B9,00,00,00,00,00,00,00,
1708236520,000003CF,false,Rx,0,8,69,00,A3,A3,A3,A3,A3,A3,
1708411510,000003AF,false,Rx,0,8,B9,00,00,00,00,00,00,00,
1708740767,000003CF,false,Rx,0,8,69,00,A3,A3,A3,A3,A3,A3,
1708911643,000003AF,false,Rx,0,8,B9,00,00,00,00,00,00,00,
1709244512,000003CF,false,Rx,0,8,69,00,A3,A3,A3,A3,A3,A3,
1709411856,000003AF,false,Rx,0,8,B9,00,00,00,00,00,00,00,
1709748452,000003CF,false,Rx,0,8,69,00,A3,A3,A3,A3,A3,A3,
1709912005,000003AF,false,Rx,0,8,B9,00,00,00,00,00,00,00,
1710252510,000003CF,false,Rx,0,8,69,00,A3,A3,A3,A3,A3,A3,
1710412176,000003AF,false,Rx,0,8,B9,00,00,00,00,00,00,00,
1710756247,000003CF,false,Rx,0,8,69,00,A3,A3,A3,A3,A3,A3,
1710912347,000003AF,false,Rx,0,8,B9,00,00,00,00,00,00,00,
1711260293,000003CF,false,Rx,0,8,69,00,A3,A3,A3,A3,A3,A3,
1711412354,000003AF,false,Rx,0,8,B9,00,00,00,00,00,00,00,
1711764387,000003CF,false,Rx,0,8,69,00,A3,A3,A3,A3,A3,A3,
1711912586,000003AF,false,Rx,0,8,B9,00,00,00,00,00,00,00,
1712268147,000003CF,false,Rx,0,8,69,00,A3,A3,A3,A3,A3,A3,
1712412624,000003AF,false,Rx,0,8,B9,00,00,00,00,00,00,00,
1712772266,000003CF,false,Rx,0,8,69,00,A3,A3,A3,A3,A3,A3,
1712912893,000003AF,false,Rx,0,8,B9,00,00,00,00,00,00,00,
1713276147,000003CF,false,Rx,0,8,69,00,A3,A3,A3,A3,A3,A3,
1713413002,000003AF,false,Rx,0,8,B9,00,00,00,00,00,00,00,
1713780181,000003CF,false,Rx,0,8,69,00,A3,A3,A3,A3,A3,A3,
1713913137,000003AF,false,Rx,0,8,B9,00,00,00,00,00,00,00,
1714283964,000003CF,false,Rx,0,8,69,00,A3,A3,A3,A3,A3,A3,
1714413240,000003AF,false,Rx,0,8,B9,00,00,00,00,00,00,00,
1714788093,000003CF,false,Rx,0,8,69,00,A3,A3,A3,A3,A3,A3,
1714913459,000003AF,false,Rx,0,8,B9,00,00,00,00,00,00,00,
1715292063,000003CF,false,Rx,0,8,69,00,A3,A3,A3,A3,A3,A3,
1715413597,000003AF,false,Rx,0,8,B9,00,00,00,00,00,00,00,
1715796041,000003CF,false,Rx,0,8,69,00,A3,A3,A3,A3,A3,A3,
1715913655,000003AF,false,Rx,0,8,B9,00,00,00,00,00,00,00,
1716300017,000003CF,false,Rx,0,8,69,00,A3,A3,A3,A3,A3,A3,
1716413805,000003AF,false,Rx,0,8,B9,00,00,00,00,00,00,00,
1716803929,000003CF,false,Rx,0,8,69,00,A3,A3,A3,A3,A3,A3,
1716913987,000003AF,false,Rx,0,8,B9,00,00,00,00,00,00,00,
1717307704,000003CF,false,Rx,0,8,69,00,A3,A3,A3,A3,A3,A3,
1717414078,000003AF,false,Rx,0,8,B9,00,00,00,00,00,00,00,
1717811790,000003CF,false,Rx,0,8,69,00,A3,A3,A3,A3,A3,A3,
1717914239,000003AF,false,Rx,0,8,B9,00,00,00,00,00,00,00,
1718315723,000003CF,false,Rx,0,8,69,00,A3,A3,A3,A3,A3,A3,
1718414412,000003AF,false,Rx,0,8,B9,00,00,00,00,00,00,00,
1718819644,000003CF,false,Rx,0,8,69,00,A3,A3,A3,A3,A3,A3,
1718914567,000003AF,false,Rx,0,8,B9,00,00,00,00,00,00,00,
1719323718,000003CF,false,Rx,0,8,69,00,A3,A3,A3,A3,A3,A3,
1719414694,000003AF,false,Rx,0,8,B9,00,00,00,00,00,00,00,
1719827664,000003CF,false,Rx,0,8,69,00,A3,A3,A3,A3,A3,A3,
1719914775,000003AF,false,Rx,0,8,B9,00,00,00,00,00,00,00,
1720331544,000003CF,false,Rx,0,8,69,00,A3,A3,A3,A3,A3,A3,
1720414864,000003AF,false,Rx,0,8,B9,00,00,00,00,00,00,00,
1720835386,000003CF,false,Rx,0,8,69,00,A3,A3,A3,A3,A3,A3,
1720914904,000003AF,false,Rx,0,8,B9,00,00,00,00,00,00,00,
1721339458,000003CF,false,Rx,0,8,69,00,A3,A3,A3,A3,A3,A3,
1721415280,000003AF,false,Rx,0,8,B9,00,00,00,00,00,00,00,
1721843435,000003CF,false,Rx,0,8,69,00,A3,A3,A3,A3,A3,A3,
1721915231,000003AF,false,Rx,0,8,B9,00,00,00,00,00,00,00,
1722347668,000003CF,false,Rx,0,8,69,00,A3,A3,A3,A3,A3,A3,
1722415529,000003AF,false,Rx,0,8,B9,00,00,00,00,00,00,00,
1722853006,000003CF,false,Rx,0,8,69,00,A3,A3,A3,A3,A3,A3,
1722915673,000003AF,false,Rx,0,8,B9,00,00,00,00,00,00,00,
1723355422,000003CF,false,Rx,0,8,69,00,A3,A3,A3,A3,A3,A3,
1723415753,000003AF,false,Rx,0,8,B9,00,00,00,00,00,00,00,
1723859636,000003CF,false,Rx,0,8,69,00,A3,A3,A3,A3,A3,A3,
1723915889,000003AF,false,Rx,0,8,B9,00,00,00,00,00,00,00,
1724364544,000003CF,false,Rx,0,8,69,00,A3,A3,A3,A3,A3,A3,
1724416053,000003AF,false,Rx,0,8,B9,00,00,00,00,00,00,00,
1724869762,000003CF,false,Rx,0,8,69,00,A3,A3,A3,A3,A3,A3,
1724916122,000003AF,false,Rx,0,8,B9,00,00,00,00,00,00,00,
1725371183,000003CF,false,Rx,0,8,69,00,A3,A3,A3,A3,A3,A3,
1725416246,000003AF,false,Rx,0,8,B9,00,00,00,00,00,00,00,
1725874962,000003CF,false,Rx,0,8,69,00,A3,A3,A3,A3,A3,A3,
1725916446,000003AF,false,Rx,0,8,B9,00,00,00,00,00,00,00,
1726379044,000003CF,false,Rx,0,8,69,00,A3,A3,A3,A3,A3,A3,
1726416605,000003AF,false,Rx,0,8,B9,00,00,00,00,00,00,00,
1726883028,000003CF,false,Rx,0,8,69,00,A3,A3,A3,A3,A3,A3,
1726916679,000003AF,false,Rx,0,8,B9,00,00,00,00,00,00,00,
1727386922,000003CF,false,Rx,0,8,69,00,A3,A3,A3,A3,A3,A3,
1727416899,000003AF,false,Rx,0,8,B9,00,00,00,00,00,00,00,
1727890848,000003CF,false,Rx,0,8,69,00,A3,A3,A3,A3,A3,A3,
1727917012,000003AF,false,Rx,0,8,B9,00,00,00,00,00,00,00,
1728394864,000003CF,false,Rx,0,8,69,00,A3,A3,A3,A3,A3,A3,
1728417086,000003AF,false,Rx,0,8,B9,00,00,00,00,00,00,00,
1728898694,000003CF,false,Rx,0,8,69,00,A3,A3,A3,A3,A3,A3,
1728917257,000003AF,false,Rx,0,8,B9,00,00,00,00,00,00,00,
1729402690,000003CF,false,Rx,0,8,69,00,A3,A3,A3,A3,A3,A3,
1729417241,000003AF,false,Rx,0,8,B9,00,00,00,00,00,00,00,
1729906859,000003CF,false,Rx,0,8,69,00,A3,A3,A3,A3,A3,A3,
1729917528,000003AF,false,Rx,0,8,B9,00,00,00,00,00,00,00,
1730410711,000003CF,false,Rx,0,8,69,00,A3,A3,A3,A3,A3,A3,
1730417706,000003AF,false,Rx,0,8,B9,00,00,00,00,00,00,00,
1730914727,000003CF,false,Rx,0,8,69,00,A3,A3,A3,A3,A3,A3,
1730917737,000003AF,false,Rx,0,8,B9,00,00,00,00,00,00,00,
1731417903,000003AF,false,Rx,0,8,B9,00,00,00,00,00,00,00,
1731418514,000003CF,false,Rx,0,8,69,00,A3,A3,A3,A3,A3,A3,
1731918065,000003AF,false,Rx,0,8,B9,00,00,00,00,00,00,00,
1731922511,000003CF,false,Rx,0,8,69,00,A3,A3,A3,A3,A3,A3,
1732418304,000003AF,false,Rx,0,8,B9,00,00,00,00,00,00,00,
1732426510,000003CF,false,Rx,0,8,69,00,A3,A3,A3,A3,A3,A3,
1732918326,000003AF,false,Rx,0,8,B9,00,00,00,00,00,00,00,
1732930355,000003CF,false,Rx,0,8,69,00,A3,A3,A3,A3,A3,A3,
1733418533,000003AF,false,Rx,0,8,B9,00,00,00,00,00,00,00,
1733434473,000003CF,false,Rx,0,8,69,00,A3,A3,A3,A3,A3,A3,
1733918732,000003AF,false,Rx,0,8,B9,00,00,00,00,00,00,00,
1733938279,000003CF,false,Rx,0,8,69,00,A3,A3,A3,A3,A3,A3,
1734418710,000003AF,false,Rx,0,8,B9,00,00,00,00,00,00,00,
1734442386,000003CF,false,Rx,0,8,69,00,A3,A3,A3,A3,A3,A3,
1734918941,000003AF,false,Rx,0,8,B9,00,00,00,00,00,00,00,
1734946314,000003CF,false,Rx,0,8,69,00,A3,A3,A3,A3,A3,A3,
1735418924,000003AF,false,Rx,0,8,B9,00,00,00,00,00,00,00,
1735450252,000003CF,false,Rx,0,8,69,00,A3,A3,A3,A3,A3,A3,
1735919121,000003AF,false,Rx,0,8,B9,00,00,00,00,00,00,00,
1735954203,000003CF,false,Rx,0,8,69,00,A3,A3,A3,A3,A3,A3,
1736419393,000003AF,false,Rx,0,8,B9,00,00,00,00,00,00,00,
1736458183,000003CF,false,Rx,0,8,69,00,A3,A3,A3,A3,A3,A3,
1736919408,000003AF,false,Rx,0,8,B9,00,00,00,00,00,00,00,
1736962090,000003CF,false,Rx,0,8,69,00,A3,A3,A3,A3,A3,A3,
1737419659,000003AF,false,Rx,0,8,B9,00,00,00,00,00,00,00,
1737466129,000003CF,false,Rx,0,8,69,00,A3,A3,A3,A3,A3,A3,
1737919730,000003AF,false,Rx,0,8,B9,00,00,00,00,00,00,00,
1737969969,000003CF,false,Rx,0,8,69,00,A3,A3,A3,A3,A3,A3,
1738419811,000003AF,false,Rx,0,8,B9,00,00,00,00,00,00,00,
1738474051,000003CF,false,Rx,0,8,69,00,A3,A3,A3,A3,A3,A3,
1738919893,000003AF,false,Rx,0,8,B9,00,00,00,00,00,00,00,
1738977885,000003CF,false,Rx,0,8,69,00,A3,A3,A3,A3,A3,A3,
1739420190,000003AF,false,Rx,0,8,B9,00,00,00,00,00,00,00,
1739481934,000003CF,false,Rx,0,8,69,00,A3,A3,A3,A3,A3,A3,
1739920331,000003AF,false,Rx,0,8,B9,00,00,00,00,00,00,00,
1739985878,000003CF,false,Rx,0,8,69,00,A3,A3,A3,A3,A3,A3,
1740420484,000003AF,false,Rx,0,8,B9,00,00,00,00,00,00,00,
1740489812,000003CF,false,Rx,0,8,69,00,A3,A3,A3,A3,A3,A3,
1740920591,000003AF,false,Rx,0,8,B9,00,00,00,00,00,00,00,
1740993717,000003CF,false,Rx,0,8,69,00,A3,A3,A3,A3,A3,A3,
1741420785,000003AF,false,Rx,0,8,B9,00,00,00,00,00,00,00,
1741497816,000003CF,false,Rx,0,8,69,00,A3,A3,A3,A3,A3,A3,
1741920799,000003AF,false,Rx,0,8,B9,00,00,00,00,00,00,00,
1742001784,000003CF,false,Rx,0,8,69,00,A3,A3,A3,A3,A3,A3,
1742420905,000003AF,false,Rx,0,8,B9,00,00,00,00,00,00,00,
1742505503,000003CF,false,Rx,0,8,69,00,A3,A3,A3,A3,A3,A3,
1742921052,000003AF,false,Rx,0,8,B9,00,00,00,00,00,00,00,
1743009500,000003CF,false,Rx,0,8,69,00,A3,A3,A3,A3,A3,A3,
1743421245,000003AF,false,Rx,0,8,B9,00,00,00,00,00,00,00,
1743513544,000003CF,false,Rx,0,8,69,00,A3,A3,A3,A3,A3,A3,
1743921381,000003AF,false,Rx,0,8,B9,00,00,00,00,00,00,00,
1744017635,000003CF,false,Rx,0,8,69,00,A3,A3,A3,A3,A3,A3,
1744421561,000003AF,false,Rx,0,8,B9,00,00,00,00,00,00,00,
1744521623,000003CF,false,Rx,0,8,69,00,A3,A3,A3,A3,A3,A3,
1744921687,000003AF,false,Rx,0,8,B9,00,00,00,00,00,00,00,
1745025471,000003CF,false,Rx,0,8,69,00,A3,A3,A3,A3,A3,A3,
1745421857,000003AF,false,Rx,0,8,B9,00,00,00,00,00,00,00,
1745529450,000003CF,false,Rx,0,8,69,00,A3,A3,A3,A3,A3,A3,
1745921926,000003AF,false,Rx,0,8,B9,00,00,00,00,00,00,00,
1746033287,000003CF,false,Rx,0,8,69,00,A3,A3,A3,A3,A3,A3,
1746422124,000003AF,false,Rx,0,8,B9,00,00,00,00,00,00,00,
1746537299,000003CF,false,Rx,0,8,69,00,A3,A3,A3,A3,A3,A3,
1746922225,000003AF,false,Rx,0,8,B9,00,00,00,00,00,00,00,
1747041197,000003CF,false,Rx,0,8,69,00,A3,A3,A3,A3,A3,A3,
1747422417,000003AF,false,Rx,0,8,B9,00,00,00,00,00,00,00,
1747545287,000003CF,false,Rx,0,8,69,00,A3,A3,A3,A3,A3,A3,
1747922497,000003AF,false,Rx,0,8,B9,00,00,00,00,00,00,00,
1748049026,000003CF,false,Rx,0,8,69,00,A3,A3,A3,A3,A3,A3,
1748422664,000003AF,false,Rx,0,8,B9,00,00,00,00,00,00,00,
1748553054,000003CF,false,Rx,0,8,69,00,A3,A3,A3,A3,A3,A3,
1748922676,000003AF,false,Rx,0,8,B9,00,00,00,00,00,00,00,
1749056912,000003CF,false,Rx,0,8,69,00,A3,A3,A3,A3,A3,A3,
1749422917,000003AF,false,Rx,0,8,B9,00,00,00,00,00,00,00,
1749561010,000003CF,false,Rx,0,8,69,00,A3,A3,A3,A3,A3,A3,
1749923012,000003AF,false,Rx,0,8,B9,00,00,00,00,00,00,00,
1750065027,000003CF,false,Rx,0,8,69,00,A3,A3,A3,A3,A3,A3,
1750423055,000003AF,false,Rx,0,8,B9,00,00,00,00,00,00,00,
1750568895,000003CF,false,Rx,0,8,69,00,A3,A3,A3,A3,A3,A3,
1750923385,000003AF,false,Rx,0,8,B9,00,00,00,00,00,00,00,
1751072784,000003CF,false,Rx,0,8,69,00,A3,A3,A3,A3,A3,A3,
1751423447,000003AF,false,Rx,0,8,B9,00,00,00,00,00,00,00,
1751576823,000003CF,false,Rx,0,8,69,00,A3,A3,A3,A3,A3,A3,
1751923519,000003AF,false,Rx,0,8,B9,00,00,00,00,00,00,00,
1752080765,000003CF,false,Rx,0,8,69,00,A3,A3,A3,A3,A3,A3,
1752423784,000003AF,false,Rx,0,8,B9,00,00,00,00,00,00,00,
1752584735,000003CF,false,Rx,0,8,69,00,A3,A3,A3,A3,A3,A3,
1752923887,000003AF,false,Rx,0,8,B9,00,00,00,00,00,00,00,
1753088669,000003CF,false,Rx,0,8,69,00,A3,A3,A3,A3,A3,A3,
1753423870,000003AF,false,Rx,0,8,B9,00,00,00,00,00,00,00,
1753592677,000003CF,false,Rx,0,8,69,00,A3,A3,A3,A3,A3,A3,
1753924065,000003AF,false,Rx,0,8,B9,00,00,00,00,00,00,00,
1754096516,000003CF,false,Rx,0,8,69,00,A3,A3,A3,A3,A3,A3,
1754424369,000003AF,false,Rx,0,8,B9,00,00,00,00,00,00,00,
1754600912,000003CF,false,Rx,0,8,69,00,A3,A3,A3,A3,A3,A3,
1754924464,000003AF,false,Rx,0,8,B9,00,00,00,00,00,00,00,
1755106138,000003CF,false,Rx,0,8,69,00,A3,A3,A3,A3,A3,A3,
1755424599,000003AF,false,Rx,0,8,B9,00,00,00,00,00,00,00,
1755608577,000003CF,false,Rx,0,8,69,00,A3,A3,A3,A3,A3,A3,
1755924795,000003AF,false,Rx,0,8,B9,00,00,00,00,00,00,00,
1756112499,000003CF,false,Rx,0,8,69,00,A3,A3,A3,A3,A3,A3,
1756424780,000003AF,false,Rx,0,8,B9,00,00,00,00,00,00,00,
1756617587,000003CF,false,Rx,0,8,69,00,A3,A3,A3,A3,A3,A3,
1756924851,000003AF,false,Rx,0,8,B9,00,00,00,00,00,00,00,
1757123667,000003CF,false,Rx,0,8,69,00,A3,A3,A3,A3,A3,A3,
1757425010,000003AF,false,Rx,0,8,B9,00,00,00,00,00,00,00,
1757624358,000003CF,false,Rx,0,8,69,00,A3,A3,A3,A3,A3,A3,
1757925227,000003AF,false,Rx,0,8,B9,00,00,00,00,00,00,00,
1758128209,000003CF,false,Rx,0,8,69,00,A3,A3,A3,A3,A3,A3,
1758425421,000003AF,false,Rx,0,8,B9,00,00,00,00,00,00,00,
1758632230,000003CF,false,Rx,0,8,69,00,A3,A3,A3,A3,A3,A3,
1758925472,000003AF,false,Rx,0,8,B9,00,00,00,00,00,00,00,
1759136321,000003CF,false,Rx,0,8,69,00,A3,A3,A3,A3,A3,A3,
1759425727,000003AF,false,Rx,0,8,B9,00,00,00,00,00,00,00,
1759640141,000003CF,false,Rx,0,8,69,00,A3,A3,A3,A3,A3,A3,
1759925842,000003AF,false,Rx,0,8,B9,00,00,00,00,00,00,00,
1760143940,000003CF,false,Rx,0,8,69,00,A3,A3,A3,A3,A3,A3,
1760425982,000003AF,false,Rx,0,8,B9,00,00,00,00,00,00,00,
1760648121,000003CF,false,Rx,0,8,69,00,A3,A3,A3,A3,A3,A3,
1760926082,000003AF,false,Rx,0,8,B9,00,00,00,00,00,00,00,
1761152062,000003CF,false,Rx,0,8,69,00,A3,A3,A3,A3,A3,A3,
1761426212,000003AF,false,Rx,0,8,B9,00,00,00,00,00,00,00,
1761656166,000003CF,false,Rx,0,8,69,00,A3,A3,A3,A3,A3,A3,
1761926307,000003AF,false,Rx,0,8,B9,00,00,00,00,00,00,00,
1762159957,000003CF,false,Rx,0,8,69,00,A3,A3,A3,A3,A3,A3,
1762426502,000003AF,false,Rx,0,8,B9,00,00,00,00,00,00,00,
1762663929,000003CF,false,Rx,0,8,69,00,A3,A3,A3,A3,A3,A3,
1762926482,000003AF,false,Rx,0,8,B9,00,00,00,00,00,00,00,
1763167698,000003CF,false,Rx,0,8,69,00,A3,A3,A3,A3,A3,A3,
1763426795,000003AF,false,Rx,0,8,B9,00,00,00,00,00,00,00,
1763671866,000003CF,false,Rx,0,8,69,00,A3,A3,A3,A3,A3,A3,
1763926904,000003AF,false,Rx,0,8,B9,00,00,00,00,00,00,00,
1764175647,000003CF,false,Rx,0,8,69,00,A3,A3,A3,A3,A3,A3,
1764427025,000003AF,false,Rx,0,8,B9,00,00,00,00,00,00,00,
1764679714,000003CF,false,Rx,0,8,69,00,A3,A3,A3,A3,A3,A3,
1764927011,000003AF,false,Rx,0,8,B9,00,00,00,00,00,00,00,
1765183624,000003CF,false,Rx,0,8,69,00,A3,A3,A3,A3,A3,A3,
1765427321,000003AF,false,Rx,0,8,B9,00,00,00,00,00,00,00,
1765687655,000003CF,false,Rx,0,8,69,00,A3,A3,A3,A3,A3,A3,
1765927426,000003AF,false,Rx,0,8,B9,00,00,00,00,00,00,00,
1766191569,000003CF,false,Rx,0,8,69,00,A3,A3,A3,A3,A3,A3,
1766427645,000003AF,false,Rx,0,8,B9,00,00,00,00,00,00,00,
1766695501,000003CF,false,Rx,0,8,69,00,A3,A3,A3,A3,A3,A3,
1766927635,000003AF,false,Rx,0,8,B9,00,00,00,00,00,00,00,
1767199442,000003CF,false,Rx,0,8,69,00,A3,A3,A3,A3,A3,A3,
1767427908,000003AF,false,Rx,0,8,B9,00,00,00,00,00,00,00,
1767703339,000003CF,false,Rx,0,8,69,00,A3,A3,A3,A3,A3,A3,
1767927919,000003AF,false,Rx,0,8,B9,00,00,00,00,00,00,00,
1768207434,000003CF,false,Rx,0,8,69,00,A3,A3,A3,A3,A3,A3,
1768428020,000003AF,false,Rx,0,8,B9,00,00,00,00,00,00,00,
1768711401,000003CF,false,Rx,0,8,69,00,A3,A3,A3,A3,A3,A3,
1768928116,000003AF,false,Rx,0,8,B9,00,00,00,00,00,00,00,
1769215329,000003CF,false,Rx,0,8,69,00,A3,A3,A3,A3,A3,A3,
1769428266,000003AF,false,Rx,0,8,B9,00,00,00,00,00,00,00,
1769719329,000003CF,false,Rx,0,8,69,00,A3,A3,A3,A3,A3,A3,
1769928561,000003AF,false,Rx,0,8,B9,00,00,00,00,00,00,00,
1770223211,000003CF,false,Rx,0,8,69,00,A3,A3,A3,A3,A3,A3,
1770428640,000003AF,false,Rx,0,8,B9,00,00,00,00,00,00,00,
1770727094,000003CF,false,Rx,0,8,69,00,A3,A3,A3,A3,A3,A3,
1770928728,000003AF,false,Rx,0,8,B9,00,00,00,00,00,00,00,
1771231019,000003CF,false,Rx,0,8,69,00,A3,A3,A3,A3,A3,A3,
1771429002,000003AF,false,Rx,0,8,B9,00,00,00,00,00,00,00,
1771735134,000003CF,false,Rx,0,8,69,00,A3,A3,A3,A3,A3,A3,
1771929080,000003AF,false,Rx,0,8,B9,00,00,00,00,00,00,00,
1772239099,000003CF,false,Rx,0,8,69,00,A3,A3,A3,A3,A3,A3,
1772429223,000003AF,false,Rx,0,8,B9,00,00,00,00,00,00,00,
1772742990,000003CF,false,Rx,0,8,69,00,A3,A3,A3,A3,A3,A3,
1772929416,000003AF,false,Rx,0,8,B9,00,00,00,00,00,00,00,
1773246830,000003CF,false,Rx,0,8,69,00,A3,A3,A3,A3,A3,A3,
1773429521,000003AF,false,Rx,0,8,B9,00,00,00,00,00,00,00,
1773750800,000003CF,false,Rx,0,8,69,00,A3,A3,A3,A3,A3,A3,
1773929681,000003AF,false,Rx,0,8,B9,00,00,00,00,00,00,00,
1774254786,000003CF,false,Rx,0,8,69,00,A3,A3,A3,A3,A3,A3,
1774429821,000003AF,false,Rx,0,8,B9,00,00,00,00,00,00,00,
1774758952,000003CF,false,Rx,0,8,69,00,A3,A3,A3,A3,A3,A3,
1774929968,000003AF,false,Rx,0,8,B9,00,00,00,00,00,00,00,
1775262678,000003CF,false,Rx,0,8,69,00,A3,A3,A3,A3,A3,A3,
1775430125,000003AF,false,Rx,0,8,B9,00,00,00,00,00,00,00,
1775766836,000003CF,false,Rx,0,8,69,00,A3,A3,A3,A3,A3,A3,
1775930200,000003AF,false,Rx,0,8,B9,00,00,00,00,00,00,00,
1776270598,000003CF,false,Rx,0,8,69,00,A3,A3,A3,A3,A3,A3,
1776430239,000003AF,false,Rx,0,8,B9,00,00,00,00,00,00,00,
1776774636,000003CF,false,Rx,0,8,69,00,A3,A3,A3,A3,A3,A3,
1776930366,000003AF,false,Rx,0,8,B9,00,00,00,00,00,00,00,
1777278474,000003CF,false,Rx,0,8,69,00,A3,A3,A3,A3,A3,A3,
1777430661,000003AF,false,Rx,0,8,B9,00,00,00,00,00,00,00,
1777782617,000003CF,false,Rx,0,8,69,00,A3,A3,A3,A3,A3,A3,
1777930635,000003AF,false,Rx,0,8,B9,00,00,00,00,00,00,00,
1778286588,000003CF,false,Rx,0,8,69,00,A3,A3,A3,A3,A3,A3,
1778430841,000003AF,false,Rx,0,8,B9,00,00,00,00,00,00,00,
1778790467,000003CF,false,Rx,0,8,69,00,A3,A3,A3,A3,A3,A3,
1778931090,000003AF,false,Rx,0,8,B9,00,00,00,00,00,00,00,
1779294468,000003CF,false,Rx,0,8,69,00,A3,A3,A3,A3,A3,A3,
1779431215,000003AF,false,Rx,0,8,B9,00,00,00,00,00,00,00,
1779798414,000003CF,false,Rx,0,8,69,00,A3,A3,A3,A3,A3,A3,
1779931381,000003AF,false,Rx,0,8,B9,00,00,00,00,00,00,00,
1780302266,000003CF,false,Rx,0,8,69,00,A3,A3,A3,A3,A3,A3,
1780431380,000003AF,false,Rx,0,8,B9,00,00,00,00,00,00,00,
1780806317,000003CF,false,Rx,0,8,69,00,A3,A3,A3,A3,A3,A3,
1780931639,000003AF,false,Rx,0,8,B9,00,00,00,00,00,00,00,
1781310177,000003CF,false,Rx,0,8,69,00,A3,A3,A3,A3,A3,A3,
1781431645,000003AF,false,Rx,0,8,B9,00,00,00,00,00,00,00,
1781814381,000003CF,false,Rx,0,8,69,00,A3,A3,A3,A3,A3,A3,
1781931875,000003AF,false,Rx,0,8,B9,00,00,00,00,00,00,00,
1782318160,000003CF,false,Rx,0,8,69,00,A3,A3,A3,A3,A3,A3,
1782432027,000003AF,false,Rx,0,8,B9,00,00,00,00,00,00,00,
1782822195,000003CF,false,Rx,0,8,69,00,A3,A3,A3,A3,A3,A3,
1782932183,000003AF,false,Rx,0,8,B9,00,00,00,00,00,00,00,
1783326076,000003CF,false,Rx,0,8,69,00,A3,A3,A3,A3,A3,A3,
1783432374,000003AF,false,Rx,0,8,B9,00,00,00,00,00,00,00,
1783830104,000003CF,false,Rx,0,8,69,00,A3,A3,A3,A3,A3,A3,
1783932473,000003AF,false,Rx,0,8,B9,00,00,00,00,00,00,00,
1784334035,000003CF,false,Rx,0,8,69,00,A3,A3,A3,A3,A3,A3,
1784432404,000003AF,false,Rx,0,8,B9,00,00,00,00,00,00,00,
1784837971,000003CF,false,Rx,0,8,69,00,A3,A3,A3,A3,A3,A3,
1784932674,000003AF,false,Rx,0,8,B9,00,00,00,00,00,00,00,
1785341932,000003CF,false,Rx,0,8,69,00,A3,A3,A3,A3,A3,A3,
1785432834,000003AF,false,Rx,0,8,B9,00,00,00,00,00,00,00,
1785846031,000003CF,false,Rx,0,8,69,00,A3,A3,A3,A3,A3,A3,
1785932902,000003AF,false,Rx,0,8,B9,00,00,00,00,00,00,00,
1786349880,000003CF,false,Rx,0,8,69,00,A3,A3,A3,A3,A3,A3,
1786432972,000003AF,false,Rx,0,8,B9,00,00,00,00,00,00,00,
1786854405,000003CF,false,Rx,0,8,69,00,A3,A3,A3,A3,A3,A3,
1786933193,000003AF,false,Rx,0,8,B9,00,00,00,00,00,00,00,
1787359052,000003CF,false,Rx,0,8,69,00,A3,A3,A3,A3,A3,A3,
1787433417,000003AF,false,Rx,0,8,B9,00,00,00,00,00,00,00,
1787861633,000003CF,false,Rx,0,8,69,00,A3,A3,A3,A3,A3,A3,
1787933561,000003AF,false,Rx,0,8,B9,00,00,00,00,00,00,00,
1788365730,000003CF,false,Rx,0,8,69,00,A3,A3,A3,A3,A3,A3,
1788433682,000003AF,false,Rx,0,8,B9,00,00,00,00,00,00,00,
1788870929,000003CF,false,Rx,0,8,69,00,A3,A3,A3,A3,A3,A3,
1788933749,000003AF,false,Rx,0,8,B9,00,00,00,00,00,00,00,
1789376599,000003CF,false,Rx,0,8,69,00,A3,A3,A3,A3,A3,A3,
1789433802,000003AF,false,Rx,0,8,B9,00,00,00,00,00,00,00,
1789877460,000003CF,false,Rx,0,8,69,00,A3,A3,A3,A3,A3,A3,
1789934045,000003AF,false,Rx,0,8,B9,00,00,00,00,00,00,00,
1790381429,000003CF,false,Rx,0,8,69,00,A3,A3,A3,A3,A3,A3,
1790434188,000003AF,false,Rx,0,8,B9,00,00,00,00,00,00,00,
1790885460,000003CF,false,Rx,0,8,69,00,A3,A3,A3,A3,A3,A3,
1790934257,000003AF,false,Rx,0,8,B9,00,00,00,00,00,00,00,
1791389399,000003CF,false,Rx,0,8,69,00,A3,A3,A3,A3,A3,A3,
1791434483,000003AF,false,Rx,0,8,B9,00,00,00,00,00,00,00,
1791893349,000003CF,false,Rx,0,8,69,00,A3,A3,A3,A3,A3,A3,
1791934638,000003AF,false,Rx,0,8,B9,00,00,00,00,00,00,00,
1792397200,000003CF,false,Rx,0,8,69,00,A3,A3,A3,A3,A3,A3,
1792434797,000003AF,false,Rx,0,8,B9,00,00,00,00,00,00,00,
1792901236,000003CF,false,Rx,0,8,69,00,A3,A3,A3,A3,A3,A3,
1792934859,000003AF,false,Rx,0,8,B9,00,00,00,00,00,00,00,
1793405153,000003CF,false,Rx,0,8,69,00,A3,A3,A3,A3,A3,A3,
1793434886,000003AF,false,Rx,0,8,B9,00,00,00,00,00,00,00,
1793909109,000003CF,false,Rx,0,8,69,00,A3,A3,A3,A3,A3,A3,
1793935145,000003AF,false,Rx,0,8,B9,00,00,00,00,00,00,00,
1794413173,000003CF,false,Rx,0,8,69,00,A3,A3,A3,A3,A3,A3,
1794435327,000003AF,false,Rx,0,8,B9,00,00,00,00,00,00,00,
1794917147,000003CF,false,Rx,0,8,69,00,A3,A3,A3,A3,A3,A3,
1794935335,000003AF,false,Rx,0,8,B9,00,00,00,00,00,00,00,
1795421018,000003CF,false,Rx,0,8,69,00,A3,A3,A3,A3,A3,A3,
1795435468,000003AF,false,Rx,0,8,B9,00,00,00,00,00,00,00,
1795925110,000003CF,false,Rx,0,8,69,00,A3,A3,A3,A3,A3,A3,
1795935742,000003AF,false,Rx,0,8,B9,00,00,00,00,00,00,00,
1796428829,000003CF,false,Rx,0,8,69,00,A3,A3,A3,A3,A3,A3,
1796435886,000003AF,false,Rx,0,8,B9,00,00,00,00,00,00,00,
1796932964,000003CF,false,Rx,0,8,69,00,A3,A3,A3,A3,A3,A3,
1796935992,000003AF,false,Rx,0,8,B9,00,00,00,00,00,00,00,
1797436056,000003AF,false,Rx,0,8,B9,00,00,00,00,00,00,00,
1797436874,000003CF,false,Rx,0,8,69,00,A3,A3,A3,A3,A3,A3,
1797936716,000003AF,false,Rx,0,8,B9,00,00,00,00,00,00,00,
1797941015,000003CF,false,Rx,0,8,69,00,A3,A3,A3,A3,A3,A3,
1798436457,000003AF,false,Rx,0,8,B9,00,00,00,00,00,00,00,
1798444778,000003CF,false,Rx,0,8,69,00,A3,A3,A3,A3,A3,A3,
1798936651,000003AF,false,Rx,0,8,B9,00,00,00,00,00,00,00,
1798948763,000003CF,false,Rx,0,8,69,00,A3,A3,A3,A3,A3,A3,
1799436668,000003AF,false,Rx,0,8,B9,00,00,00,00,00,00,00,
1799452734,000003CF,false,Rx,0,8,69,00,A3,A3,A3,A3,A3,A3,
1799936850,000003AF,false,Rx,0,8,B9,00,00,00,00,00,00,00,
1799956730,000003CF,false,Rx,0,8,69,00,A3,A3,A3,A3,A3,A3,
1800436927,000003AF,false,Rx,0,8,B9,00,00,00,00,00,00,00,
1800460707,000003CF,false,Rx,0,8,69,00,A3,A3,A3,A3,A3,A3,
1800937141,000003AF,false,Rx,0,8,B9,00,00,00,00,00,00,00,
1800964637,000003CF,false,Rx,0,8,69,00,A3,A3,A3,A3,A3,A3,
1801437285,000003AF,false,Rx,0,8,B9,00,00,00,00,00,00,00,
1801468578,000003CF,false,Rx,0,8,69,00,A3,A3,A3,A3,A3,A3,
1801937585,000003AF,false,Rx,0,8,B9,00,00,00,00,00,00,00,
1801972640,000003CF,false,Rx,0,8,69,00,A3,A3,A3,A3,A3,A3,
1802437475,000003AF,false,Rx,0,8,B9,00,00,00,00,00,00,00,
1802476478,000003CF,false,Rx,0,8,69,00,A3,A3,A3,A3,A3,A3,
1802937673,000003AF,false,Rx,0,8,B9,00,00,00,00,00,00,00,
1802980502,000003CF,false,Rx,0,8,69,00,A3,A3,A3,A3,A3,A3,
1803437821,000003AF,false,Rx,0,8,B9,00,00,00,00,00,00,00,
1803484370,000003CF,false,Rx,0,8,69,00,A3,A3,A3,A3,A3,A3,
1803937789,000003AF,false,Rx,0,8,B9,00,00,00,00,00,00,00,
1803988291,000003CF,false,Rx,0,8,69,00,A3,A3,A3,A3,A3,A3,
1804438074,000003AF,false,Rx,0,8,B9,00,00,00,00,00,00,00,
1804492286,000003CF,false,Rx,0,8,69,00,A3,A3,A3,A3,A3,A3,
1804938132,000003AF,false,Rx,0,8,B9,00,00,00,00,00,00,00,
1804996139,000003CF,false,Rx,0,8,69,00,A3,A3,A3,A3,A3,A3,
1805438326,000003AF,false,Rx,0,8,B9,00,00,00,00,00,00,00,
1805500122,000003CF,false,Rx,0,8,69,00,A3,A3,A3,A3,A3,A3,
1805938520,000003AF,false,Rx,0,8,B9,00,00,00,00,00,00,00,
1806004112,000003CF,false,Rx,0,8,69,00,A3,A3,A3,A3,A3,A3,
1806438588,000003AF,false,Rx,0,8,B9,00,00,00,00,00,00,00,
1806508023,000003CF,false,Rx,0,8,69,00,A3,A3,A3,A3,A3,A3,
1806938601,000003AF,false,Rx,0,8,B9,00,00,00,00,00,00,00,
1807012014,000003CF,false,Rx,0,8,69,00,A3,A3,A3,A3,A3,A3,
1807438914,000003AF,false,Rx,0,8,B9,00,00,00,00,00,00,00,
1807516030,000003CF,false,Rx,0,8,69,00,A3,A3,A3,A3,A3,A3,
1807939015,000003AF,false,Rx,0,8,B9,00,00,00,00,00,00,00,
1808019916,000003CF,false,Rx,0,8,69,00,A3,A3,A3,A3,A3,A3,
1808439131,000003AF,false,Rx,0,8,B9,00,00,00,00,00,00,00,
1808523924,000003CF,false,Rx,0,8,69,00,A3,A3,A3,A3,A3,A3,
1808939284,000003AF,false,Rx,0,8,B9,00,00,00,00,00,00,00,
1809027807,000003CF,false,Rx,0,8,69,00,A3,A3,A3,A3,A3,A3,
1809439483,000003AF,false,Rx,0,8,B9,00,00,00,00,00,00,00,
1809531908,000003CF,false,Rx,0,8,69,00,A3,A3,A3,A3,A3,A3,
1809939591,000003AF,false,Rx,0,8,B9,00,00,00,00,00,00,00,
1810035929,000003CF,false,Rx,0,8,69,00,A3,A3,A3,A3,A3,A3,
1810439631,000003AF,false,Rx,0,8,B9,00,00,00,00,00,00,00,
1810539816,000003CF,false,Rx,0,8,69,00,A3,A3,A3,A3,A3,A3,
1810939728,000003AF,false,Rx,0,8,B9,00,00,00,00,00,00,00,
1811043554,000003CF,false,Rx,0,8,69,00,A3,A3,A3,A3,A3,A3,
1811439990,000003AF,false,Rx,0,8,B9,00,00,00,00,00,00,00,
1811547717,000003CF,false,Rx,0,8,69,00,A3,A3,A3,A3,A3,A3,
1811939981,000003AF,false,Rx,0,8,B9,00,00,00,00,00,00,00,
1812051652,000003CF,false,Rx,0,8,69,00,A3,A3,A3,A3,A3,A3,
1812440278,000003AF,false,Rx,0,8,B9,00,00,00,00,00,00,00,
1812555854,000003CF,false,Rx,0,8,69,00,A3,A3,A3,A3,A3,A3,
1812940454,000003AF,false,Rx,0,8,B9,00,00,00,00,00,00,00,
1813059594,000003CF,false,Rx,0,8,69,00,A3,A3,A3,A3,A3,A3,
1813440626,000003AF,false,Rx,0,8,B9,00,00,00,00,00,00,00,
1813563528,000003CF,false,Rx,0,8,69,00,A3,A3,A3,A3,A3,A3,
1813940726,000003AF,false,Rx,0,8,B9,00,00,00,00,00,00,00,
1814067457,000003CF,false,Rx,0,8,69,00,A3,A3,A3,A3,A3,A3,
1814440858,000003AF,false,Rx,0,8,B9,00,00,00,00,00,00,00,
1814571402,000003CF,false,Rx,0,8,69,00,A3,A3,A3,A3,A3,A3,
1814940954,000003AF,false,Rx,0,8,B9,00,00,00,00,00,00,00,
1815075381,000003CF,false,Rx,0,8,69,00,A3,A3,A3,A3,A3,A3,
1815441115,000003AF,false,Rx,0,8,B9,00,00,00,00,00,00,00,
1815579435,000003CF,false,Rx,0,8,69,00,A3,A3,A3,A3,A3,A3,
1815941221,000003AF,false,Rx,0,8,B9,00,00,00,00,00,00,00,
1816083295,000003CF,false,Rx,0,8,69,00,A3,A3,A3,A3,A3,A3,
1816441421,000003AF,false,Rx,0,8,B9,00,00,00,00,00,00,00,
1816587281,000003CF,false,Rx,0,8,69,00,A3,A3,A3,A3,A3,A3,
1816941489,000003AF,false,Rx,0,8,B9,00,00,00,00,00,00,00,
1817091127,000003CF,false,Rx,0,8,69,00,A3,A3,A3,A3,A3,A3,
1817441689,000003AF,false,Rx,0,8,B9,00,00,00,00,00,00,00,
1817595014,000003CF,false,Rx,0,8,69,00,A3,A3,A3,A3,A3,A3,
1817941735,000003AF,false,Rx,0,8,B9,00,00,00,00,00,00,00,
1818101156,000003CF,false,Rx,0,8,69,00,A3,A3,A3,A3,A3,A3,
1818441959,000003AF,false,Rx,0,8,B9,00,00,00,00,00,00,00,
1818603339,000003CF,false,Rx,0,8,69,00,A3,A3,A3,A3,A3,A3,
1818942013,000003AF,false,Rx,0,8,B9,00,00,00,00,00,00,00,
1819108650,000003CF,false,Rx,0,8,69,00,A3,A3,A3,A3,A3,A3,
1819442228,000003AF,false,Rx,0,8,B9,00,00,00,00,00,00,00,
1819611027,000003CF,false,Rx,0,8,69,00,A3,A3,A3,A3,A3,A3,
1819942315,000003AF,false,Rx,0,8,B9,00,00,00,00,00,00,00,
1820115008,000003CF,false,Rx,0,8,69,00,A3,A3,A3,A3,A3,A3,
1820442402,000003AF,false,Rx,0,8,B9,00,00,00,00,00,00,00,
1820618950,000003CF,false,Rx,0,8,69,00,A3,A3,A3,A3,A3,A3,
1820942516,000003AF,false,Rx,0,8,B9,00,00,00,00,00,00,00,
1821124089,000003CF,false,Rx,0,8,69,00,A3,A3,A3,A3,A3,A3,
1821442667,000003AF,false,Rx,0,8,B9,00,00,00,00,00,00,00,
1821630087,000003CF,false,Rx,0,8,69,00,A3,A3,A3,A3,A3,A3,
1821942734,000003AF,false,Rx,0,8,B9,00,00,00,00,00,00,00,
1822130600,000003CF,false,Rx,0,8,69,00,A3,A3,A3,A3,A3,A3,
1822442886,000003AF,false,Rx,0,8,B9,00,00,00,00,00,00,00,
1822634905,000003CF,false,Rx,0,8,69,00,A3,A3,A3,A3,A3,A3,
1822943148,000003AF,false,Rx,0,8,B9,00,00,00,00,00,00,00,
1823138725,000003CF,false,Rx,0,8,69,00,A3,A3,A3,A3,A3,A3,
1823443183,000003AF,false,Rx,0,8,B9,00,00,00,00,00,00,00,
1823642483,000003CF,false,Rx,0,8,69,00,A3,A3,A3,A3,A3,A3,
1823943475,000003AF,false,Rx,0,8,B9,00,00,00,00,00,00,00,
1824146438,000003CF,false,Rx,0,8,69,00,A3,A3,A3,A3,A3,A3,
1824443615,000003AF,false,Rx,0,8,B9,00,00,00,00,00,00,00,
1824650582,000003CF,false,Rx,0,8,69,00,A3,A3,A3,A3,A3,A3,
1824943698,000003AF,false,Rx,0,8,B9,00,00,00,00,00,00,00,
1825154339,000003CF,false,Rx,0,8,69,00,A3,A3,A3,A3,A3,A3,
1825443835,000003AF,false,Rx,0,8,B9,00,00,00,00,00,00,00,
1825658361,000003CF,false,Rx,0,8,69,00,A3,A3,A3,A3,A3,A3,
1825943916,000003AF,false,Rx,0,8,B9,00,00,00,00,00,00,00,
1826162417,000003CF,false,Rx,0,8,69,00,A3,A3,A3,A3,A3,A3,
1826444115,000003AF,false,Rx,0,8,B9,00,00,00,00,00,00,00,
1826666385,000003CF,false,Rx,0,8,69,00,A3,A3,A3,A3,A3,A3,
1826944283,000003AF,false,Rx,0,8,B9,00,00,00,00,00,00,00,
1827170198,000003CF,false,Rx,0,8,69,00,A3,A3,A3,A3,A3,A3,
1827444307,000003AF,false,Rx,0,8,B9,00,00,00,00,00,00,00,
1827674313,000003CF,false,Rx,0,8,69,00,A3,A3,A3,A3,A3,A3,
1827944570,000003AF,false,Rx,0,8,B9,00,00,00,00,00,00,00,
1828178153,000003CF,false,Rx,0,8,69,00,A3,A3,A3,A3,A3,A3,
1828444677,000003AF,false,Rx,0,8,B9,00,00,00,00,00,00,00,
1828682221,000003CF,false,Rx,0,8,69,00,A3,A3,A3,A3,A3,A3,
1828944840,000003AF,false,Rx,0,8,B9,00,00,00,00,00,00,00,
1829186181,000003CF,false,Rx,0,8,69,00,A3,A3,A3,A3,A3,A3,
1829444844,000003AF,false,Rx,0,8,B9,00,00,00,00,00,00,00,
1829690072,000003CF,false,Rx,0,8,69,00,A3,A3,A3,A3,A3,A3,
1829945112,000003AF,false,Rx,0,8,B9,00,00,00,00,00,00,00,
1830194061,000003CF,false,Rx,0,8,69,00,A3,A3,A3,A3,A3,A3,
1830445132,000003AF,false,Rx,0,8,B9,00,00,00,00,00,00,00,
1830698081,000003CF,false,Rx,0,8,69,00,A3,A3,A3,A3,A3,A3,
1830945431,000003AF,false,Rx,0,8,B9,00,00,00,00,00,00,00,
1831201963,000003CF,false,Rx,0,8,69,00,A3,A3,A3,A3,A3,A3,
1831445577,000003AF,false,Rx,0,8,B9,00,00,00,00,00,00,00,
1831706118,000003CF,false,Rx,0,8,69,00,A3,A3,A3,A3,A3,A3,
1831945695,000003AF,false,Rx,0,8,B9,00,00,00,00,00,00,00,
1832209902,000003CF,false,Rx,0,8,69,00,A3,A3,A3,A3,A3,A3,
1832445810,000003AF,false,Rx,0,8,B9,00,00,00,00,00,00,00,
1832713929,000003CF,false,Rx,0,8,69,00,A3,A3,A3,A3,A3,A3,
1832945860,000003AF,false,Rx,0,8,B9,00,00,00,00,00,00,00,
1833217796,000003CF,false,Rx,0,8,69,00,A3,A3,A3,A3,A3,A3,
1833445930,000003AF,false,Rx,0,8,B9,00,00,00,00,00,00,00,
1833721753,000003CF,false,Rx,0,8,69,00,A3,A3,A3,A3,A3,A3,
1833946160,000003AF,false,Rx,0,8,B9,00,00,00,00,00,00,00,
1834225734,000003CF,false,Rx,0,8,69,00,A3,A3,A3,A3,A3,A3,
1834446250,000003AF,false,Rx,0,8,B9,00,00,00,00,00,00,00,
1834729709,000003CF,false,Rx,0,8,69,00,A3,A3,A3,A3,A3,A3,
1834946307,000003AF,false,Rx,0,8,B9,00,00,00,00,00,00,00,
1835233673,000003CF,false,Rx,0,8,69,00,A3,A3,A3,A3,A3,A3,
1835446567,000003AF,false,Rx,0,8,B9,00,00,00,00,00,00,00,
1835737653,000003CF,false,Rx,0,8,69,00,A3,A3,A3,A3,A3,A3,
1835946718,000003AF,false,Rx,0,8,B9,00,00,00,00,00,00,00,
1836241480,000003CF,false,Rx,0,8,69,00,A3,A3,A3,A3,A3,A3,
1836446902,000003AF,false,Rx,0,8,B9,00,00,00,00,00,00,00,
1836745465,000003CF,false,Rx,0,8,69,00,A3,A3,A3,A3,A3,A3,
1836946920,000003AF,false,Rx,0,8,B9,00,00,00,00,00,00,00,
1837249544,000003CF,false,Rx,0,8,69,00,A3,A3,A3,A3,A3,A3,
1837447018,000003AF,false,Rx,0,8,B9,00,00,00,00,00,00,00,
1837753583,000003CF,false,Rx,0,8,69,00,A3,A3,A3,A3,A3,A3,
1837947305,000003AF,false,Rx,0,8,B9,00,00,00,00,00,00,00,
1838260148,000003CF,false,Rx,0,8,69,00,A3,A3,A3,A3,A3,A3,
1838447335,000003AF,false,Rx,0,8,B9,00,00,00,00,00,00,00,
1838761232,000003CF,false,Rx,0,8,69,00,A3,A3,A3,A3,A3,A3,
1838947548,000003AF,false,Rx,0,8,B9,00,00,00,00,00,00,00,
1839266035,000003CF,false,Rx,0,8,69,00,A3,A3,A3,A3,A3,A3,
1839447620,000003AF,false,Rx,0,8,B9,00,00,00,00,00,00,00,
1839769250,000003CF,false,Rx,0,8,69,00,A3,A3,A3,A3,A3,A3,
1839947675,000003AF,false,Rx,0,8,B9,00,00,00,00,00,00,00,
1840273026,000003CF,false,Rx,0,8,69,00,A3,A3,A3,A3,A3,A3,
1840448028,000003AF,false,Rx,0,8,B9,00,00,00,00,00,00,00,
1840777061,000003CF,false,Rx,0,8,69,00,A3,A3,A3,A3,A3,A3,
1840948134,000003AF,false,Rx,0,8,B9,00,00,00,00,00,00,00,
1841281208,000003CF,false,Rx,0,8,69,00,A3,A3,A3,A3,A3,A3,
1841448163,000003AF,false,Rx,0,8,B9,00,00,00,00,00,00,00,
1841785012,000003CF,false,Rx,0,8,69,00,A3,A3,A3,A3,A3,A3,
1841948321,000003AF,false,Rx,0,8,B9,00,00,00,00,00,00,00,
1842288851,000003CF,false,Rx,0,8,69,00,A3,A3,A3,A3,A3,A3,
1842448512,000003AF,false,Rx,0,8,B9,00,00,00,00,00,00,00,
1842792989,000003CF,false,Rx,0,8,69,00,A3,A3,A3,A3,A3,A3,
1842948616,000003AF,false,Rx,0,8,B9,00,00,00,00,00,00,00,
1843296856,000003CF,false,Rx,0,8,69,00,A3,A3,A3,A3,A3,A3,
1843448770,000003AF,false,Rx,0,8,B9,00,00,00,00,00,00,00,
1843800940,000003CF,false,Rx,0,8,69,00,A3,A3,A3,A3,A3,A3,
1843948857,000003AF,false,Rx,0,8,B9,00,00,00,00,00,00,00,
1844304902,000003CF,false,Rx,0,8,69,00,A3,A3,A3,A3,A3,A3,
1844448965,000003AF,false,Rx,0,8,B9,00,00,00,00,00,00,00,
1844810747,000003CF,false,Rx,0,8,69,00,A3,A3,A3,A3,A3,A3,
1844949244,000003AF,false,Rx,0,8,B9,00,00,00,00,00,00,00,
1845312953,000003CF,false,Rx,0,8,69,00,A3,A3,A3,A3,A3,A3,
1845449345,000003AF,false,Rx,0,8,B9,00,00,00,00,00,00,00,
1845816621,000003CF,false,Rx,0,8,69,00,A3,A3,A3,A3,A3,A3,
1845949374,000003AF,false,Rx,0,8,B9,00,00,00,00,00,00,00,
1846320658,000003CF,false,Rx,0,8,69,00,A3,A3,A3,A3,A3,A3,
1846449668,000003AF,false,Rx,0,8,B9,00,00,00,00,00,00,00,
1846824673,000003CF,false,Rx,0,8,69,00,A3,A3,A3,A3,A3,A3,
1846949612,000003AF,false,Rx,0,8,B9,00,00,00,00,00,00,00,
1847328645,000003CF,false,Rx,0,8,69,00,A3,A3,A3,A3,A3,A3,
1847449893,000003AF,false,Rx,0,8,B9,00,00,00,00,00,00,00,
1847832589,000003CF,false,Rx,0,8,69,00,A3,A3,A3,A3,A3,A3,
1847950088,000003AF,false,Rx,0,8,B9,00,00,00,00,00,00,00,
1848336519,000003CF,false,Rx,0,8,69,00,A3,A3,A3,A3,A3,A3,
1848450139,000003AF,false,Rx,0,8,B9,00,00,00,00,00,00,00,
1848840473,000003CF,false,Rx,0,8,69,00,A3,A3,A3,A3,A3,A3,
1848950346,000003AF,false,Rx,0,8,B9,00,00,00,00,00,00,00,
1849344418,000003CF,false,Rx,0,8,69,00,A3,A3,A3,A3,A3,A3,
1849450456,000003AF,false,Rx,0,8,B9,00,00,00,00,00,00,00,
1849848404,000003CF,false,Rx,0,8,69,00,A3,A3,A3,A3,A3,A3,
1849950655,000003AF,false,Rx,0,8,B9,00,00,00,00,00,00,00,
1850352158,000003CF,false,Rx,0,8,69,00,A3,A3,A3,A3,A3,A3,
1850450603,000003AF,false,Rx,0,8,B9,00,00,00,00,00,00,00,
1850856570,000003CF,false,Rx,0,8,69,00,A3,A3,A3,A3,A3,A3,
1850950926,000003AF,false,Rx,0,8,B9,00,00,00,00,00,00,00,
1851360381,000003CF,false,Rx,0,8,69,00,A3,A3,A3,A3,A3,A3,
1851451045,000003AF,false,Rx,0,8,B9,00,00,00,00,00,00,00,
1851864136,000003CF,false,Rx,0,8,69,00,A3,A3,A3,A3,A3,A3,
1851951267,000003AF,false,Rx,0,8,B9,00,00,00,00,00,00,00,
1852368167,000003CF,false,Rx,0,8,69,00,A3,A3,A3,A3,A3,A3,
1852451309,000003AF,false,Rx,0,8,B9,00,00,00,00,00,00,00,
1852872007,000003CF,false,Rx,0,8,69,00,A3,A3,A3,A3,A3,A3,
1852951489,000003AF,false,Rx,0,8,B9,00,00,00,00,00,00,00,
1853378083,000003CF,false,Rx,0,8,69,00,A3,A3,A3,A3,A3,A3,
1853451631,000003AF,false,Rx,0,8,B9,00,00,00,00,00,00,00,
1853882832,000003CF,false,Rx,0,8,69,00,A3,A3,A3,A3,A3,A3,
1853951720,000003AF,false,Rx,0,8,B9,00,00,00,00,00,00,00,
1854383945,000003CF,false,Rx,0,8,69,00,A3,A3,A3,A3,A3,A3,
1854451710,000003AF,false,Rx,0,8,B9,00,00,00,00,00,00,00,
1854887893,000003CF,false,Rx,0,8,69,00,A3,A3,A3,A3,A3,A3,
1854951794,000003AF,false,Rx,0,8,B9,00,00,00,00,00,00,00,
1855391844,000003CF,false,Rx,0,8,69,00,A3,A3,A3,A3,A3,A3,
1855452043,000003AF,false,Rx,0,8,B9,00,00,00,00,00,00,00,
1855895885,000003CF,false,Rx,0,8,69,00,A3,A3,A3,A3,A3,A3,
1855952222,000003AF,false,Rx,0,8,B9,00,00,00,00,00,00,00,
1856399797,000003CF,false,Rx,0,8,69,00,A3,A3,A3,A3,A3,A3,
1856452437,000003AF,false,Rx,0,8,B9,00,00,00,00,00,00,00,
1856903866,000003CF,false,Rx,0,8,69,00,A3,A3,A3,A3,A3,A3,
1856952495,000003AF,false,Rx,0,8,B9,00,00,00,00,00,00,00,
1857407826,000003CF,false,Rx,0,8,69,00,A3,A3,A3,A3,A3,A3,
1857452617,000003AF,false,Rx,0,8,B9,00,00,00,00,00,00,00,
1857911701,000003CF,false,Rx,0,8,69,00,A3,A3,A3,A3,A3,A3,
1857952751,000003AF,false,Rx,0,8,B9,00,00,00,00,00,00,00,
1858415632,000003CF,false,Rx,0,8,69,00,A3,A3,A3,A3,A3,A3,
1858452919,000003AF,false,Rx,0,8,B9,00,00,00,00,00,00,00,
1858919677,000003CF,false,Rx,0,8,69,00,A3,A3,A3,A3,A3,A3,
1858953076,000003AF,false,Rx,0,8,B9,00,00,00,00,00,00,00,
1859423590,000003CF,false,Rx,0,8,69,00,A3,A3,A3,A3,A3,A3,
1859453224,000003AF,false,Rx,0,8,B9,00,00,00,00,00,00,00,
1859927337,000003CF,false,Rx,0,8,69,00,A3,A3,A3,A3,A3,A3,
1859953395,000003AF,false,Rx,0,8,B9,00,00,00,00,00,00,00,
1860431495,000003CF,false,Rx,0,8,69,00,A3,A3,A3,A3,A3,A3,
1860453395,000003AF,false,Rx,0,8,B9,00,00,00,00,00,00,00,
1860935366,000003CF,false,Rx,0,8,69,00,A3,A3,A3,A3,A3,A3,
1860953677,000003AF,false,Rx,0,8,B9,00,00,00,00,00,00,00,
1861439342,000003CF,false,Rx,0,8,69,00,A3,A3,A3,A3,A3,A3,
1861453682,000003AF,false,Rx,0,8,B9,00,00,00,00,00,00,00,
1861943285,000003CF,false,Rx,0,8,69,00,A3,A3,A3,A3,A3,A3,
1861953772,000003AF,false,Rx,0,8,B9,00,00,00,00,00,00,00,
1862447291,000003CF,false,Rx,0,8,69,00,A3,A3,A3,A3,A3,A3,
1862454057,000003AF,false,Rx,0,8,B9,00,00,00,00,00,00,00,
1862951107,000003CF,false,Rx,0,8,69,00,A3,A3,A3,A3,A3,A3,
1862955258,000003AF,false,Rx,0,8,B9,00,00,00,00,00,00,00,
1863454735,000003AF,false,Rx,0,8,B9,00,00,00,00,00,00,00,
1863454996,000003CF,false,Rx,0,8,69,00,A3,A3,A3,A3,A3,A3,
1863954334,000003AF,false,Rx,0,8,B9,00,00,00,00,00,00,00,
1863959091,000003CF,false,Rx,0,8,69,00,A3,A3,A3,A3,A3,A3,
1864454618,000003AF,false,Rx,0,8,B9,00,00,00,00,00,00,00,
1864463060,000003CF,false,Rx,0,8,69,00,A3,A3,A3,A3,A3,A3,
1864954789,000003AF,false,Rx,0,8,B9,00,00,00,00,00,00,00,
1864967014,000003CF,false,Rx,0,8,69,00,A3,A3,A3,A3,A3,A3,
1865454771,000003AF,false,Rx,0,8,B9,00,00,00,00,00,00,00,
1865471010,000003CF,false,Rx,0,8,69,00,A3,A3,A3,A3,A3,A3,
1865955099,000003AF,false,Rx,0,8,B9,00,00,00,00,00,00,00,
1865974910,000003CF,false,Rx,0,8,69,00,A3,A3,A3,A3,A3,A3,
1866455123,000003AF,false,Rx,0,8,B9,00,00,00,00,00,00,00,
1866478985,000003CF,false,Rx,0,8,69,00,A3,A3,A3,A3,A3,A3,
1866955129,000003AF,false,Rx,0,8,B9,00,00,00,00,00,00,00,
1866982904,000003CF,false,Rx,0,8,69,00,A3,A3,A3,A3,A3,A3,
1867455281,000003AF,false,Rx,0,8,B9,00,00,00,00,00,00,00,
1867486832,000003CF,false,Rx,0,8,69,00,A3,A3,A3,A3,A3,A3,
1867955583,000003AF,false,Rx,0,8,B9,00,00,00,00,00,00,00,
1867990840,000003CF,false,Rx,0,8,69,00,A3,A3,A3,A3,A3,A3,
1868455719,000003AF,false,Rx,0,8,B9,00,00,00,00,00,00,00,
1868494624,000003CF,false,Rx,0,8,69,00,A3,A3,A3,A3,A3,A3,
1868955838,000003AF,false,Rx,0,8,B9,00,00,00,00,00,00,00,
1868998676,000003CF,false,Rx,0,8,69,00,A3,A3,A3,A3,A3,A3,
1869456019,000003AF,false,Rx,0,8,B9,00,00,00,00,00,00,00,
1869502681,000003CF,false,Rx,0,8,69,00,A3,A3,A3,A3,A3,A3,
1869956155,000003AF,false,Rx,0,8,B9,00,00,00,00,00,00,00,
1870006548,000003CF,false,Rx,0,8,69,00,A3,A3,A3,A3,A3,A3,
1870456194,000003AF,false,Rx,0,8,B9,00,00,00,00,00,00,00,
1870510544,000003CF,false,Rx,0,8,69,00,A3,A3,A3,A3,A3,A3,
1870956232,000003AF,false,Rx,0,8,B9,00,00,00,00,00,00,00,
1871014448,000003CF,false,Rx,0,8,69,00,A3,A3,A3,A3,A3,A3,
1871456378,000003AF,false,Rx,0,8,B9,00,00,00,00,00,00,00,
1871518497,000003CF,false,Rx,0,8,69,00,A3,A3,A3,A3,A3,A3,
1871956607,000003AF,false,Rx,0,8,B9,00,00,00,00,00,00,00,
1872022449,000003CF,false,Rx,0,8,69,00,A3,A3,A3,A3,A3,A3,
1872456746,000003AF,false,Rx,0,8,B9,00,00,00,00,00,00,00,
1872526400,000003CF,false,Rx,0,8,69,00,A3,A3,A3,A3,A3,A3,
1872956812,000003AF,false,Rx,0,8,B9,00,00,00,00,00,00,00,
1873030318,000003CF,false,Rx,0,8,69,00,A3,A3,A3,A3,A3,A3,
1873457096,000003AF,false,Rx,0,8,B9,00,00,00,00,00,00,00,
1873534171,000003CF,false,Rx,0,8,69,00,A3,A3,A3,A3,A3,A3,
1873957227,000003AF,false,Rx,0,8,B9,00,00,00,00,00,00,00,
1874038268,000003CF,false,Rx,0,8,69,00,A3,A3,A3,A3,A3,A3,
1874457313,000003AF,false,Rx,0,8,B9,00,00,00,00,00,00,00,
1874542070,000003CF,false,Rx,0,8,69,00,A3,A3,A3,A3,A3,A3,
1874957461,000003AF,false,Rx,0,8,B9,00,00,00,00,00,00,00,
1875046214,000003CF,false,Rx,0,8,69,00,A3,A3,A3,A3,A3,A3,
1875457666,000003AF,false,Rx,0,8,B9,00,00,00,00,00,00,00,
1875550202,000003CF,false,Rx,0,8,69,00,A3,A3,A3,A3,A3,A3,
1875957800,000003AF,false,Rx,0,8,B9,00,00,00,00,00,00,00,
1876054022,000003CF,false,Rx,0,8,69,00,A3,A3,A3,A3,A3,A3,
1876457845,000003AF,false,Rx,0,8,B9,00,00,00,00,00,00,00,
1876558002,000003CF,false,Rx,0,8,69,00,A3,A3,A3,A3,A3,A3,
1876957981,000003AF,false,Rx,0,8,B9,00,00,00,00,00,00,00,
1877062053,000003CF,false,Rx,0,8,69,00,A3,A3,A3,A3,A3,A3,
1877458009,000003AF,false,Rx,0,8,B9,00,00,00,00,00,00,00,
1877565812,000003CF,false,Rx,0,8,69,00,A3,A3,A3,A3,A3,A3,
1877958317,000003AF,false,Rx,0,8,B9,00,00,00,00,00,00,00,
1878069911,000003CF,false,Rx,0,8,69,00,A3,A3,A3,A3,A3,A3,
1878458339,000003AF,false,Rx,0,8,B9,00,00,00,00,00,00,00,
1878573710,000003CF,false,Rx,0,8,69,00,A3,A3,A3,A3,A3,A3,
1878958576,000003AF,false,Rx,0,8,B9,00,00,00,00,00,00,00,
1879077759,000003CF,false,Rx,0,8,69,00,A3,A3,A3,A3,A3,A3,
1879458791,000003AF,false,Rx,0,8,B9,00,00,00,00,00,00,00,
1879581848,000003CF,false,Rx,0,8,69,00,A3,A3,A3,A3,A3,A3,
1879958906,000003AF,false,Rx,0,8,B9,00,00,00,00,00,00,00,
1880085728,000003CF,false,Rx,0,8,69,00,A3,A3,A3,A3,A3,A3,
1880459023,000003AF,false,Rx,0,8,B9,00,00,00,00,00,00,00,
1880589653,000003CF,false,Rx,0,8,69,00,A3,A3,A3,A3,A3,A3,
1880959191,000003AF,false,Rx,0,8,B9,00,00,00,00,00,00,00,
1881093687,000003CF,false,Rx,0,8,69,00,A3,A3,A3,A3,A3,A3,
1881459337,000003AF,false,Rx,0,8,B9,00,00,00,00,00,00,00,
1881597652,000003CF,false,Rx,0,8,69,00,A3,A3,A3,A3,A3,A3,
1881959295,000003AF,false,Rx,0,8,B9,00,00,00,00,00,00,00,
1882101569,000003CF,false,Rx,0,8,69,00,A3,A3,A3,A3,A3,A3,
1882459441,000003AF,false,Rx,0,8,B9,00,00,00,00,00,00,00,
1882605673,000003CF,false,Rx,0,8,69,00,A3,A3,A3,A3,A3,A3,
1882959658,000003AF,false,Rx,0,8,B9,00,00,00,00,00,00,00,
1883109639,000003CF,false,Rx,0,8,69,00,A3,A3,A3,A3,A3,A3,
1883459821,000003AF,false,Rx,0,8,B9,00,00,00,00,00,00,00,
1883613826,000003CF,false,Rx,0,8,69,00,A3,A3,A3,A3,A3,A3,
1883959940,000003AF,false,Rx,0,8,B9,00,00,00,00,00,00,00,
1884119381,000003CF,false,Rx,0,8,69,00,A3,A3,A3,A3,A3,A3,
1884460137,000003AF,false,Rx,0,8,B9,00,00,00,00,00,00,00,
1884621345,000003CF,false,Rx,0,8,69,00,A3,A3,A3,A3,A3,A3,
1884960326,000003AF,false,Rx,0,8,B9,00,00,00,00,00,00,00,
1885125375,000003CF,false,Rx,0,8,69,00,A3,A3,A3,A3,A3,A3,
1885460515,000003AF,false,Rx,0,8,B9,00,00,00,00,00,00,00,
1885630509,000003CF,false,Rx,0,8,69,00,A3,A3,A3,A3,A3,A3,
1885960570,000003AF,false,Rx,0,8,B9,00,00,00,00,00,00,00,
1886136290,000003CF,false,Rx,0,8,69,00,A3,A3,A3,A3,A3,A3,
1886460590,000003AF,false,Rx,0,8,B9,00,00,00,00,00,00,00,
1886637049,000003CF,false,Rx,0,8,69,00,A3,A3,A3,A3,A3,A3,
1886960655,000003AF,false,Rx,0,8,B9,00,00,00,00,00,00,00,
1887141200,000003CF,false,Rx,0,8,69,00,A3,A3,A3,A3,A3,A3,
1887460772,000003AF,false,Rx,0,8,B9,00,00,00,00,00,00,00,
1887644940,000003CF,false,Rx,0,8,69,00,A3,A3,A3,A3,A3,A3,
1887960925,000003AF,false,Rx,0,8,B9,00,00,00,00,00,00,00,
1888148962,000003CF,false,Rx,0,8,69,00,A3,A3,A3,A3,A3,A3,
1888461161,000003AF,false,Rx,0,8,B9,00,00,00,00,00,00,00,
1888653134,000003CF,false,Rx,0,8,69,00,A3,A3,A3,A3,A3,A3,
1888961259,000003AF,false,Rx,0,8,B9,00,00,00,00,00,00,00,
1889156885,000003CF,false,Rx,0,8,69,00,A3,A3,A3,A3,A3,A3,
1889461464,000003AF,false,Rx,0,8,B9,00,00,00,00,00,00,00,
1889660945,000003CF,false,Rx,0,8,69,00,A3,A3,A3,A3,A3,A3,
1889961593,000003AF,false,Rx,0,8,B9,00,00,00,00,00,00,00,
1890164861,000003CF,false,Rx,0,8,69,00,A3,A3,A3,A3,A3,A3,
1890461716,000003AF,false,Rx,0,8,B9,00,00,00,00,00,00,00,
1890668846,000003CF,false,Rx,0,8,69,00,A3,A3,A3,A3,A3,A3,
1890961855,000003AF,false,Rx,0,8,B9,00,00,00,00,00,00,00,
1891172626,000003CF,false,Rx,0,8,69,00,A3,A3,A3,A3,A3,A3,
1891462031,000003AF,false,Rx,0,8,B9,00,00,00,00,00,00,00,
1891676761,000003CF,false,Rx,0,8,69,00,A3,A3,A3,A3,A3,A3,
1891962153,000003AF,false,Rx,0,8,B9,00,00,00,00,00,00,00,
1892180770,000003CF,false,Rx,0,8,69,00,A3,A3,A3,A3,A3,A3,
1892462282,000003AF,false,Rx,0,8,B9,00,00,00,00,00,00,00,
1892684605,000003CF,false,Rx,0,8,69,00,A3,A3,A3,A3,A3,A3,
1892962464,000003AF,false,Rx,0,8,B9,00,00,00,00,00,00,00,
1893188646,000003CF,false,Rx,0,8,69,00,A3,A3,A3,A3,A3,A3,
1893462438,000003AF,false,Rx,0,8,B9,00,00,00,00,00,00,00,
1893692439,000003CF,false,Rx,0,8,69,00,A3,A3,A3,A3,A3,A3,
1893962687,000003AF,false,Rx,0,8,B9,00,00,00,00,00,00,00,
1894196533,000003CF,false,Rx,0,8,69,00,A3,A3,A3,A3,A3,A3,
1894462776,000003AF,false,Rx,0,8,B9,00,00,00,00,00,00,00,
1894700504,000003CF,false,Rx,0,8,69,00,A3,A3,A3,A3,A3,A3,
1894963002,000003AF,false,Rx,0,8,B9,00,00,00,00,00,00,00,
1895204430,000003CF,false,Rx,0,8,69,00,A3,A3,A3,A3,A3,A3,
1895463028,000003AF,false,Rx,0,8,B9,00,00,00,00,00,00,00,
1895708430,000003CF,false,Rx,0,8,69,00,A3,A3,A3,A3,A3,A3,
1895963226,000003AF,false,Rx,0,8,B9,00,00,00,00,00,00,00,
1896212459,000003CF,false,Rx,0,8,69,00,A3,A3,A3,A3,A3,A3,
1896463472,000003AF,false,Rx,0,8,B9,00,00,00,00,00,00,00,
1896716286,000003CF,false,Rx,0,8,69,00,A3,A3,A3,A3,A3,A3,
1896963610,000003AF,false,Rx,0,8,B9,00,00,00,00,00,00,00,
1897220281,000003CF,false,Rx,0,8,69,00,A3,A3,A3,A3,A3,A3,
1897463674,000003AF,false,Rx,0,8,B9,00,00,00,00,00,00,00,
1897724237,000003CF,false,Rx,0,8,69,00,A3,A3,A3,A3,A3,A3,
1897963798,000003AF,false,Rx,0,8,B9,00,00,00,00,00,00,00,
1898228152,000003CF,false,Rx,0,8,69,00,A3,A3,A3,A3,A3,A3,
1898463909,000003AF,false,Rx,0,8,B9,00,00,00,00,00,00,00,
1898732111,000003CF,false,Rx,0,8,69,00,A3,A3,A3,A3,A3,A3,
1898964077,000003AF,false,Rx,0,8,B9,00,00,00,00,00,00,00,
1899235917,000003CF,false,Rx,0,8,69,00,A3,A3,A3,A3,A3,A3,
1899464115,000003AF,false,Rx,0,8,B9,00,00,00,00,00,00,00,
1899740081,000003CF,false,Rx,0,8,69,00,A3,A3,A3,A3,A3,A3,
1899964435,000003AF,false,Rx,0,8,B9,00,00,00,00,00,00,00,
1900244016,000003CF,false,Rx,0,8,69,00,A3,A3,A3,A3,A3,A3,
1900464554,000003AF,false,Rx,0,8,B9,00,00,00,00,00,00,00,
1900747944,000003CF,false,Rx,0,8,69,00,A3,A3,A3,A3,A3,A3,
1900964503,000003AF,false,Rx,0,8,B9,00,00,00,00,00,00,00,
1901251886,000003CF,false,Rx,0,8,69,00,A3,A3,A3,A3,A3,A3,
1901464818,000003AF,false,Rx,0,8,B9,00,00,00,00,00,00,00,
1901755889,000003CF,false,Rx,0,8,69,00,A3,A3,A3,A3,A3,A3,
1901964878,000003AF,false,Rx,0,8,B9,00,00,00,00,00,00,00,
1902259768,000003CF,false,Rx,0,8,69,00,A3,A3,A3,A3,A3,A3,
1902465013,000003AF,false,Rx,0,8,B9,00,00,00,00,00,00,00,
1902763908,000003CF,false,Rx,0,8,69,00,A3,A3,A3,A3,A3,A3,
1902965211,000003AF,false,Rx,0,8,B9,00,00,00,00,00,00,00,
1903267742,000003CF,false,Rx,0,8,69,00,A3,A3,A3,A3,A3,A3,
1903465402,000003AF,false,Rx,0,8,B9,00,00,00,00,00,00,00,
1903771657,000003CF,false,Rx,0,8,69,00,A3,A3,A3,A3,A3,A3,
1903965362,000003AF,false,Rx,0,8,B9,00,00,00,00,00,00,00,
1904275620,000003CF,false,Rx,0,8,69,00,A3,A3,A3,A3,A3,A3,
1904465656,000003AF,false,Rx,0,8,B9,00,00,00,00,00,00,00,
1904779628,000003CF,false,Rx,0,8,69,00,A3,A3,A3,A3,A3,A3,
1904965806,000003AF,false,Rx,0,8,B9,00,00,00,00,00,00,00,
1905283617,000003CF,false,Rx,0,8,69,00,A3,A3,A3,A3,A3,A3,
1905465741,000003AF,false,Rx,0,8,B9,00,00,00,00,00,00,00,
1905787508,000003CF,false,Rx,0,8,69,00,A3,A3,A3,A3,A3,A3,
1905965890,000003AF,false,Rx,0,8,B9,00,00,00,00,00,00,00,
1906291458,000003CF,false,Rx,0,8,69,00,A3,A3,A3,A3,A3,A3,
1906466119,000003AF,false,Rx,0,8,B9,00,00,00,00,00,00,00,
1906795460,000003CF,false,Rx,0,8,69,00,A3,A3,A3,A3,A3,A3,
1906966284,000003AF,false,Rx,0,8,B9,00,00,00,00,00,00,00,
1907299338,000003CF,false,Rx,0,8,69,00,A3,A3,A3,A3,A3,A3,
1907466386,000003AF,false,Rx,0,8,B9,00,00,00,00,00,00,00,
1907803450,000003CF,false,Rx,0,8,69,00,A3,A3,A3,A3,A3,A3,
1907966570,000003AF,false,Rx,0,8,B9,00,00,00,00,00,00,00,
1908307156,000003CF,false,Rx,0,8,69,00,A3,A3,A3,A3,A3,A3,
1908466753,000003AF,false,Rx,0,8,B9,00,00,00,00,00,00,00,
1908811268,000003CF,false,Rx,0,8,69,00,A3,A3,A3,A3,A3,A3,
1908966784,000003AF,false,Rx,0,8,B9,00,00,00,00,00,00,00,
1909315219,000003CF,false,Rx,0,8,69,00,A3,A3,A3,A3,A3,A3,
1909466950,000003AF,false,Rx,0,8,B9,00,00,00,00,00,00,00,
1909819129,000003CF,false,Rx,0,8,69,00,A3,A3,A3,A3,A3,A3,
1909967153,000003AF,false,Rx,0,8,B9,00,00,00,00,00,00,00,
1910323065,000003CF,false,Rx,0,8,69,00,A3,A3,A3,A3,A3,A3,
1910467173,000003AF,false,Rx,0,8,B9,00,00,00,00,00,00,00,
1910827225,000003CF,false,Rx,0,8,69,00,A3,A3,A3,A3,A3,A3,
1910967480,000003AF,false,Rx,0,8,B9,00,00,00,00,00,00,00,
1911330983,000003CF,false,Rx,0,8,69,00,A3,A3,A3,A3,A3,A3,
1911467696,000003AF,false,Rx,0,8,B9,00,00,00,00,00,00,00,
1911835004,000003CF,false,Rx,0,8,69,00,A3,A3,A3,A3,A3,A3,
1911967658,000003AF,false,Rx,0,8,B9,00,00,00,00,00,00,00,
1912338903,000003CF,false,Rx,0,8,69,00,A3,A3,A3,A3,A3,A3,
1912467831,000003AF,false,Rx,0,8,B9,00,00,00,00,00,00,00,
1912842930,000003CF,false,Rx,0,8,69,00,A3,A3,A3,A3,A3,A3,
1912967943,000003AF,false,Rx,0,8,B9,00,00,00,00,00,00,00,
1913346914,000003CF,false,Rx,0,8,69,00,A3,A3,A3,A3,A3,A3,
1913468091,000003AF,false,Rx,0,8,B9,00,00,00,00,00,00,00,
1913850673,000003CF,false,Rx,0,8,69,00,A3,A3,A3,A3,A3,A3,
1913968124,000003AF,false,Rx,0,8,B9,00,00,00,00,00,00,00,
1914354887,000003CF,false,Rx,0,8,69,00,A3,A3,A3,A3,A3,A3,
1914468276,000003AF,false,Rx,0,8,B9,00,00,00,00,00,00,00,
1914858618,000003CF,false,Rx,0,8,69,00,A3,A3,A3,A3,A3,A3,
1914968535,000003AF,false,Rx,0,8,B9,00,00,00,00,00,00,00,
1915362564,000003CF,false,Rx,0,8,69,00,A3,A3,A3,A3,A3,A3,
1915468517,000003AF,false,Rx,0,8,B9,00,00,00,00,00,00,00,
1915866909,000003CF,false,Rx,0,8,69,00,A3,A3,A3,A3,A3,A3,
1915968736,000003AF,false,Rx,0,8,B9,00,00,00,00,00,00,00,
1916372126,000003CF,false,Rx,0,8,69,00,A3,A3,A3,A3,A3,A3,
1916468911,000003AF,false,Rx,0,8,B9,00,00,00,00,00,00,00,
1916874523,000003CF,false,Rx,0,8,69,00,A3,A3,A3,A3,A3,A3,
1916968896,000003AF,false,Rx,0,8,B9,00,00,00,00,00,00,00,
1917378792,000003CF,false,Rx,0,8,69,00,A3,A3,A3,A3,A3,A3,
1917469236,000003AF,false,Rx,0,8,B9,00,00,00,00,00,00,00,
1917884012,000003CF,false,Rx,0,8,69,00,A3,A3,A3,A3,A3,A3,
1917969343,000003AF,false,Rx,0,8,B9,00,00,00,00,00,00,00,
1918389419,000003CF,false,Rx,0,8,69,00,A3,A3,A3,A3,A3,A3,
1918469518,000003AF,false,Rx,0,8,B9,00,00,00,00,00,00,00,
1918890249,000003CF,false,Rx,0,8,69,00,A3,A3,A3,A3,A3,A3,
1918969662,000003AF,false,Rx,0,8,B9,00,00,00,00,00,00,00,
1919394283,000003CF,false,Rx,0,8,69,00,A3,A3,A3,A3,A3,A3,
1919469756,000003AF,false,Rx,0,8,B9,00,00,00,00,00,00,00,
1919898329,000003CF,false,Rx,0,8,69,00,A3,A3,A3,A3,A3,A3,
1919969905,000003AF,false,Rx,0,8,B9,00,00,00,00,00,00,00,
1920402275,000003CF,false,Rx,0,8,69,00,A3,A3,A3,A3,A3,A3,
1920469895,000003AF,false,Rx,0,8,B9,00,00,00,00,00,00,00,
1920906250,000003CF,false,Rx,0,8,69,00,A3,A3,A3,A3,A3,A3,
1920970029,000003AF,false,Rx,0,8,B9,00,00,00,00,00,00,00,
1921410111,000003CF,false,Rx,0,8,69,00,A3,A3,A3,A3,A3,A3,
1921470264,000003AF,false,Rx,0,8,B9,00,00,00,00,00,00,00,
1921913970,000003CF,false,Rx,0,8,69,00,A3,A3,A3,A3,A3,A3,
1921970424,000003AF,false,Rx,0,8,B9,00,00,00,00,00,00,00,
1922418088,000003CF,false,Rx,0,8,69,00,A3,A3,A3,A3,A3,A3,
1922470631,000003AF,false,Rx,0,8,B9,00,00,00,00,00,00,00,
1922922043,000003CF,false,Rx,0,8,69,00,A3,A3,A3,A3,A3,A3,
1922970596,000003AF,false,Rx,0,8,B9,00,00,00,00,00,00,00,
1923425849,000003CF,false,Rx,0,8,69,00,A3,A3,A3,A3,A3,A3,
1923470879,000003AF,false,Rx,0,8,B9,00,00,00,00,00,00,00,
1923929805,000003CF,false,Rx,0,8,69,00,A3,A3,A3,A3,A3,A3,
1923971010,000003AF,false,Rx,0,8,B9,00,00,00,00,00,00,00,
1924433778,000003CF,false,Rx,0,8,69,00,A3,A3,A3,A3,A3,A3,
1924471110,000003AF,false,Rx,0,8,B9,00,00,00,00,00,00,00,
1924937946,000003CF,false,Rx,0,8,69,00,A3,A3,A3,A3,A3,A3,
1924971233,000003AF,false,Rx,0,8,B9,00,00,00,00,00,00,00,
1925441837,000003CF,false,Rx,0,8,69,00,A3,A3,A3,A3,A3,A3,
1925471361,000003AF,false,Rx,0,8,B9,00,00,00,00,00,00,00,
1925945768,000003CF,false,Rx,0,8,69,00,A3,A3,A3,A3,A3,A3,
1925971570,000003AF,false,Rx,0,8,B9,00,00,00,00,00,00,00,
1926449736,000003CF,false,Rx,0,8,69,00,A3,A3,A3,A3,A3,A3,
1926471612,000003AF,false,Rx,0,8,B9,00,00,00,00,00,00,00,
1926953571,000003CF,false,Rx,0,8,69,00,A3,A3,A3,A3,A3,A3,
1926971696,000003AF,false,Rx,0,8,B9,00,00,00,00,00,00,00,
1927457519,000003CF,false,Rx,0,8,69,00,A3,A3,A3,A3,A3,A3,
1927471908,000003AF,false,Rx,0,8,B9,00,00,00,00,00,00,00,
1927961651,000003CF,false,Rx,0,8,69,00,A3,A3,A3,A3,A3,A3,
1927971988,000003AF,false,Rx,0,8,B9,00,00,00,00,00,00,00,
1928465746,000003CF,false,Rx,0,8,69,00,A3,A3,A3,A3,A3,A3,
1928472276,000003AF,false,Rx,0,8,B9,00,00,00,00,00,00,00,
1928969561,000003CF,false,Rx,0,8,69,00,A3,A3,A3,A3,A3,A3,
1928973314,000003AF,false,Rx,0,8,B9,00,00,00,00,00,00,00,
1929472455,000003AF,false,Rx,0,8,B9,00,00,00,00,00,00,00,
1929473459,000003CF,false,Rx,0,8,69,00,A3,A3,A3,A3,A3,A3,
1929972528,000003AF,false,Rx,0,8,B9,00,00,00,00,00,00,00,
1929977494,000003CF,false,Rx,0,8,69,00,A3,A3,A3,A3,A3,A3,
1930472823,000003AF,false,Rx,0,8,B9,00,00,00,00,00,00,00,
1930481216,000003CF,false,Rx,0,8,69,00,A3,A3,A3,A3,A3,A3,
1930973019,000003AF,false,Rx,0,8,B9,00,00,00,00,00,00,00,
1930985361,000003CF,false,Rx,0,8,69,00,A3,A3,A3,A3,A3,A3,
1931473066,000003AF,false,Rx,0,8,B9,00,00,00,00,00,00,00,
1931489248,000003CF,false,Rx,0,8,69,00,A3,A3,A3,A3,A3,A3,
1931973283,000003AF,false,Rx,0,8,B9,00,00,00,00,00,00,00,
1931993122,000003CF,false,Rx,0,8,69,00,A3,A3,A3,A3,A3,A3,
1932473366,000003AF,false,Rx,0,8,B9,00,00,00,00,00,00,00,
1932498968,000003CF,false,Rx,0,8,69,00,A3,A3,A3,A3,A3,A3,
1932973488,000003AF,false,Rx,0,8,B9,00,00,00,00,00,00,00,
1933001086,000003CF,false,Rx,0,8,69,00,A3,A3,A3,A3,A3,A3,
1933473561,000003AF,false,Rx,0,8,B9,00,00,00,00,00,00,00,
1933505122,000003CF,false,Rx,0,8,69,00,A3,A3,A3,A3,A3,A3,
1933973816,000003AF,false,Rx,0,8,B9,00,00,00,00,00,00,00,
1934009007,000003CF,false,Rx,0,8,69,00,A3,A3,A3,A3,A3,A3,
1934473831,000003AF,false,Rx,0,8,B9,00,00,00,00,00,00,00,
1934512946,000003CF,false,Rx,0,8,69,00,A3,A3,A3,A3,A3,A3,
1934973913,000003AF,false,Rx,0,8,B9,00,00,00,00,00,00,00,
1935016971,000003CF,false,Rx,0,8,69,00,A3,A3,A3,A3,A3,A3,
1935474123,000003AF,false,Rx,0,8,B9,00,00,00,00,00,00,00,
1935521106,000003CF,false,Rx,0,8,69,00,A3,A3,A3,A3,A3,A3,
1935974164,000003AF,false,Rx,0,8,B9,00,00,00,00,00,00,00,
1936024930,000003CF,false,Rx,0,8,69,00,A3,A3,A3,A3,A3,A3,
1936474460,000003AF,false,Rx,0,8,B9,00,00,00,00,00,00,00,
1936528771,000003CF,false,Rx,0,8,69,00,A3,A3,A3,A3,A3,A3,
1936974568,000003AF,false,Rx,0,8,B9,00,00,00,00,00,00,00,
1937032769,000003CF,false,Rx,0,8,69,00,A3,A3,A3,A3,A3,A3,
1937474722,000003AF,false,Rx,0,8,B9,00,00,00,00,00,00,00,
1937536854,000003CF,false,Rx,0,8,69,00,A3,A3,A3,A3,A3,A3,
1937974901,000003AF,false,Rx,0,8,B9,00,00,00,00,00,00,00,
1938040554,000003CF,false,Rx,0,8,69,00,A3,A3,A3,A3,A3,A3,
1938475035,000003AF,false,Rx,0,8,B9,00,00,00,00,00,00,00,
1938544636,000003CF,false,Rx,0,8,69,00,A3,A3,A3,A3,A3,A3,
1938975070,000003AF,false,Rx,0,8,B9,00,00,00,00,00,00,00,
1939048629,000003CF,false,Rx,0,8,69,00,A3,A3,A3,A3,A3,A3,
1939475274,000003AF,false,Rx,0,8,B9,00,00,00,00,00,00,00,
1939552554,000003CF,false,Rx,0,8,69,00,A3,A3,A3,A3,A3,A3,
1939975423,000003AF,false,Rx,0,8,B9,00,00,00,00,00,00,00,
1940056422,000003CF,false,Rx,0,8,69,00,A3,A3,A3,A3,A3,A3,
1940475406,000003AF,false,Rx,0,8,B9,00,00,00,00,00,00,00,
1940560494,000003CF,false,Rx,0,8,69,00,A3,A3,A3,A3,A3,A3,
1940975571,000003AF,false,Rx,0,8,B9,00,00,00,00,00,00,00,
1941064379,000003CF,false,Rx,0,8,69,00,A3,A3,A3,A3,A3,A3,
1941475840,000003AF,false,Rx,0,8,B9,00,00,00,00,00,00,00,
1941568269,000003CF,false,Rx,0,8,69,00,A3,A3,A3,A3,A3,A3,
1941976019,000003AF,false,Rx,0,8,B9,00,00,00,00,00,00,00,
1942072210,000003CF,false,Rx,0,8,69,00,A3,A3,A3,A3,A3,A3,
1942476053,000003AF,false,Rx,0,8,B9,00,00,00,00,00,00,00,
1942576358,000003CF,false,Rx,0,8,69,00,A3,A3,A3,A3,A3,A3,
1942976659,000003AF,false,Rx,0,8,B9,00,00,00,00,00,00,00,
1943080277,000003CF,false,Rx,0,8,69,00,A3,A3,A3,A3,A3,A3,
1943476362,000003AF,false,Rx,0,8,B9,00,00,00,00,00,00,00,
1943584256,000003CF,false,Rx,0,8,69,00,A3,A3,A3,A3,A3,A3,
1943976515,000003AF,false,Rx,0,8,B9,00,00,00,00,00,00,00,
1944088189,000003CF,false,Rx,0,8,69,00,A3,A3,A3,A3,A3,A3,
1944476593,000003AF,false,Rx,0,8,B9,00,00,00,00,00,00,00,
1944592196,000003CF,false,Rx,0,8,69,00,A3,A3,A3,A3,A3,A3,
1944976786,000003AF,false,Rx,0,8,B9,00,00,00,00,00,00,00,
1945096040,000003CF,false,Rx,0,8,69,00,A3,A3,A3,A3,A3,A3,
1945476863,000003AF,false,Rx,0,8,B9,00,00,00,00,00,00,00,
1945599914,000003CF,false,Rx,0,8,69,00,A3,A3,A3,A3,A3,A3,
1945977089,000003AF,false,Rx,0,8,B9,00,00,00,00,00,00,00,
1946104004,000003CF,false,Rx,0,8,69,00,A3,A3,A3,A3,A3,A3,
1946477085,000003AF,false,Rx,0,8,B9,00,00,00,00,00,00,00,
1946607921,000003CF,false,Rx,0,8,69,00,A3,A3,A3,A3,A3,A3,
1946977268,000003AF,false,Rx,0,8,B9,00,00,00,00,00,00,00,
1947111937,000003CF,false,Rx,0,8,69,00,A3,A3,A3,A3,A3,A3,
1947479624,000003AF,false,Rx,0,8,B9,00,00,00,00,00,00,00,
1947615825,000003CF,false,Rx,0,8,69,00,A3,A3,A3,A3,A3,A3,
1947977494,000003AF,false,Rx,0,8,B9,00,00,00,00,00,00,00,
1948120201,000003CF,false,Rx,0,8,69,00,A3,A3,A3,A3,A3,A3,
1948477711,000003AF,false,Rx,0,8,B9,00,00,00,00,00,00,00,
1948625450,000003CF,false,Rx,0,8,69,00,A3,A3,A3,A3,A3,A3,
1948977852,000003AF,false,Rx,0,8,B9,00,00,00,00,00,00,00,
1949127753,000003CF,false,Rx,0,8,69,00,A3,A3,A3,A3,A3,A3,
1949477982,000003AF,false,Rx,0,8,B9,00,00,00,00,00,00,00,
1949631716,000003CF,false,Rx,0,8,69,00,A3,A3,A3,A3,A3,A3,
1949978157,000003AF,false,Rx,0,8,B9,00,00,00,00,00,00,00,
1950136910,000003CF,false,Rx,0,8,69,00,A3,A3,A3,A3,A3,A3,
1950478421,000003AF,false,Rx,0,8,B9,00,00,00,00,00,00,00,
1950642668,000003CF,false,Rx,0,8,69,00,A3,A3,A3,A3,A3,A3,
1950978352,000003AF,false,Rx,0,8,B9,00,00,00,00,00,00,00,
1951143521,000003CF,false,Rx,0,8,69,00,A3,A3,A3,A3,A3,A3,
1951478449,000003AF,false,Rx,0,8,B9,00,00,00,00,00,00,00,
1951647656,000003CF,false,Rx,0,8,69,00,A3,A3,A3,A3,A3,A3,
1951980780,000003AF,false,Rx,0,8,B9,00,00,00,00,00,00,00,
1952151438,000003CF,false,Rx,0,8,69,00,A3,A3,A3,A3,A3,A3,
1952478712,000003AF,false,Rx,0,8,B9,00,00,00,00,00,00,00,
1952655466,000003CF,false,Rx,0,8,69,00,A3,A3,A3,A3,A3,A3,
1952978924,000003AF,false,Rx,0,8,B9,00,00,00,00,00,00,00,
1953159310,000003CF,false,Rx,0,8,69,00,A3,A3,A3,A3,A3,A3,
1953479028,000003AF,false,Rx,0,8,B9,00,00,00,00,00,00,00,
1953663333,000003CF,false,Rx,0,8,69,00,A3,A3,A3,A3,A3,A3,
1953979274,000003AF,false,Rx,0,8,B9,00,00,00,00,00,00,00,
1954167309,000003CF,false,Rx,0,8,69,00,A3,A3,A3,A3,A3,A3,
1954479428,000003AF,false,Rx,0,8,B9,00,00,00,00,00,00,00,
1954671155,000003CF,false,Rx,0,8,69,00,A3,A3,A3,A3,A3,A3,
1954979486,000003AF,false,Rx,0,8,B9,00,00,00,00,00,00,00,
1955175184,000003CF,false,Rx,0,8,69,00,A3,A3,A3,A3,A3,A3,
1955479565,000003AF,false,Rx,0,8,B9,00,00,00,00,00,00,00,
1955679777,000003CF,false,Rx,0,8,69,00,A3,A3,A3,A3,A3,A3,
1955979831,000003AF,false,Rx,0,8,B9,00,00,00,00,00,00,00,
1956182995,000003CF,false,Rx,0,8,69,00,A3,A3,A3,A3,A3,A3,
1956479941,000003AF,false,Rx,0,8,B9,00,00,00,00,00,00,00,
1956686993,000003CF,false,Rx,0,8,69,00,A3,A3,A3,A3,A3,A3,
1956980114,000003AF,false,Rx,0,8,B9,00,00,00,00,00,00,00,
1957191144,000003CF,false,Rx,0,8,69,00,A3,A3,A3,A3,A3,A3,
1957480276,000003AF,false,Rx,0,8,B9,00,00,00,00,00,00,00,
1957694986,000003CF,false,Rx,0,8,69,00,A3,A3,A3,A3,A3,A3,
1957980419,000003AF,false,Rx,0,8,B9,00,00,00,00,00,00,00,
1958198962,000003CF,false,Rx,0,8,69,00,A3,A3,A3,A3,A3,A3,
1958480426,000003AF,false,Rx,0,8,B9,00,00,00,00,00,00,00,
1958702985,000003CF,false,Rx,0,8,69,00,A3,A3,A3,A3,A3,A3,
1958980725,000003AF,false,Rx,0,8,B9,00,00,00,00,00,00,00,
1959206845,000003CF,false,Rx,0,8,69,00,A3,A3,A3,A3,A3,A3,
1959480811,000003AF,false,Rx,0,8,B9,00,00,00,00,00,00,00,
1959710902,000003CF,false,Rx,0,8,69,00,A3,A3,A3,A3,A3,A3,
1959980826,000003AF,false,Rx,0,8,B9,00,00,00,00,00,00,00,
1960214740,000003CF,false,Rx,0,8,69,00,A3,A3,A3,A3,A3,A3,
1960481045,000003AF,false,Rx,0,8,B9,00,00,00,00,00,00,00,
1960718711,000003CF,false,Rx,0,8,69,00,A3,A3,A3,A3,A3,A3,
1960981169,000003AF,false,Rx,0,8,B9,00,00,00,00,00,00,00,
1961222579,000003CF,false,Rx,0,8,69,00,A3,A3,A3,A3,A3,A3,
1961481366,000003AF,false,Rx,0,8,B9,00,00,00,00,00,00,00,
1961726751,000003CF,false,Rx,0,8,69,00,A3,A3,A3,A3,A3,A3,
1961981438,000003AF,false,Rx,0,8,B9,00,00,00,00,00,00,00,
1962230599,000003CF,false,Rx,0,8,69,00,A3,A3,A3,A3,A3,A3,
1962481471,000003AF,false,Rx,0,8,B9,00,00,00,00,00,00,00,
1962734501,000003CF,false,Rx,0,8,69,00,A3,A3,A3,A3,A3,A3,
1962981786,000003AF,false,Rx,0,8,B9,00,00,00,00,00,00,00,
1963238451,000003CF,false,Rx,0,8,69,00,A3,A3,A3,A3,A3,A3,
1963481808,000003AF,false,Rx,0,8,B9,00,00,00,00,00,00,00,
1963742475,000003CF,false,Rx,0,8,69,00,A3,A3,A3,A3,A3,A3,
1963981976,000003AF,false,Rx,0,8,B9,00,00,00,00,00,00,00,
1964246421,000003CF,false,Rx,0,8,69,00,A3,A3,A3,A3,A3,A3,
1964482098,000003AF,false,Rx,0,8,B9,00,00,00,00,00,00,00,
1964750432,000003CF,false,Rx,0,8,69,00,A3,A3,A3,A3,A3,A3,
1964982233,000003AF,false,Rx,0,8,B9,00,00,00,00,00,00,00,
1965254372,000003CF,false,Rx,0,8,69,00,A3,A3,A3,A3,A3,A3,
1965482439,000003AF,false,Rx,0,8,B9,00,00,00,00,00,00,00,
1965758304,000003CF,false,Rx,0,8,69,00,A3,A3,A3,A3,A3,A3,
1965982451,000003AF,false,Rx,0,8,B9,00,00,00,00,00,00,00,
1966262271,000003CF,false,Rx,0,8,69,00,A3,A3,A3,A3,A3,A3,
1966482600,000003AF,false,Rx,0,8,B9,00,00,00,00,00,00,00,
1966766245,000003CF,false,Rx,0,8,69,00,A3,A3,A3,A3,A3,A3,
1966982769,000003AF,false,Rx,0,8,B9,00,00,00,00,00,00,00,
1967270105,000003CF,false,Rx,0,8,69,00,A3,A3,A3,A3,A3,A3,
1967482908,000003AF,false,Rx,0,8,B9,00,00,00,00,00,00,00,
1967774004,000003CF,false,Rx,0,8,69,00,A3,A3,A3,A3,A3,A3,
1967983088,000003AF,false,Rx,0,8,B9,00,00,00,00,00,00,00,
1968278011,000003CF,false,Rx,0,8,69,00,A3,A3,A3,A3,A3,A3,
1968483280,000003AF,false,Rx,0,8,B9,00,00,00,00,00,00,00,
1968782104,000003CF,false,Rx,0,8,69,00,A3,A3,A3,A3,A3,A3,
1968983408,000003AF,false,Rx,0,8,B9,00,00,00,00,00,00,00,
1969286002,000003CF,false,Rx,0,8,69,00,A3,A3,A3,A3,A3,A3,
1969483597,000003AF,false,Rx,0,8,B9,00,00,00,00,00,00,00,
1969789945,000003CF,false,Rx,0,8,69,00,A3,A3,A3,A3,A3,A3,
1969983561,000003AF,false,Rx,0,8,B9,00,00,00,00,00,00,00,
1970293845,000003CF,false,Rx,0,8,69,00,A3,A3,A3,A3,A3,A3,
1970483756,000003AF,false,Rx,0,8,B9,00,00,00,00,00,00,00,
1970797885,000003CF,false,Rx,0,8,69,00,A3,A3,A3,A3,A3,A3,
1970983819,000003AF,false,Rx,0,8,B9,00,00,00,00,00,00,00,
1971301807,000003CF,false,Rx,0,8,69,00,A3,A3,A3,A3,A3,A3,
1971484061,000003AF,false,Rx,0,8,B9,00,00,00,00,00,00,00,
1971805755,000003CF,false,Rx,0,8,69,00,A3,A3,A3,A3,A3,A3,
1971984147,000003AF,false,Rx,0,8,B9,00,00,00,00,00,00,00,
1972309783,000003CF,false,Rx,0,8,69,00,A3,A3,A3,A3,A3,A3,
1972484396,000003AF,false,Rx,0,8,B9,00,00,00,00,00,00,00,
1972813717,000003CF,false,Rx,0,8,69,00,A3,A3,A3,A3,A3,A3,
1972984477,000003AF,false,Rx,0,8,B9,00,00,00,00,00,00,00,
1973317624,000003CF,false,Rx,0,8,69,00,A3,A3,A3,A3,A3,A3,
1973484673,000003AF,false,Rx,0,8,B9,00,00,00,00,00,00,00,
1973821652,000003CF,false,Rx,0,8,69,00,A3,A3,A3,A3,A3,A3,
1973984818,000003AF,false,Rx,0,8,B9,00,00,00,00,00,00,00,
1974325505,000003CF,false,Rx,0,8,69,00,A3,A3,A3,A3,A3,A3,
1974484778,000003AF,false,Rx,0,8,B9,00,00,00,00,00,00,00,
1974829673,000003CF,false,Rx,0,8,69,00,A3,A3,A3,A3,A3,A3,
1974985057,000003AF,false,Rx,0,8,B9,00,00,00,00,00,00,00,
1975333472,000003CF,false,Rx,0,8,69,00,A3,A3,A3,A3,A3,A3,
1975485140,000003AF,false,Rx,0,8,B9,00,00,00,00,00,00,00,
1975837411,000003CF,false,Rx,0,8,69,00,A3,A3,A3,A3,A3,A3,
1975985340,000003AF,false,Rx,0,8,B9,00,00,00,00,00,00,00,
1976341512,000003CF,false,Rx,0,8,69,00,A3,A3,A3,A3,A3,A3,
1976485314,000003AF,false,Rx,0,8,B9,00,00,00,00,00,00,00,
1976845292,000003CF,false,Rx,0,8,69,00,A3,A3,A3,A3,A3,A3,
1976985548,000003AF,false,Rx,0,8,B9,00,00,00,00,00,00,00,
1977349168,000003CF,false,Rx,0,8,69,00,A3,A3,A3,A3,A3,A3,
1977485693,000003AF,false,Rx,0,8,B9,00,00,00,00,00,00,00,
1977853362,000003CF,false,Rx,0,8,69,00,A3,A3,A3,A3,A3,A3,
1977985902,000003AF,false,Rx,0,8,B9,00,00,00,00,00,00,00,
1978357249,000003CF,false,Rx,0,8,69,00,A3,A3,A3,A3,A3,A3,
1978486002,000003AF,false,Rx,0,8,B9,00,00,00,00,00,00,00,
1978861176,000003CF,false,Rx,0,8,69,00,A3,A3,A3,A3,A3,A3,
1978986013,000003AF,false,Rx,0,8,B9,00,00,00,00,00,00,00,
1979365076,000003CF,false,Rx,0,8,69,00,A3,A3,A3,A3,A3,A3,
1979486212,000003AF,false,Rx,0,8,B9,00,00,00,00,00,00,00,
1979869198,000003CF,false,Rx,0,8,69,00,A3,A3,A3,A3,A3,A3,
1979986430,000003AF,false,Rx,0,8,B9,00,00,00,00,00,00,00,
1980373530,000003CF,false,Rx,0,8,69,00,A3,A3,A3,A3,A3,A3,
1980486527,000003AF,false,Rx,0,8,B9,00,00,00,00,00,00,00,
1980876891,000003CF,false,Rx,0,8,69,00,A3,A3,A3,A3,A3,A3,
1980986707,000003AF,false,Rx,0,8,B9,00,00,00,00,00,00,00,
1981380922,000003CF,false,Rx,0,8,69,00,A3,A3,A3,A3,A3,A3,
1981486721,000003AF,false,Rx,0,8,B9,00,00,00,00,00,00,00,
1981884916,000003CF,false,Rx,0,8,69,00,A3,A3,A3,A3,A3,A3,
1981986825,000003AF,false,Rx,0,8,B9,00,00,00,00,00,00,00,
1982390841,000003CF,false,Rx,0,8,69,00,A3,A3,A3,A3,A3,A3,
1982487074,000003AF,false,Rx,0,8,B9,00,00,00,00,00,00,00,
1982896962,000003CF,false,Rx,0,8,69,00,A3,A3,A3,A3,A3,A3,
1982987266,000003AF,false,Rx,0,8,B9,00,00,00,00,00,00,00,
1983396764,000003CF,false,Rx,0,8,69,00,A3,A3,A3,A3,A3,A3,
1983487381,000003AF,false,Rx,0,8,B9,00,00,00,00,00,00,00,
1983900742,000003CF,false,Rx,0,8,69,00,A3,A3,A3,A3,A3,A3,
1983987535,000003AF,false,Rx,0,8,B9,00,00,00,00,00,00,00,
1984404664,000003CF,false,Rx,0,8,69,00,A3,A3,A3,A3,A3,A3,
1984487626,000003AF,false,Rx,0,8,B9,00,00,00,00,00,00,00,
1984908717,000003CF,false,Rx,0,8,69,00,A3,A3,A3,A3,A3,A3,
1984987644,000003AF,false,Rx,0,8,B9,00,00,00,00,00,00,00,
1985412503,000003CF,false,Rx,0,8,69,00,A3,A3,A3,A3,A3,A3,
1985487945,000003AF,false,Rx,0,8,B9,00,00,00,00,00,00,00,
1985916525,000003CF,false,Rx,0,8,69,00,A3,A3,A3,A3,A3,A3,
1985987934,000003AF,false,Rx,0,8,B9,00,00,00,00,00,00,00,
1986420436,000003CF,false,Rx,0,8,69,00,A3,A3,A3,A3,A3,A3,
1986488280,000003AF,false,Rx,0,8,B9,00,00,00,00,00,00,00,
1986924532,000003CF,false,Rx,0,8,69,00,A3,A3,A3,A3,A3,A3,
1986988404,000003AF,false,Rx,0,8,B9,00,00,00,00,00,00,00,
1987428436,000003CF,false,Rx,0,8,69,00,A3,A3,A3,A3,A3,A3,
1987488367,000003AF,false,Rx,0,8,B9,00,00,00,00,00,00,00,
1987932353,000003CF,false,Rx,0,8,69,00,A3,A3,A3,A3,A3,A3,
1987988635,000003AF,false,Rx,0,8,B9,00,00,00,00,00,00,00,
1988436373,000003CF,false,Rx,0,8,69,00,A3,A3,A3,A3,A3,A3,
1988488815,000003AF,false,Rx,0,8,B9,00,00,00,00,00,00,00,
1988940205,000003CF,false,Rx,0,8,69,00,A3,A3,A3,A3,A3,A3,
1988988899,000003AF,false,Rx,0,8,B9,00,00,00,00,00,00,00,
1989444199,000003CF,false,Rx,0,8,69,00,A3,A3,A3,A3,A3,A3,
1989488986,000003AF,false,Rx,0,8,B9,00,00,00,00,00,00,00,
1989948130,000003CF,false,Rx,0,8,69,00,A3,A3,A3,A3,A3,A3,
1989989119,000003AF,false,Rx,0,8,B9,00,00,00,00,00,00,00,
1990452179,000003CF,false,Rx,0,8,69,00,A3,A3,A3,A3,A3,A3,
1990489292,000003AF,false,Rx,0,8,B9,00,00,00,00,00,00,00,
1990956176,000003CF,false,Rx,0,8,69,00,A3,A3,A3,A3,A3,A3,
1990989423,000003AF,false,Rx,0,8,B9,00,00,00,00,00,00,00,
1991459948,000003CF,false,Rx,0,8,69,00,A3,A3,A3,A3,A3,A3,
1991489641,000003AF,false,Rx,0,8,B9,00,00,00,00,00,00,00,
1991963992,000003CF,false,Rx,0,8,69,00,A3,A3,A3,A3,A3,A3,
1991989725,000003AF,false,Rx,0,8,B9,00,00,00,00,00,00,00,
1992468006,000003CF,false,Rx,0,8,69,00,A3,A3,A3,A3,A3,A3,
1992489840,000003AF,false,Rx,0,8,B9,00,00,00,00,00,00,00,
1992971996,000003CF,false,Rx,0,8,69,00,A3,A3,A3,A3,A3,A3,
1992989853,000003AF,false,Rx,0,8,B9,00,00,00,00,00,00,00,
1993475939,000003CF,false,Rx,0,8,69,00,A3,A3,A3,A3,A3,A3,
1993490059,000003AF,false,Rx,0,8,B9,00,00,00,00,00,00,00,
1993979917,000003CF,false,Rx,0,8,69,00,A3,A3,A3,A3,A3,A3,
1993990120,000003AF,false,Rx,0,8,B9,00,00,00,00,00,00,00,
1994483840,000003CF,false,Rx,0,8,69,00,A3,A3,A3,A3,A3,A3,
1994490248,000003AF,false,Rx,0,8,B9,00,00,00,00,00,00,00,
1994987834,000003CF,false,Rx,0,8,69,00,A3,A3,A3,A3,A3,A3,
1994990504,000003AF,false,Rx,0,8,B9,00,00,00,00,00,00,00,
1995490761,000003AF,false,Rx,0,8,B9,00,00,00,00,00,00,00,
1995491781,000003CF,false,Rx,0,8,69,00,A3,A3,A3,A3,A3,A3,
1995990688,000003AF,false,Rx,0,8,B9,00,00,00,00,00,00,00,
1995995708,000003CF,false,Rx,0,8,69,00,A3,A3,A3,A3,A3,A3,
1996490886,000003AF,false,Rx,0,8,B9,00,00,00,00,00,00,00,
1996499644,000003CF,false,Rx,0,8,69,00,A3,A3,A3,A3,A3,A3,
1996991011,000003AF,false,Rx,0,8,B9,00,00,00,00,00,00,00,
1997003448,000003CF,false,Rx,0,8,69,00,A3,A3,A3,A3,A3,A3,
1997491327,000003AF,false,Rx,0,8,B9,00,00,00,00,00,00,00,
1997507568,000003CF,false,Rx,0,8,69,00,A3,A3,A3,A3,A3,A3,
1997991400,000003AF,false,Rx,0,8,B9,00,00,00,00,00,00,00,
1998011513,000003CF,false,Rx,0,8,69,00,A3,A3,A3,A3,A3,A3,
1998491481,000003AF,false,Rx,0,8,B9,00,00,00,00,00,00,00,
1998515577,000003CF,false,Rx,0,8,69,00,A3,A3,A3,A3,A3,A3,
1998991517,000003AF,false,Rx,0,8,B9,00,00,00,00,00,00,00,
1999019473,000003CF,false,Rx,0,8,69,00,A3,A3,A3,A3,A3,A3,
1999491757,000003AF,false,Rx,0,8,B9,00,00,00,00,00,00,00,
1999523354,000003CF,false,Rx,0,8,69,00,A3,A3,A3,A3,A3,A3,
1999991761,000003AF,false,Rx,0,8,B9,00,00,00,00,00,00,00,
2000027373,000003CF,false,Rx,0,8,69,00,A3,A3,A3,A3,A3,A3,
2000491974,000003AF,false,Rx,0,8,B9,00,00,00,00,00,00,00,
2000531368,000003CF,false,Rx,0,8,69,00,A3,A3,A3,A3,A3,A3,
2000992192,000003AF,false,Rx,0,8,B9,00,00,00,00,00,00,00,
2001035236,000003CF,false,Rx,0,8,69,00,A3,A3,A3,A3,A3,A3,
2001492375,000003AF,false,Rx,0,8,B9,00,00,00,00,00,00,00,
2001539247,000003CF,false,Rx,0,8,69,00,A3,A3,A3,A3,A3,A3,
2001992562,000003AF,false,Rx,0,8,B9,00,00,00,00,00,00,00,
2002043107,000003CF,false,Rx,0,8,69,00,A3,A3,A3,A3,A3,A3,
2002492743,000003AF,false,Rx,0,8,B9,00,00,00,00,00,00,00,
2002547213,000003CF,false,Rx,0,8,69,00,A3,A3,A3,A3,A3,A3,
2002992676,000003AF,false,Rx,0,8,B9,00,00,00,00,00,00,00,
2003051005,000003CF,false,Rx,0,8,69,00,A3,A3,A3,A3,A3,A3,
2003492872,000003AF,false,Rx,0,8,B9,00,00,00,00,00,00,00,
2003555180,000003CF,false,Rx,0,8,69,00,A3,A3,A3,A3,A3,A3,
2003993099,000003AF,false,Rx,0,8,B9,00,00,00,00,00,00,00,
2004059034,000003CF,false,Rx,0,8,69,00,A3,A3,A3,A3,A3,A3,
2004493230,000003AF,false,Rx,0,8,B9,00,00,00,00,00,00,00,
2004563021,000003CF,false,Rx,0,8,69,00,A3,A3,A3,A3,A3,A3,
2004993289,000003AF,false,Rx,0,8,B9,00,00,00,00,00,00,00,
2005066941,000003CF,false,Rx,0,8,69,00,A3,A3,A3,A3,A3,A3,
2005493478,000003AF,false,Rx,0,8,B9,00,00,00,00,00,00,00,
2005570882,000003CF,false,Rx,0,8,69,00,A3,A3,A3,A3,A3,A3,
2005993449,000003AF,false,Rx,0,8,B9,00,00,00,00,00,00,00,
2006074819,000003CF,false,Rx,0,8,69,00,A3,A3,A3,A3,A3,A3,
2006493797,000003AF,false,Rx,0,8,B9,00,00,00,00,00,00,00,
2006578784,000003CF,false,Rx,0,8,69,00,A3,A3,A3,A3,A3,A3,
2006993910,000003AF,false,Rx,0,8,B9,00,00,00,00,00,00,00,
2007082723,000003CF,false,Rx,0,8,69,00,A3,A3,A3,A3,A3,A3,
2007493885,000003AF,false,Rx,0,8,B9,00,00,00,00,00,00,00,
2007586744,000003CF,false,Rx,0,8,69,00,A3,A3,A3,A3,A3,A3,
2007994137,000003AF,false,Rx,0,8,B9,00,00,00,00,00,00,00,
2008090719,000003CF,false,Rx,0,8,69,00,A3,A3,A3,A3,A3,A3,
2008494269,000003AF,false,Rx,0,8,B9,00,00,00,00,00,00,00,
2008594705,000003CF,false,Rx,0,8,69,00,A3,A3,A3,A3,A3,A3,
2008994745,000003AF,false,Rx,0,8,B9,00,00,00,00,00,00,00,
2009098527,000003CF,false,Rx,0,8,69,00,A3,A3,A3,A3,A3,A3,
2009494440,000003AF,false,Rx,0,8,B9,00,00,00,00,00,00,00,
2009602577,000003CF,false,Rx,0,8,69,00,A3,A3,A3,A3,A3,A3,
2009994734,000003AF,false,Rx,0,8,B9,00,00,00,00,00,00,00,
2010106455,000003CF,false,Rx,0,8,69,00,A3,A3,A3,A3,A3,A3,
2010494848,000003AF,false,Rx,0,8,B9,00,00,00,00,00,00,00,
2010610306,000003CF,false,Rx,0,8,69,00,A3,A3,A3,A3,A3,A3,
2010994878,000003AF,false,Rx,0,8,B9,00,00,00,00,00,00,00,
2011114430,000003CF,false,Rx,0,8,69,00,A3,A3,A3,A3,A3,A3,
2011495125,000003AF,false,Rx,0,8,B9,00,00,00,00,00,00,00,
2011618359,000003CF,false,Rx,0,8,69,00,A3,A3,A3,A3,A3,A3,
2011995135,000003AF,false,Rx,0,8,B9,00,00,00,00,00,00,00,
2012122314,000003CF,false,Rx,0,8,69,00,A3,A3,A3,A3,A3,A3,
2012495345,000003AF,false,Rx,0,8,B9,00,00,00,00,00,00,00,
2012627013,000003CF,false,Rx,0,8,69,00,A3,A3,A3,A3,A3,A3,
2012995395,000003AF,false,Rx,0,8,B9,00,00,00,00,00,00,00,
2013131960,000003CF,false,Rx,0,8,69,00,A3,A3,A3,A3,A3,A3,
2013495628,000003AF,false,Rx,0,8,B9,00,00,00,00,00,00,00,
2013634132,000003CF,false,Rx,0,8,69,00,A3,A3,A3,A3,A3,A3,
2013995885,000003AF,false,Rx,0,8,B9,00,00,00,00,00,00,00,
2014137975,000003CF,false,Rx,0,8,69,00,A3,A3,A3,A3,A3,A3,
2014496043,000003AF,false,Rx,0,8,B9,00,00,00,00,00,00,00,
2014643503,000003CF,false,Rx,0,8,69,00,A3,A3,A3,A3,A3,A3,
2014996008,000003AF,false,Rx,0,8,B9,00,00,00,00,00,00,00,
2015149020,000003CF,false,Rx,0,8,69,00,A3,A3,A3,A3,A3,A3,
2015496135,000003AF,false,Rx,0,8,B9,00,00,00,00,00,00,00,
2015649937,000003CF,false,Rx,0,8,69,00,A3,A3,A3,A3,A3,A3,
2015996453,000003AF,false,Rx,0,8,B9,00,00,00,00,00,00,00,
2016154015,000003CF,false,Rx,0,8,69,00,A3,A3,A3,A3,A3,A3,
2016496509,000003AF,false,Rx,0,8,B9,00,00,00,00,00,00,00,
2016657975,000003CF,false,Rx,0,8,69,00,A3,A3,A3,A3,A3,A3,
2016996671,000003AF,false,Rx,0,8,B9,00,00,00,00,00,00,00,
2017161878,000003CF,false,Rx,0,8,69,00,A3,A3,A3,A3,A3,A3,
2017496724,000003AF,false,Rx,0,8,B9,00,00,00,00,00,00,00,
2017665886,000003CF,false,Rx,0,8,69,00,A3,A3,A3,A3,A3,A3,
2017996793,000003AF,false,Rx,0,8,B9,00,00,00,00,00,00,00,
2018169659,000003CF,false,Rx,0,8,69,00,A3,A3,A3,A3,A3,A3,
2018497060,000003AF,false,Rx,0,8,B9,00,00,00,00,00,00,00,
2018673711,000003CF,false,Rx,0,8,69,00,A3,A3,A3,A3,A3,A3,
2018997154,000003AF,false,Rx,0,8,B9,00,00,00,00,00,00,00,
2019177693,000003CF,false,Rx,0,8,69,00,A3,A3,A3,A3,A3,A3,
2019497362,000003AF,false,Rx,0,8,B9,00,00,00,00,00,00,00,
2019681553,000003CF,false,Rx,0,8,69,00,A3,A3,A3,A3,A3,A3,
2019997443,000003AF,false,Rx,0,8,B9,00,00,00,00,00,00,00,
2020185560,000003CF,false,Rx,0,8,69,00,A3,A3,A3,A3,A3,A3,
2020497652,000003AF,false,Rx,0,8,B9,00,00,00,00,00,00,00,
2020689597,000003CF,false,Rx,0,8,69,00,A3,A3,A3,A3,A3,A3,
2020997702,000003AF,false,Rx,0,8,B9,00,00,00,00,00,00,00,
2021193531,000003CF,false,Rx,0,8,69,00,A3,A3,A3,A3,A3,A3,
2021497703,000003AF,false,Rx,0,8,B9,00,00,00,00,00,00,00,
2021697469,000003CF,false,Rx,0,8,69,00,A3,A3,A3,A3,A3,A3,
2021997880,000003AF,false,Rx,0,8,B9,00,00,00,00,00,00,00,
2022201354,000003CF,false,Rx,0,8,69,00,A3,A3,A3,A3,A3,A3,
2022498042,000003AF,false,Rx,0,8,B9,00,00,00,00,00,00,00,
2022705406,000003CF,false,Rx,0,8,69,00,A3,A3,A3,A3,A3,A3,
2022998299,000003AF,false,Rx,0,8,B9,00,00,00,00,00,00,00,
2023209364,000003CF,false,Rx,0,8,69,00,A3,A3,A3,A3,A3,A3,
2023498260,000003AF,false,Rx,0,8,B9,00,00,00,00,00,00,00,
2023713943,000003CF,false,Rx,0,8,69,00,A3,A3,A3,A3,A3,A3,
2023998628,000003AF,false,Rx,0,8,B9,00,00,00,00,00,00,00,
2024217099,000003CF,false,Rx,0,8,69,00,A3,A3,A3,A3,A3,A3,
2024498754,000003AF,false,Rx,0,8,B9,00,00,00,00,00,00,00,
2024721217,000003CF,false,Rx,0,8,69,00,A3,A3,A3,A3,A3,A3,
2024998786,000003AF,false,Rx,0,8,B9,00,00,00,00,00,00,00,
2025225233,000003CF,false,Rx,0,8,69,00,A3,A3,A3,A3,A3,A3,
2025498947,000003AF,false,Rx,0,8,B9,00,00,00,00,00,00,00,
2025729145,000003CF,false,Rx,0,8,69,00,A3,A3,A3,A3,A3,A3,
2025998934,000003AF,false,Rx,0,8,B9,00,00,00,00,00,00,00,
2026232949,000003CF,false,Rx,0,8,69,00,A3,A3,A3,A3,A3,A3,
2026499241,000003AF,false,Rx,0,8,B9,00,00,00,00,00,00,00,
2026737045,000003CF,false,Rx,0,8,69,00,A3,A3,A3,A3,A3,A3,
2026999283,000003AF,false,Rx,0,8,B9,00,00,00,00,00,00,00,
2027241023,000003CF,false,Rx,0,8,69,00,A3,A3,A3,A3,A3,A3,
2027499548,000003AF,false,Rx,0,8,B9,00,00,00,00,00,00,00,
2027745126,000003CF,false,Rx,0,8,69,00,A3,A3,A3,A3,A3,A3,
2027999707,000003AF,false,Rx,0,8,B9,00,00,00,00,00,00,00,
2028248908,000003CF,false,Rx,0,8,69,00,A3,A3,A3,A3,A3,A3,
2028499842,000003AF,false,Rx,0,8,B9,00,00,00,00,00,00,00,
2028752725,000003CF,false,Rx,0,8,69,00,A3,A3,A3,A3,A3,A3,
2028999968,000003AF,false,Rx,0,8,B9,00,00,00,00,00,00,00,
2029256738,000003CF,false,Rx,0,8,69,00,A3,A3,A3,A3,A3,A3,
2029499993,000003AF,false,Rx,0,8,B9,00,00,00,00,00,00,00,
2029760632,000003CF,false,Rx,0,8,69,00,A3,A3,A3,A3,A3,A3,
2030000233,000003AF,false,Rx,0,8,B9,00,00,00,00,00,00,00,
2030264686,000003CF,false,Rx,0,8,69,00,A3,A3,A3,A3,A3,A3,
2030503030,000003AF,false,Rx,0,8,B9,00,00,00,00,00,00,00,
2030768632,000003CF,false,Rx,0,8,69,00,A3,A3,A3,A3,A3,A3,
2031000512,000003AF,false,Rx,0,8,B9,00,00,00,00,00,00,00,
2031272650,000003CF,false,Rx,0,8,69,00,A3,A3,A3,A3,A3,A3,
2031500665,000003AF,false,Rx,0,8,B9,00,00,00,00,00,00,00,
2031776669,000003CF,false,Rx,0,8,69,00,A3,A3,A3,A3,A3,A3,
2032000786,000003AF,false,Rx,0,8,B9,00,00,00,00,00,00,00,
2032280586,000003CF,false,Rx,0,8,69,00,A3,A3,A3,A3,A3,A3,
2032500743,000003AF,false,Rx,0,8,B9,00,00,00,00,00,00,00,
2032784509,000003CF,false,Rx,0,8,69,00,A3,A3,A3,A3,A3,A3,
2033000968,000003AF,false,Rx,0,8,B9,00,00,00,00,00,00,00,
2033288387,000003CF,false,Rx,0,8,69,00,A3,A3,A3,A3,A3,A3,
2033501216,000003AF,false,Rx,0,8,B9,00,00,00,00,00,00,00,
2033792420,000003CF,false,Rx,0,8,69,00,A3,A3,A3,A3,A3,A3,
2034001232,000003AF,false,Rx,0,8,B9,00,00,00,00,00,00,00,
2034296345,000003CF,false,Rx,0,8,69,00,A3,A3,A3,A3,A3,A3,
2034501445,000003AF,false,Rx,0,8,B9,00,00,00,00,00,00,00,
2034800372,000003CF,false,Rx,0,8,69,00,A3,A3,A3,A3,A3,A3,
2035001586,000003AF,false,Rx,0,8,B9,00,00,00,00,00,00,00,
2035304172,000003CF,false,Rx,0,8,69,00,A3,A3,A3,A3,A3,A3,
2035501659,000003AF,false,Rx,0,8,B9,00,00,00,00,00,00,00,
2035808227,000003CF,false,Rx,0,8,69,00,A3,A3,A3,A3,A3,A3,
2036001835,000003AF,false,Rx,0,8,B9,00,00,00,00,00,00,00,
2036312123,000003CF,false,Rx,0,8,69,00,A3,A3,A3,A3,A3,A3,
2036502073,000003AF,false,Rx,0,8,B9,00,00,00,00,00,00,00,
2036816046,000003CF,false,Rx,0,8,69,00,A3,A3,A3,A3,A3,A3,
2037002178,000003AF,false,Rx,0,8,B9,00,00,00,00,00,00,00,
2037320143,000003CF,false,Rx,0,8,69,00,A3,A3,A3,A3,A3,A3,
2037502297,000003AF,false,Rx,0,8,B9,00,00,00,00,00,00,00,
2037824048,000003CF,false,Rx,0,8,69,00,A3,A3,A3,A3,A3,A3,
2038002362,000003AF,false,Rx,0,8,B9,00,00,00,00,00,00,00,
2038327990,000003CF,false,Rx,0,8,69,00,A3,A3,A3,A3,A3,A3,
2038502544,000003AF,false,Rx,0,8,B9,00,00,00,00,00,00,00,
2038832030,000003CF,false,Rx,0,8,69,00,A3,A3,A3,A3,A3,A3,
2039002723,000003AF,false,Rx,0,8,B9,00,00,00,00,00,00,00,
2039335861,000003CF,false,Rx,0,8,69,00,A3,A3,A3,A3,A3,A3,
2039502882,000003AF,false,Rx,0,8,B9,00,00,00,00,00,00,00,
2039839996,000003CF,false,Rx,0,8,69,00,A3,A3,A3,A3,A3,A3,
2040002908,000003AF,false,Rx,0,8,B9,00,00,00,00,00,00,00,
2040343856,000003CF,false,Rx,0,8,69,00,A3,A3,A3,A3,A3,A3,
2040503135,000003AF,false,Rx,0,8,B9,00,00,00,00,00,00,00,
2040847926,000003CF,false,Rx,0,8,69,00,A3,A3,A3,A3,A3,A3,
2041003230,000003AF,false,Rx,0,8,B9,00,00,00,00,00,00,00,
2041351759,000003CF,false,Rx,0,8,69,00,A3,A3,A3,A3,A3,A3,
2041503370,000003AF,false,Rx,0,8,B9,00,00,00,00,00,00,00,
2041855737,000003CF,false,Rx,0,8,69,00,A3,A3,A3,A3,A3,A3,
2042003442,000003AF,false,Rx,0,8,B9,00,00,00,00,00,00,00,
2042359643,000003CF,false,Rx,0,8,69,00,A3,A3,A3,A3,A3,A3,
2042503677,000003AF,false,Rx,0,8,B9,00,00,00,00,00,00,00,
2042863689,000003CF,false,Rx,0,8,69,00,A3,A3,A3,A3,A3,A3,
2043003790,000003AF,false,Rx,0,8,B9,00,00,00,00,00,00,00,
2043367639,000003CF,false,Rx,0,8,69,00,A3,A3,A3,A3,A3,A3,
2043503861,000003AF,false,Rx,0,8,B9,00,00,00,00,00,00,00,
2043871636,000003CF,false,Rx,0,8,69,00,A3,A3,A3,A3,A3,A3,
2044003935,000003AF,false,Rx,0,8,B9,00,00,00,00,00,00,00,
2044375491,000003CF,false,Rx,0,8,69,00,A3,A3,A3,A3,A3,A3,
2044504199,000003AF,false,Rx,0,8,B9,00,00,00,00,00,00,00,
2044880814,000003CF,false,Rx,0,8,69,00,A3,A3,A3,A3,A3,A3,
2045004186,000003AF,false,Rx,0,8,B9,00,00,00,00,00,00,00,
2045385244,000003CF,false,Rx,0,8,69,00,A3,A3,A3,A3,A3,A3,
2045504387,000003AF,false,Rx,0,8,B9,00,00,00,00,00,00,00,
2045887241,000003CF,false,Rx,0,8,69,00,A3,A3,A3,A3,A3,A3,
2046004570,000003AF,false,Rx,0,8,B9,00,00,00,00,00,00,00,
2046391393,000003CF,false,Rx,0,8,69,00,A3,A3,A3,A3,A3,A3,
2046504769,000003AF,false,Rx,0,8,B9,00,00,00,00,00,00,00,
2046896635,000003CF,false,Rx,0,8,69,00,A3,A3,A3,A3,A3,A3,
2047004871,000003AF,false,Rx,0,8,B9,00,00,00,00,00,00,00,
2047402313,000003CF,false,Rx,0,8,69,00,A3,A3,A3,A3,A3,A3,
2047505082,000003AF,false,Rx,0,8,B9,00,00,00,00,00,00,00,
2047903074,000003CF,false,Rx,0,8,69,00,A3,A3,A3,A3,A3,A3,
2048005184,000003AF,false,Rx,0,8,B9,00,00,00,00,00,00,00,
2048407118,000003CF,false,Rx,0,8,69,00,A3,A3,A3,A3,A3,A3,
2048505290,000003AF,false,Rx,0,8,B9,00,00,00,00,00,00,00,
2048911062,000003CF,false,Rx,0,8,69,00,A3,A3,A3,A3,A3,A3,
2049005528,000003AF,false,Rx,0,8,B9,00,00,00,00,00,00,00,
2049415079,000003CF,false,Rx,0,8,69,00,A3,A3,A3,A3,A3,A3,
2049505474,000003AF,false,Rx,0,8,B9,00,00,00,00,00,00,00,
2049919046,000003CF,false,Rx,0,8,69,00,A3,A3,A3,A3,A3,A3,
2050005644,000003AF,false,Rx,0,8,B9,00,00,00,00,00,00,00,
2050423051,000003CF,false,Rx,0,8,69,00,A3,A3,A3,A3,A3,A3,
2050505852,000003AF,false,Rx,0,8,B9,00,00,00,00,00,00,00,
2050926931,000003CF,false,Rx,0,8,69,00,A3,A3,A3,A3,A3,A3,
2051005902,000003AF,false,Rx,0,8,B9,00,00,00,00,00,00,00,
2051430916,000003CF,false,Rx,0,8,69,00,A3,A3,A3,A3,A3,A3,
2051506021,000003AF,false,Rx,0,8,B9,00,00,00,00,00,00,00,
2051934861,000003CF,false,Rx,0,8,69,00,A3,A3,A3,A3,A3,A3,
2052006305,000003AF,false,Rx,0,8,B9,00,00,00,00,00,00,00,
2052438664,000003CF,false,Rx,0,8,69,00,A3,A3,A3,A3,A3,A3,
2052506416,000003AF,false,Rx,0,8,B9,00,00,00,00,00,00,00,
2052942809,000003CF,false,Rx,0,8,69,00,A3,A3,A3,A3,A3,A3,
2053006513,000003AF,false,Rx,0,8,B9,00,00,00,00,00,00,00,
2053446576,000003CF,false,Rx,0,8,69,00,A3,A3,A3,A3,A3,A3,
2053506679,000003AF,false,Rx,0,8,B9,00,00,00,00,00,00,00,
2053950628,000003CF,false,Rx,0,8,69,00,A3,A3,A3,A3,A3,A3,
2054006915,000003AF,false,Rx,0,8,B9,00,00,00,00,00,00,00,
2054454673,000003CF,false,Rx,0,8,69,00,A3,A3,A3,A3,A3,A3,
2054506821,000003AF,false,Rx,0,8,B9,00,00,00,00,00,00,00,
2054958475,000003CF,false,Rx,0,8,69,00,A3,A3,A3,A3,A3,A3,
2055006971,000003AF,false,Rx,0,8,B9,00,00,00,00,00,00,00,
2055462570,000003CF,false,Rx,0,8,69,00,A3,A3,A3,A3,A3,A3,
2055507148,000003AF,false,Rx,0,8,B9,00,00,00,00,00,00,00,
2055966577,000003CF,false,Rx,0,8,69,00,A3,A3,A3,A3,A3,A3,
2056007416,000003AF,false,Rx,0,8,B9,00,00,00,00,00,00,00,
2056470432,000003CF,false,Rx,0,8,69,00,A3,A3,A3,A3,A3,A3,
2056507378,000003AF,false,Rx,0,8,B9,00,00,00,00,00,00,00,
2056974374,000003CF,false,Rx,0,8,69,00,A3,A3,A3,A3,A3,A3,
2057007612,000003AF,false,Rx,0,8,B9,00,00,00,00,00,00,00,
2057480036,000003CF,false,Rx,0,8,69,00,A3,A3,A3,A3,A3,A3,
2057507764,000003AF,false,Rx,0,8,B9,00,00,00,00,00,00,00,
2057982583,000003CF,false,Rx,0,8,69,00,A3,A3,A3,A3,A3,A3,
2058007831,000003AF,false,Rx,0,8,B9,00,00,00,00,00,00,00,
2058486403,000003CF,false,Rx,0,8,69,00,A3,A3,A3,A3,A3,A3,
2058507882,000003AF,false,Rx,0,8,B9,00,00,00,00,00,00,00,
2058990183,000003CF,false,Rx,0,8,69,00,A3,A3,A3,A3,A3,A3,
2059008127,000003AF,false,Rx,0,8,B9,00,00,00,00,00,00,00,
2059494144,000003CF,false,Rx,0,8,69,00,A3,A3,A3,A3,A3,A3,
2059508430,000003AF,false,Rx,0,8,B9,00,00,00,00,00,00,00,
2059998228,000003CF,false,Rx,0,8,69,00,A3,A3,A3,A3,A3,A3,
2060009982,000003AF,false,Rx,0,8,B9,00,00,00,00,00,00,00,
2060502117,000003CF,false,Rx,0,8,69,00,A3,A3,A3,A3,A3,A3,
2060508609,000003AF,false,Rx,0,8,B9,00,00,00,00,00,00,00,
2061006058,000003CF,false,Rx,0,8,69,00,A3,A3,A3,A3,A3,A3,
2061008713,000003AF,false,Rx,0,8,B9,00,00,00,00,00,00,00,
2061508866,000003AF,false,Rx,0,8,B9,00,00,00,00,00,00,00,
2061510050,000003CF,false,Rx,0,8,69,00,A3,A3,A3,A3,A3,A3,
2062009052,000003AF,false,Rx,0,8,B9,00,00,00,00,00,00,00,
2062013822,000003CF,false,Rx,0,8,69,00,A3,A3,A3,A3,A3,A3,
2062509190,000003AF,false,Rx,0,8,B9,00,00,00,00,00,00,00,
2062520114,000003CF,false,Rx,0,8,69,00,A3,A3,A3,A3,A3,A3,
2063009367,000003AF,false,Rx,0,8,B9,00,00,00,00,00,00,00,
2063023975,000003CF,false,Rx,0,8,69,00,A3,A3,A3,A3,A3,A3,
2063509503,000003AF,false,Rx,0,8,B9,00,00,00,00,00,00,00,
2063525784,000003CF,false,Rx,0,8,69,00,A3,A3,A3,A3,A3,A3,
2064009638,000003AF,false,Rx,0,8,B9,00,00,00,00,00,00,00,
2064029821,000003CF,false,Rx,0,8,69,00,A3,A3,A3,A3,A3,A3,
2064509718,000003AF,false,Rx,0,8,B9,00,00,00,00,00,00,00,
2064533667,000003CF,false,Rx,0,8,69,00,A3,A3,A3,A3,A3,A3,
2065009682,000003AF,false,Rx,0,8,B9,00,00,00,00,00,00,00,
2065037857,000003CF,false,Rx,0,8,69,00,A3,A3,A3,A3,A3,A3,
2065509868,000003AF,false,Rx,0,8,B9,00,00,00,00,00,00,00,
2065541659,000003CF,false,Rx,0,8,69,00,A3,A3,A3,A3,A3,A3,
2066009973,000003AF,false,Rx,0,8,B9,00,00,00,00,00,00,00,
2066045599,000003CF,false,Rx,0,8,69,00,A3,A3,A3,A3,A3,A3,
2066510239,000003AF,false,Rx,0,8,B9,00,00,00,00,00,00,00,
2066549455,000003CF,false,Rx,0,8,69,00,A3,A3,A3,A3,A3,A3,
2067010410,000003AF,false,Rx,0,8,B9,00,00,00,00,00,00,00,
2067053442,000003CF,false,Rx,0,8,69,00,A3,A3,A3,A3,A3,A3,
2067510512,000003AF,false,Rx,0,8,B9,00,00,00,00,00,00,00,
2067557595,000003CF,false,Rx,0,8,69,00,A3,A3,A3,A3,A3,A3,
2068010764,000003AF,false,Rx,0,8,B9,00,00,00,00,00,00,00,
2068061431,000003CF,false,Rx,0,8,69,00,A3,A3,A3,A3,A3,A3,
2068510704,000003AF,false,Rx,0,8,B9,00,00,00,00,00,00,00,
2068565530,000003CF,false,Rx,0,8,69,00,A3,A3,A3,A3,A3,A3,
2069010826,000003AF,false,Rx,0,8,B9,00,00,00,00,00,00,00,
2069069368,000003CF,false,Rx,0,8,69,00,A3,A3,A3,A3,A3,A3,
2069510971,000003AF,false,Rx,0,8,B9,00,00,00,00,00,00,00,
2069573475,000003CF,false,Rx,0,8,69,00,A3,A3,A3,A3,A3,A3,
2070013741,000003AF,false,Rx,0,8,B9,00,00,00,00,00,00,00,
2070077312,000003CF,false,Rx,0,8,69,00,A3,A3,A3,A3,A3,A3,
2070511340,000003AF,false,Rx,0,8,B9,00,00,00,00,00,00,00,
2070581341,000003CF,false,Rx,0,8,69,00,A3,A3,A3,A3,A3,A3,
2071011561,000003AF,false,Rx,0,8,B9,00,00,00,00,00,00,00,
2071085101,000003CF,false,Rx,0,8,69,00,A3,A3,A3,A3,A3,A3,
2071511654,000003AF,false,Rx,0,8,B9,00,00,00,00,00,00,00,
2071589360,000003CF,false,Rx,0,8,69,00,A3,A3,A3,A3,A3,A3,
2072011760,000003AF,false,Rx,0,8,B9,00,00,00,00,00,00,00,
2072093162,000003CF,false,Rx,0,8,69,00,A3,A3,A3,A3,A3,A3,
2072511836,000003AF,false,Rx,0,8,B9,00,00,00,00,00,00,00,
2072597117,000003CF,false,Rx,0,8,69,00,A3,A3,A3,A3,A3,A3,
2073012086,000003AF,false,Rx,0,8,B9,00,00,00,00,00,00,00,
2073101027,000003CF,false,Rx,0,8,69,00,A3,A3,A3,A3,A3,A3,
2073512136,000003AF,false,Rx,0,8,B9,00,00,00,00,00,00,00,
2073605068,000003CF,false,Rx,0,8,69,00,A3,A3,A3,A3,A3,A3,
2074012201,000003AF,false,Rx,0,8,B9,00,00,00,00,00,00,00,
2074108808,000003CF,false,Rx,0,8,69,00,A3,A3,A3,A3,A3,A3,
2074512517,000003AF,false,Rx,0,8,B9,00,00,00,00,00,00,00,
2074612963,000003CF,false,Rx,0,8,69,00,A3,A3,A3,A3,A3,A3,
2075012691,000003AF,false,Rx,0,8,B9,00,00,00,00,00,00,00,
2075116870,000003CF,false,Rx,0,8,69,00,A3,A3,A3,A3,A3,A3,
2075512746,000003AF,false,Rx,0,8,B9,00,00,00,00,00,00,00,
2075620824,000003CF,false,Rx,0,8,69,00,A3,A3,A3,A3,A3,A3,
2076012848,000003AF,false,Rx,0,8,B9,00,00,00,00,00,00,00,
2076124819,000003CF,false,Rx,0,8,69,00,A3,A3,A3,A3,A3,A3,
2076512963,000003AF,false,Rx,0,8,B9,00,00,00,00,00,00,00,
2076628749,000003CF,false,Rx,0,8,69,00,A3,A3,A3,A3,A3,A3,
2077013208,000003AF,false,Rx,0,8,B9,00,00,00,00,00,00,00,
2077133509,000003CF,false,Rx,0,8,69,00,A3,A3,A3,A3,A3,A3,
2077513360,000003AF,false,Rx,0,8,B9,00,00,00,00,00,00,00,
2077638677,000003CF,false,Rx,0,8,69,00,A3,A3,A3,A3,A3,A3,
2078013471,000003AF,false,Rx,0,8,B9,00,00,00,00,00,00,00,
2078140567,000003CF,false,Rx,0,8,69,00,A3,A3,A3,A3,A3,A3,
2078513561,000003AF,false,Rx,0,8,B9,00,00,00,00,00,00,00,
2078644589,000003CF,false,Rx,0,8,69,00,A3,A3,A3,A3,A3,A3,
2079013735,000003AF,false,Rx,0,8,B9,00,00,00,00,00,00,00,
2079149970,000003CF,false,Rx,0,8,69,00,A3,A3,A3,A3,A3,A3,
2079513767,000003AF,false,Rx,0,8,B9,00,00,00,00,00,00,00,
2079655474,000003CF,false,Rx,0,8,69,00,A3,A3,A3,A3,A3,A3,
2080013958,000003AF,false,Rx,0,8,B9,00,00,00,00,00,00,00,
2080156423,000003CF,false,Rx,0,8,69,00,A3,A3,A3,A3,A3,A3,
2080513960,000003AF,false,Rx,0,8,B9,00,00,00,00,00,00,00,
2080660361,000003CF,false,Rx,0,8,69,00,A3,A3,A3,A3,A3,A3,
2081014091,000003AF,false,Rx,0,8,B9,00,00,00,00,00,00,00,
2081164291,000003CF,false,Rx,0,8,69,00,A3,A3,A3,A3,A3,A3,
2081514318,000003AF,false,Rx,0,8,B9,00,00,00,00,00,00,00,
2081668334,000003CF,false,Rx,0,8,69,00,A3,A3,A3,A3,A3,A3,
2082014431,000003AF,false,Rx,0,8,B9,00,00,00,00,00,00,00,
2082172240,000003CF,false,Rx,0,8,69,00,A3,A3,A3,A3,A3,A3,
2082514590,000003AF,false,Rx,0,8,B9,00,00,00,00,00,00,00,
2082676115,000003CF,false,Rx,0,8,69,00,A3,A3,A3,A3,A3,A3,
2083014803,000003AF,false,Rx,0,8,B9,00,00,00,00,00,00,00,
2083180098,000003CF,false,Rx,0,8,69,00,A3,A3,A3,A3,A3,A3,
2083514847,000003AF,false,Rx,0,8,B9,00,00,00,00,00,00,00,
2083684128,000003CF,false,Rx,0,8,69,00,A3,A3,A3,A3,A3,A3,
2084015083,000003AF,false,Rx,0,8,B9,00,00,00,00,00,00,00,
2084188117,000003CF,false,Rx,0,8,69,00,A3,A3,A3,A3,A3,A3,
2084515079,000003AF,false,Rx,0,8,B9,00,00,00,00,00,00,00,
2084691940,000003CF,false,Rx,0,8,69,00,A3,A3,A3,A3,A3,A3,
2085015391,000003AF,false,Rx,0,8,B9,00,00,00,00,00,00,00,
2085195929,000003CF,false,Rx,0,8,69,00,A3,A3,A3,A3,A3,A3,
2085515517,000003AF,false,Rx,0,8,B9,00,00,00,00,00,00,00,
2085699903,000003CF,false,Rx,0,8,69,00,A3,A3,A3,A3,A3,A3,
2086015593,000003AF,false,Rx,0,8,B9,00,00,00,00,00,00,00,
2086203953,000003CF,false,Rx,0,8,69,00,A3,A3,A3,A3,A3,A3,
2086515733,000003AF,false,Rx,0,8,B9,00,00,00,00,00,00,00,
2086707737,000003CF,false,Rx,0,8,69,00,A3,A3,A3,A3,A3,A3,
2087015746,000003AF,false,Rx,0,8,B9,00,00,00,00,00,00,00,
2087211802,000003CF,false,Rx,0,8,69,00,A3,A3,A3,A3,A3,A3,
2087515985,000003AF,false,Rx,0,8,B9,00,00,00,00,00,00,00,
2087715731,000003CF,false,Rx,0,8,69,00,A3,A3,A3,A3,A3,A3,
2088016133,000003AF,false,Rx,0,8,B9,00,00,00,00,00,00,00,
2088219731,000003CF,false,Rx,0,8,69,00,A3,A3,A3,A3,A3,A3,
2088516385,000003AF,false,Rx,0,8,B9,00,00,00,00,00,00,00,
2088723667,000003CF,false,Rx,0,8,69,00,A3,A3,A3,A3,A3,A3,
2089016397,000003AF,false,Rx,0,8,B9,00,00,00,00,00,00,00,
2089227461,000003CF,false,Rx,0,8,69,00,A3,A3,A3,A3,A3,A3,
2089516653,000003AF,false,Rx,0,8,B9,00,00,00,00,00,00,00,
2089731605,000003CF,false,Rx,0,8,69,00,A3,A3,A3,A3,A3,A3,
2090016684,000003AF,false,Rx,0,8,B9,00,00,00,00,00,00,00,
2090235402,000003CF,false,Rx,0,8,69,00,A3,A3,A3,A3,A3,A3,
2090516878,000003AF,false,Rx,0,8,B9,00,00,00,00,00,00,00,
2090739530,000003CF,false,Rx,0,8,69,00,A3,A3,A3,A3,A3,A3,
2091016891,000003AF,false,Rx,0,8,B9,00,00,00,00,00,00,00,
2091243370,000003CF,false,Rx,0,8,69,00,A3,A3,A3,A3,A3,A3,
2091516989,000003AF,false,Rx,0,8,B9,00,00,00,00,00,00,00,
2091747402,000003CF,false,Rx,0,8,69,00,A3,A3,A3,A3,A3,A3,
2092017369,000003AF,false,Rx,0,8,B9,00,00,00,00,00,00,00,
2092251405,000003CF,false,Rx,0,8,69,00,A3,A3,A3,A3,A3,A3,
2092517486,000003AF,false,Rx,0,8,B9,00,00,00,00,00,00,00,
2092755313,000003CF,false,Rx,0,8,69,00,A3,A3,A3,A3,A3,A3,
2093017561,000003AF,false,Rx,0,8,B9,00,00,00,00,00,00,00,
2093259226,000003CF,false,Rx,0,8,69,00,A3,A3,A3,A3,A3,A3,
2093517625,000003AF,false,Rx,0,8,B9,00,00,00,00,00,00,00,
2093763253,000003CF,false,Rx,0,8,69,00,A3,A3,A3,A3,A3,A3,
2094017855,000003AF,false,Rx,0,8,B9,00,00,00,00,00,00,00,
2094267062,000003CF,false,Rx,0,8,69,00,A3,A3,A3,A3,A3,A3,
2094517902,000003AF,false,Rx,0,8,B9,00,00,00,00,00,00,00,
2094771150,000003CF,false,Rx,0,8,69,00,A3,A3,A3,A3,A3,A3,
2095018125,000003AF,false,Rx,0,8,B9,00,00,00,00,00,00,00,
2095275199,000003CF,false,Rx,0,8,69,00,A3,A3,A3,A3,A3,A3,
2095518224,000003AF,false,Rx,0,8,B9,00,00,00,00,00,00,00,
2095779226,000003CF,false,Rx,0,8,69,00,A3,A3,A3,A3,A3,A3,
2096018319,000003AF,false,Rx,0,8,B9,00,00,00,00,00,00,00,
2096283042,000003CF,false,Rx,0,8,69,00,A3,A3,A3,A3,A3,A3,
2096518513,000003AF,false,Rx,0,8,B9,00,00,00,00,00,00,00,
2096786973,000003CF,false,Rx,0,8,69,00,A3,A3,A3,A3,A3,A3,
2097018751,000003AF,false,Rx,0,8,B9,00,00,00,00,00,00,00,
2097290771,000003CF,false,Rx,0,8,69,00,A3,A3,A3,A3,A3,A3,
2097518685,000003AF,false,Rx,0,8,B9,00,00,00,00,00,00,00,
2097794871,000003CF,false,Rx,0,8,69,00,A3,A3,A3,A3,A3,A3,
2098018941,000003AF,false,Rx,0,8,B9,00,00,00,00,00,00,00,
2098298953,000003CF,false,Rx,0,8,69,00,A3,A3,A3,A3,A3,A3,
2098519067,000003AF,false,Rx,0,8,B9,00,00,00,00,00,00,00,
2098802826,000003CF,false,Rx,0,8,69,00,A3,A3,A3,A3,A3,A3,
2099019214,000003AF,false,Rx,0,8,B9,00,00,00,00,00,00,00,
2099306660,000003CF,false,Rx,0,8,69,00,A3,A3,A3,A3,A3,A3,
2099519325,000003AF,false,Rx,0,8,B9,00,00,00,00,00,00,00,
2099810766,000003CF,false,Rx,0,8,69,00,A3,A3,A3,A3,A3,A3,
2100019385,000003AF,false,Rx,0,8,B9,00,00,00,00,00,00,00,
2100314564,000003CF,false,Rx,0,8,69,00,A3,A3,A3,A3,A3,A3,
2100519577,000003AF,false,Rx,0,8,B9,00,00,00,00,00,00,00,
2100818624,000003CF,false,Rx,0,8,69,00,A3,A3,A3,A3,A3,A3,
2101019791,000003AF,false,Rx,0,8,B9,00,00,00,00,00,00,00,
2101322586,000003CF,false,Rx,0,8,69,00,A3,A3,A3,A3,A3,A3,
2101519811,000003AF,false,Rx,0,8,B9,00,00,00,00,00,00,00,
2101826619,000003CF,false,Rx,0,8,69,00,A3,A3,A3,A3,A3,A3,
2102020084,000003AF,false,Rx,0,8,B9,00,00,00,00,00,00,00,
2102330431,000003CF,false,Rx,0,8,69,00,A3,A3,A3,A3,A3,A3,
2102520208,000003AF,false,Rx,0,8,B9,00,00,00,00,00,00,00,
2102834323,000003CF,false,Rx,0,8,69,00,A3,A3,A3,A3,A3,A3,
2103020304,000003AF,false,Rx,0,8,B9,00,00,00,00,00,00,00,
2103338481,000003CF,false,Rx,0,8,69,00,A3,A3,A3,A3,A3,A3,
2103520497,000003AF,false,Rx,0,8,B9,00,00,00,00,00,00,00,
2103842334,000003CF,false,Rx,0,8,69,00,A3,A3,A3,A3,A3,A3,
2104020625,000003AF,false,Rx,0,8,B9,00,00,00,00,00,00,00,
2104346391,000003CF,false,Rx,0,8,69,00,A3,A3,A3,A3,A3,A3,
2104520647,000003AF,false,Rx,0,8,B9,00,00,00,00,00,00,00,
2104850347,000003CF,false,Rx,0,8,69,00,A3,A3,A3,A3,A3,A3,
2105020931,000003AF,false,Rx,0,8,B9,00,00,00,00,00,00,00,
2105354112,000003CF,false,Rx,0,8,69,00,A3,A3,A3,A3,A3,A3,
2105520986,000003AF,false,Rx,0,8,B9,00,00,00,00,00,00,00,
2105858181,000003CF,false,Rx,0,8,69,00,A3,A3,A3,A3,A3,A3,
2106021109,000003AF,false,Rx,0,8,B9,00,00,00,00,00,00,00,
2106362117,000003CF,false,Rx,0,8,69,00,A3,A3,A3,A3,A3,A3,
2106521345,000003AF,false,Rx,0,8,B9,00,00,00,00,00,00,00,
2106866122,000003CF,false,Rx,0,8,69,00,A3,A3,A3,A3,A3,A3,
2107021449,000003AF,false,Rx,0,8,B9,00,00,00,00,00,00,00,
2107370031,000003CF,false,Rx,0,8,69,00,A3,A3,A3,A3,A3,A3,
2107521569,000003AF,false,Rx,0,8,B9,00,00,00,00,00,00,00,
2107873993,000003CF,false,Rx,0,8,69,00,A3,A3,A3,A3,A3,A3,
2108021734,000003AF,false,Rx,0,8,B9,00,00,00,00,00,00,00,
2108377814,000003CF,false,Rx,0,8,69,00,A3,A3,A3,A3,A3,A3,
2108521699,000003AF,false,Rx,0,8,B9,00,00,00,00,00,00,00,
2108881966,000003CF,false,Rx,0,8,69,00,A3,A3,A3,A3,A3,A3,
2109021907,000003AF,false,Rx,0,8,B9,00,00,00,00,00,00,00,
2109386244,000003CF,false,Rx,0,8,69,00,A3,A3,A3,A3,A3,A3,
2109522166,000003AF,false,Rx,0,8,B9,00,00,00,00,00,00,00,
2109891311,000003CF,false,Rx,0,8,69,00,A3,A3,A3,A3,A3,A3,
2110022304,000003AF,false,Rx,0,8,B9,00,00,00,00,00,00,00,
2110393986,000003CF,false,Rx,0,8,69,00,A3,A3,A3,A3,A3,A3,
2110522326,000003AF,false,Rx,0,8,B9,00,00,00,00,00,00,00,
2110897836,000003CF,false,Rx,0,8,69,00,A3,A3,A3,A3,A3,A3,
2111022507,000003AF,false,Rx,0,8,B9,00,00,00,00,00,00,00,
2111403831,000003CF,false,Rx,0,8,69,00,A3,A3,A3,A3,A3,A3,
2111522642,000003AF,false,Rx,0,8,B9,00,00,00,00,00,00,00,
2111909038,000003CF,false,Rx,0,8,69,00,A3,A3,A3,A3,A3,A3,
2112022751,000003AF,false,Rx,0,8,B9,00,00,00,00,00,00,00,
2112409638,000003CF,false,Rx,0,8,69,00,A3,A3,A3,A3,A3,A3,
2112522893,000003AF,false,Rx,0,8,B9,00,00,00,00,00,00,00,
2112913597,000003CF,false,Rx,0,8,69,00,A3,A3,A3,A3,A3,A3,
2113023120,000003AF,false,Rx,0,8,B9,00,00,00,00,00,00,00,
2113417517,000003CF,false,Rx,0,8,69,00,A3,A3,A3,A3,A3,A3,
2113523169,000003AF,false,Rx,0,8,B9,00,00,00,00,00,00,00,
2113921471,000003CF,false,Rx,0,8,69,00,A3,A3,A3,A3,A3,A3,
2114023370,000003AF,false,Rx,0,8,B9,00,00,00,00,00,00,00,
2114425461,000003CF,false,Rx,0,8,69,00,A3,A3,A3,A3,A3,A3,
2114523531,000003AF,false,Rx,0,8,B9,00,00,00,00,00,00,00,
2114929413,000003CF,false,Rx,0,8,69,00,A3,A3,A3,A3,A3,A3,
2115023608,000003AF,false,Rx,0,8,B9,00,00,00,00,00,00,00,
2115433276,000003CF,false,Rx,0,8,69,00,A3,A3,A3,A3,A3,A3,
2115523833,000003AF,false,Rx,0,8,B9,00,00,00,00,00,00,00,
2115937377,000003CF,false,Rx,0,8,69,00,A3,A3,A3,A3,A3,A3,
2116023929,000003AF,false,Rx,0,8,B9,00,00,00,00,00,00,00,
2116441289,000003CF,false,Rx,0,8,69,00,A3,A3,A3,A3,A3,A3,
2116524066,000003AF,false,Rx,0,8,B9,00,00,00,00,00,00,00,
2116945251,000003CF,false,Rx,0,8,69,00,A3,A3,A3,A3,A3,A3,
2117024228,000003AF,false,Rx,0,8,B9,00,00,00,00,00,00,00,
2117449022,000003CF,false,Rx,0,8,69,00,A3,A3,A3,A3,A3,A3,
2117524473,000003AF,false,Rx,0,8,B9,00,00,00,00,00,00,00,
2117953054,000003CF,false,Rx,0,8,69,00,A3,A3,A3,A3,A3,A3,
2118024443,000003AF,false,Rx,0,8,B9,00,00,00,00,00,00,00,
2118457078,000003CF,false,Rx,0,8,69,00,A3,A3,A3,A3,A3,A3,
2118524520,000003AF,false,Rx,0,8,B9,00,00,00,00,00,00,00,
2118960960,000003CF,false,Rx,0,8,69,00,A3,A3,A3,A3,A3,A3,
2119024674,000003AF,false,Rx,0,8,B9,00,00,00,00,00,00,00,
2119464963,000003CF,false,Rx,0,8,69,00,A3,A3,A3,A3,A3,A3,
2119524780,000003AF,false,Rx,0,8,B9,00,00,00,00,00,00,00,
2119968929,000003CF,false,Rx,0,8,69,00,A3,A3,A3,A3,A3,A3,
2120025019,000003AF,false,Rx,0,8,B9,00,00,00,00,00,00,00,
2120472836,000003CF,false,Rx,0,8,69,00,A3,A3,A3,A3,A3,A3,
2120525169,000003AF,false,Rx,0,8,B9,00,00,00,00,00,00,00,
2120976864,000003CF,false,Rx,0,8,69,00,A3,A3,A3,A3,A3,A3,
2121025228,000003AF,false,Rx,0,8,B9,00,00,00,00,00,00,00,
2121480869,000003CF,false,Rx,0,8,69,00,A3,A3,A3,A3,A3,A3,
2121525402,000003AF,false,Rx,0,8,B9,00,00,00,00,00,00,00,
2121984782,000003CF,false,Rx,0,8,69,00,A3,A3,A3,A3,A3,A3,
2122025560,000003AF,false,Rx,0,8,B9,00,00,00,00,00,00,00,
2122488598,000003CF,false,Rx,0,8,69,00,A3,A3,A3,A3,A3,A3,
2122525702,000003AF,false,Rx,0,8,B9,00,00,00,00,00,00,00,
2122992690,000003CF,false,Rx,0,8,69,00,A3,A3,A3,A3,A3,A3,
2123025761,000003AF,false,Rx,0,8,B9,00,00,00,00,00,00,00,
2123496744,000003CF,false,Rx,0,8,69,00,A3,A3,A3,A3,A3,A3,
2123525981,000003AF,false,Rx,0,8,B9,00,00,00,00,00,00,00,
2124000687,000003CF,false,Rx,0,8,69,00,A3,A3,A3,A3,A3,A3,
2124025981,000003AF,false,Rx,0,8,B9,00,00,00,00,00,00,00,
2124504599,000003CF,false,Rx,0,8,69,00,A3,A3,A3,A3,A3,A3,
2124526255,000003AF,false,Rx,0,8,B9,00,00,00,00,00,00,00,
2125008509,000003CF,false,Rx,0,8,69,00,A3,A3,A3,A3,A3,A3,
2125026271,000003AF,false,Rx,0,8,B9,00,00,00,00,00,00,00,
2125512469,000003CF,false,Rx,0,8,69,00,A3,A3,A3,A3,A3,A3,
2125526467,000003AF,false,Rx,0,8,B9,00,00,00,00,00,00,00,
2126016316,000003CF,false,Rx,0,8,69,00,A3,A3,A3,A3,A3,A3,
2126026554,000003AF,false,Rx,0,8,B9,00,00,00,00,00,00,00,
2126520433,000003CF,false,Rx,0,8,69,00,A3,A3,A3,A3,A3,A3,
2126526665,000003AF,false,Rx,0,8,B9,00,00,00,00,00,00,00,
2127024413,000003CF,false,Rx,0,8,69,00,A3,A3,A3,A3,A3,A3,
2127026922,000003AF,false,Rx,0,8,B9,00,00,00,00,00,00,00,
2127527033,000003AF,false,Rx,0,8,B9,00,00,00,00,00,00,00,
2127528208,000003CF,false,Rx,0,8,69,00,A3,A3,A3,A3,A3,A3,
2128027266,000003AF,false,Rx,0,8,B9,00,00,00,00,00,00,00,
2128032250,000003CF,false,Rx,0,8,69,00,A3,A3,A3,A3,A3,A3,
2128527376,000003AF,false,Rx,0,8,B9,00,00,00,00,00,00,00,
2128536209,000003CF,false,Rx,0,8,69,00,A3,A3,A3,A3,A3,A3,
2129027574,000003AF,false,Rx,0,8,B9,00,00,00,00,00,00,00,
2129040191,000003CF,false,Rx,0,8,69,00,A3,A3,A3,A3,A3,A3,
2129527613,000003AF,false,Rx,0,8,B9,00,00,00,00,00,00,00,
2129544077,000003CF,false,Rx,0,8,69,00,A3,A3,A3,A3,A3,A3,
2130027818,000003AF,false,Rx,0,8,B9,00,00,00,00,00,00,00,
2130047940,000003CF,false,Rx,0,8,69,00,A3,A3,A3,A3,A3,A3,
2130527853,000003AF,false,Rx,0,8,B9,00,00,00,00,00,00,00,
2130552106,000003CF,false,Rx,0,8,69,00,A3,A3,A3,A3,A3,A3,
2131028046,000003AF,false,Rx,0,8,B9,00,00,00,00,00,00,00,
2131056056,000003CF,false,Rx,0,8,69,00,A3,A3,A3,A3,A3,A3,
2131528238,000003AF,false,Rx,0,8,B9,00,00,00,00,00,00,00,
2131560047,000003CF,false,Rx,0,8,69,00,A3,A3,A3,A3,A3,A3,
2132028395,000003AF,false,Rx,0,8,B9,00,00,00,00,00,00,00,
2132063790,000003CF,false,Rx,0,8,69,00,A3,A3,A3,A3,A3,A3,
2132528501,000003AF,false,Rx,0,8,B9,00,00,00,00,00,00,00,
2132567795,000003CF,false,Rx,0,8,69,00,A3,A3,A3,A3,A3,A3,
2133028554,000003AF,false,Rx,0,8,B9,00,00,00,00,00,00,00,
2133071749,000003CF,false,Rx,0,8,69,00,A3,A3,A3,A3,A3,A3,
2133528766,000003AF,false,Rx,0,8,B9,00,00,00,00,00,00,00,
2133575799,000003CF,false,Rx,0,8,69,00,A3,A3,A3,A3,A3,A3,
2134028733,000003AF,false,Rx,0,8,B9,00,00,00,00,00,00,00,
2134079683,000003CF,false,Rx,0,8,69,00,A3,A3,A3,A3,A3,A3,
2134529071,000003AF,false,Rx,0,8,B9,00,00,00,00,00,00,00,
2134583728,000003CF,false,Rx,0,8,69,00,A3,A3,A3,A3,A3,A3,
2135029096,000003AF,false,Rx,0,8,B9,00,00,00,00,00,00,00,
2135087616,000003CF,false,Rx,0,8,69,00,A3,A3,A3,A3,A3,A3,
2135529363,000003AF,false,Rx,0,8,B9,00,00,00,00,00,00,00,
2135591630,000003CF,false,Rx,0,8,69,00,A3,A3,A3,A3,A3,A3,
2136029333,000003AF,false,Rx,0,8,B9,00,00,00,00,00,00,00,
2136095525,000003CF,false,Rx,0,8,69,00,A3,A3,A3,A3,A3,A3,
2136529636,000003AF,false,Rx,0,8,B9,00,00,00,00,00,00,00,
2136599559,000003CF,false,Rx,0,8,69,00,A3,A3,A3,A3,A3,A3,
2137029687,000003AF,false,Rx,0,8,B9,00,00,00,00,00,00,00,
2137103462,000003CF,false,Rx,0,8,69,00,A3,A3,A3,A3,A3,A3,
2137529930,000003AF,false,Rx,0,8,B9,00,00,00,00,00,00,00,
2137607492,000003CF,false,Rx,0,8,69,00,A3,A3,A3,A3,A3,A3,
2138029927,000003AF,false,Rx,0,8,B9,00,00,00,00,00,00,00,
2138111342,000003CF,false,Rx,0,8,69,00,A3,A3,A3,A3,A3,A3,
2138530155,000003AF,false,Rx,0,8,B9,00,00,00,00,00,00,00,
2138615394,000003CF,false,Rx,0,8,69,00,A3,A3,A3,A3,A3,A3,
2139030304,000003AF,false,Rx,0,8,B9,00,00,00,00,00,00,00,
2139119333,000003CF,false,Rx,0,8,69,00,A3,A3,A3,A3,A3,A3,
2139530354,000003AF,false,Rx,0,8,B9,00,00,00,00,00,00,00,
2139623207,000003CF,false,Rx,0,8,69,00,A3,A3,A3,A3,A3,A3,
2140030596,000003AF,false,Rx,0,8,B9,00,00,00,00,00,00,00,
2140127144,000003CF,false,Rx,0,8,69,00,A3,A3,A3,A3,A3,A3,
2140530716,000003AF,false,Rx,0,8,B9,00,00,00,00,00,00,00,
2140631184,000003CF,false,Rx,0,8,69,00,A3,A3,A3,A3,A3,A3,
2141030849,000003AF,false,Rx,0,8,B9,00,00,00,00,00,00,00,
2141135037,000003CF,false,Rx,0,8,69,00,A3,A3,A3,A3,A3,A3,
2141531017,000003AF,false,Rx,0,8,B9,00,00,00,00,00,00,00,
2141639436,000003CF,false,Rx,0,8,69,00,A3,A3,A3,A3,A3,A3,
2142030974,000003AF,false,Rx,0,8,B9,00,00,00,00,00,00,00,
2142143016,000003CF,false,Rx,0,8,69,00,A3,A3,A3,A3,A3,A3,
2142531266,000003AF,false,Rx,0,8,B9,00,00,00,00,00,00,00,
2142646872,000003CF,false,Rx,0,8,69,00,A3,A3,A3,A3,A3,A3,
2143031425,000003AF,false,Rx,0,8,B9,00,00,00,00,00,00,00,
2143150921,000003CF,false,Rx,0,8,69,00,A3,A3,A3,A3,A3,A3,
2143531432,000003AF,false,Rx,0,8,B9,00,00,00,00,00,00,00,
2143656824,000003CF,false,Rx,0,8,69,00,A3,A3,A3,A3,A3,A3,
2144031620,000003AF,false,Rx,0,8,B9,00,00,00,00,00,00,00,
2144162012,000003CF,false,Rx,0,8,69,00,A3,A3,A3,A3,A3,A3,
2144531678,000003AF,false,Rx,0,8,B9,00,00,00,00,00,00,00,
2144662882,000003CF,false,Rx,0,8,69,00,A3,A3,A3,A3,A3,A3,
2145031941,000003AF,false,Rx,0,8,B9,00,00,00,00,00,00,00,
2145166830,000003CF,false,Rx,0,8,69,00,A3,A3,A3,A3,A3,A3,
2145531985,000003AF,false,Rx,0,8,B9,00,00,00,00,00,00,00,
2145670694,000003CF,false,Rx,0,8,69,00,A3,A3,A3,A3,A3,A3,
2146032151,000003AF,false,Rx,0,8,B9,00,00,00,00,00,00,00,
2146174661,000003CF,false,Rx,0,8,69,00,A3,A3,A3,A3,A3,A3,
2146533042,000003AF,false,Rx,0,8,B9,00,00,00,00,00,00,00,
2146678678,000003CF,false,Rx,0,8,69,00,A3,A3,A3,A3,A3,A3,
2147032356,000003AF,false,Rx,0,8,B9,00,00,00,00,00,00,00,
2147182636,000003CF,false,Rx,0,8,69,00,A3,A3,A3,A3,A3,A3,
2147532586,000003AF,false,Rx,0,8,B9,00,00,00,00,00,00,00,
2147686599,000003CF,false,Rx,0,8,69,00,A3,A3,A3,A3,A3,A3,
2148032616,000003AF,false,Rx,0,8,B9,00,00,00,00,00,00,00,
2148190419,000003CF,false,Rx,0,8,69,00,A3,A3,A3,A3,A3,A3,
2148532783,000003AF,false,Rx,0,8,B9,00,00,00,00,00,00,00,
2148694554,000003CF,false,Rx,0,8,69,00,A3,A3,A3,A3,A3,A3,
2149032919,000003AF,false,Rx,0,8,B9,00,00,00,00,00,00,00,
2149198353,000003CF,false,Rx,0,8,69,00,A3,A3,A3,A3,A3,A3,
2149533083,000003AF,false,Rx,0,8,B9,00,00,00,00,00,00,00,
2149702354,000003CF,false,Rx,0,8,69,00,A3,A3,A3,A3,A3,A3,
2150033297,000003AF,false,Rx,0,8,B9,00,00,00,00,00,00,00,
2150206454,000003CF,false,Rx,0,8,69,00,A3,A3,A3,A3,A3,A3,
2150533449,000003AF,false,Rx,0,8,B9,00,00,00,00,00,00,00,
2150710342,000003CF,false,Rx,0,8,69,00,A3,A3,A3,A3,A3,A3,
2151033438,000003AF,false,Rx,0,8,B9,00,00,00,00,00,00,00,
2151214187,000003CF,false,Rx,0,8,69,00,A3,A3,A3,A3,A3,A3,
2151533615,000003AF,false,Rx,0,8,B9,00,00,00,00,00,00,00,
2151718306,000003CF,false,Rx,0,8,69,00,A3,A3,A3,A3,A3,A3,
2152033932,000003AF,false,Rx,0,8,B9,00,00,00,00,00,00,00,
2152222079,000003CF,false,Rx,0,8,69,00,A3,A3,A3,A3,A3,A3,
2152533824,000003AF,false,Rx,0,8,B9,00,00,00,00,00,00,00,
2152726147,000003CF,false,Rx,0,8,69,00,A3,A3,A3,A3,A3,A3,
2153034115,000003AF,false,Rx,0,8,B9,00,00,00,00,00,00,00,
2153229945,000003CF,false,Rx,0,8,69,00,A3,A3,A3,A3,A3,A3,
2153534113,000003AF,false,Rx,0,8,B9,00,00,00,00,00,00,00,
2153734050,000003CF,false,Rx,0,8,69,00,A3,A3,A3,A3,A3,A3,
2154034386,000003AF,false,Rx,0,8,B9,00,00,00,00,00,00,00,
2154237985,000003CF,false,Rx,0,8,69,00,A3,A3,A3,A3,A3,A3,
2154534595,000003AF,false,Rx,0,8,B9,00,00,00,00,00,00,00,
2154741990,000003CF,false,Rx,0,8,69,00,A3,A3,A3,A3,A3,A3,
2155034655,000003AF,false,Rx,0,8,B9,00,00,00,00,00,00,00,
2155245881,000003CF,false,Rx,0,8,69,00,A3,A3,A3,A3,A3,A3,
2155534834,000003AF,false,Rx,0,8,B9,00,00,00,00,00,00,00,
2155749910,000003CF,false,Rx,0,8,69,00,A3,A3,A3,A3,A3,A3,
2156034793,000003AF,false,Rx,0,8,B9,00,00,00,00,00,00,00,
2156253727,000003CF,false,Rx,0,8,69,00,A3,A3,A3,A3,A3,A3,
2156535002,000003AF,false,Rx,0,8,B9,00,00,00,00,00,00,00,
2156757806,000003CF,false,Rx,0,8,69,00,A3,A3,A3,A3,A3,A3,
2157035218,000003AF,false,Rx,0,8,B9,00,00,00,00,00,00,00,
2157261663,000003CF,false,Rx,0,8,69,00,A3,A3,A3,A3,A3,A3,
2157535310,000003AF,false,Rx,0,8,B9,00,00,00,00,00,00,00,
2157765734,000003CF,false,Rx,0,8,69,00,A3,A3,A3,A3,A3,A3,
2158035510,000003AF,false,Rx,0,8,B9,00,00,00,00,00,00,00,
2158269659,000003CF,false,Rx,0,8,69,00,A3,A3,A3,A3,A3,A3,
2158535635,000003AF,false,Rx,0,8,B9,00,00,00,00,00,00,00,
2158773687,000003CF,false,Rx,0,8,69,00,A3,A3,A3,A3,A3,A3,
2159035812,000003AF,false,Rx,0,8,B9,00,00,00,00,00,00,00,
2159277544,000003CF,false,Rx,0,8,69,00,A3,A3,A3,A3,A3,A3,
2159535759,000003AF,false,Rx,0,8,B9,00,00,00,00,00,00,00,
2159781411,000003CF,false,Rx,0,8,69,00,A3,A3,A3,A3,A3,A3,
2160035911,000003AF,false,Rx,0,8,B9,00,00,00,00,00,00,00,
2160285487,000003CF,false,Rx,0,8,69,00,A3,A3,A3,A3,A3,A3,
2160536226,000003AF,false,Rx,0,8,B9,00,00,00,00,00,00,00,
2160789414,000003CF,false,Rx,0,8,69,00,A3,A3,A3,A3,A3,A3,
2161036348,000003AF,false,Rx,0,8,B9,00,00,00,00,00,00,00,
2161293225,000003CF,false,Rx,0,8,69,00,A3,A3,A3,A3,A3,A3,
2161536482,000003AF,false,Rx,0,8,B9,00,00,00,00,00,00,00,
2161797319,000003CF,false,Rx,0,8,69,00,A3,A3,A3,A3,A3,A3,
2162036475,000003AF,false,Rx,0,8,B9,00,00,00,00,00,00,00,
2162301184,000003CF,false,Rx,0,8,69,00,A3,A3,A3,A3,A3,A3,
2162536792,000003AF,false,Rx,0,8,B9,00,00,00,00,00,00,00,
2162805304,000003CF,false,Rx,0,8,69,00,A3,A3,A3,A3,A3,A3,
2163036936,000003AF,false,Rx,0,8,B9,00,00,00,00,00,00,00,
2163309208,000003CF,false,Rx,0,8,69,00,A3,A3,A3,A3,A3,A3,
2163536908,000003AF,false,Rx,0,8,B9,00,00,00,00,00,00,00,
2163813244,000003CF,false,Rx,0,8,69,00,A3,A3,A3,A3,A3,A3,
2164037156,000003AF,false,Rx,0,8,B9,00,00,00,00,00,00,00,
2164317164,000003CF,false,Rx,0,8,69,00,A3,A3,A3,A3,A3,A3,
2164537322,000003AF,false,Rx,0,8,B9,00,00,00,00,00,00,00,
2164821173,000003CF,false,Rx,0,8,69,00,A3,A3,A3,A3,A3,A3,
2165037447,000003AF,false,Rx,0,8,B9,00,00,00,00,00,00,00,
2165325027,000003CF,false,Rx,0,8,69,00,A3,A3,A3,A3,A3,A3,
2165537561,000003AF,false,Rx,0,8,B9,00,00,00,00,00,00,00,
2165828907,000003CF,false,Rx,0,8,69,00,A3,A3,A3,A3,A3,A3,
2166037768,000003AF,false,Rx,0,8,B9,00,00,00,00,00,00,00,
2166332948,000003CF,false,Rx,0,8,69,00,A3,A3,A3,A3,A3,A3,
2166537863,000003AF,false,Rx,0,8,B9,00,00,00,00,00,00,00,
2166836886,000003CF,false,Rx,0,8,69,00,A3,A3,A3,A3,A3,A3,
2167037910,000003AF,false,Rx,0,8,B9,00,00,00,00,00,00,00,
2167340810,000003CF,false,Rx,0,8,69,00,A3,A3,A3,A3,A3,A3,
2167538042,000003AF,false,Rx,0,8,B9,00,00,00,00,00,00,00,
2167844706,000003CF,false,Rx,0,8,69,00,A3,A3,A3,A3,A3,A3,
2168038140,000003AF,false,Rx,0,8,B9,00,00,00,00,00,00,00,
2168348662,000003CF,false,Rx,0,8,69,00,A3,A3,A3,A3,A3,A3,
2168538307,000003AF,false,Rx,0,8,B9,00,00,00,00,00,00,00,
2168852916,000003CF,false,Rx,0,8,69,00,A3,A3,A3,A3,A3,A3,
2169038548,000003AF,false,Rx,0,8,B9,00,00,00,00,00,00,00,
2169356670,000003CF,false,Rx,0,8,69,00,A3,A3,A3,A3,A3,A3,
2169538617,000003AF,false,Rx,0,8,B9,00,00,00,00,00,00,00,
2169860600,000003CF,false,Rx,0,8,69,00,A3,A3,A3,A3,A3,A3,
2170038726,000003AF,false,Rx,0,8,B9,00,00,00,00,00,00,00,
2170364655,000003CF,false,Rx,0,8,69,00,A3,A3,A3,A3,A3,A3,
2170539031,000003AF,false,Rx,0,8,B9,00,00,00,00,00,00,00,
2170868699,000003CF,false,Rx,0,8,69,00,A3,A3,A3,A3,A3,A3,
2171038912,000003AF,false,Rx,0,8,B9,00,00,00,00,00,00,00,
2171372554,000003CF,false,Rx,0,8,69,00,A3,A3,A3,A3,A3,A3,
2171539121,000003AF,false,Rx,0,8,B9,00,00,00,00,00,00,00,
2171876523,000003CF,false,Rx,0,8,69,00,A3,A3,A3,A3,A3,A3,
2172039260,000003AF,false,Rx,0,8,B9,00,00,00,00,00,00,00,
2172380396,000003CF,false,Rx,0,8,69,00,A3,A3,A3,A3,A3,A3,
2172539334,000003AF,false,Rx,0,8,B9,00,00,00,00,00,00,00,
2172884299,000003CF,false,Rx,0,8,69,00,A3,A3,A3,A3,A3,A3,
2173039661,000003AF,false,Rx,0,8,B9,00,00,00,00,00,00,00,
2173388380,000003CF,false,Rx,0,8,69,00,A3,A3,A3,A3,A3,A3,
2173539662,000003AF,false,Rx,0,8,B9,00,00,00,00,00,00,00,
2173894162,000003CF,false,Rx,0,8,69,00,A3,A3,A3,A3,A3,A3,
2174039766,000003AF,false,Rx,0,8,B9,00,00,00,00,00,00,00,
2174397777,000003CF,false,Rx,0,8,69,00,A3,A3,A3,A3,A3,A3,
2174539903,000003AF,false,Rx,0,8,B9,00,00,00,00,00,00,00,
2174900282,000003CF,false,Rx,0,8,69,00,A3,A3,A3,A3,A3,A3,
2175040130,000003AF,false,Rx,0,8,B9,00,00,00,00,00,00,00,
2175404868,000003CF,false,Rx,0,8,69,00,A3,A3,A3,A3,A3,A3,
2175540306,000003AF,false,Rx,0,8,B9,00,00,00,00,00,00,00,
2175909739,000003CF,false,Rx,0,8,69,00,A3,A3,A3,A3,A3,A3,
2176040502,000003AF,false,Rx,0,8,B9,00,00,00,00,00,00,00,
2176415065,000003CF,false,Rx,0,8,69,00,A3,A3,A3,A3,A3,A3,
2176540629,000003AF,false,Rx,0,8,B9,00,00,00,00,00,00,00,
2176916071,000003CF,false,Rx,0,8,69,00,A3,A3,A3,A3,A3,A3,
2177040782,000003AF,false,Rx,0,8,B9,00,00,00,00,00,00,00,
2177420047,000003CF,false,Rx,0,8,69,00,A3,A3,A3,A3,A3,A3,
2177540873,000003AF,false,Rx,0,8,B9,00,00,00,00,00,00,00,
2177924008,000003CF,false,Rx,0,8,69,00,A3,A3,A3,A3,A3,A3,
2178040874,000003AF,false,Rx,0,8,B9,00,00,00,00,00,00,00,
2178427931,000003CF,false,Rx,0,8,69,00,A3,A3,A3,A3,A3,A3,
2178541190,000003AF,false,Rx,0,8,B9,00,00,00,00,00,00,00,
2178931866,000003CF,false,Rx,0,8,69,00,A3,A3,A3,A3,A3,A3,
2179041192,000003AF,false,Rx,0,8,B9,00,00,00,00,00,00,00,
2179435819,000003CF,false,Rx,0,8,69,00,A3,A3,A3,A3,A3,A3,
2179541426,000003AF,false,Rx,0,8,B9,00,00,00,00,00,00,00,
2179939747,000003CF,false,Rx,0,8,69,00,A3,A3,A3,A3,A3,A3,
2180041493,000003AF,false,Rx,0,8,B9,00,00,00,00,00,00,00,
2180443691,000003CF,false,Rx,0,8,69,00,A3,A3,A3,A3,A3,A3,
2180541621,000003AF,false,Rx,0,8,B9,00,00,00,00,00,00,00,
2180947553,000003CF,false,Rx,0,8,69,00,A3,A3,A3,A3,A3,A3,
2181041905,000003AF,false,Rx,0,8,B9,00,00,00,00,00,00,00,
2181451608,000003CF,false,Rx,0,8,69,00,A3,A3,A3,A3,A3,A3,
2181541854,000003AF,false,Rx,0,8,B9,00,00,00,00,00,00,00,
2181955554,000003CF,false,Rx,0,8,69,00,A3,A3,A3,A3,A3,A3,
2182042079,000003AF,false,Rx,0,8,B9,00,00,00,00,00,00,00,
2182459709,000003CF,false,Rx,0,8,69,00,A3,A3,A3,A3,A3,A3,
2182542100,000003AF,false,Rx,0,8,B9,00,00,00,00,00,00,00,
2182963615,000003CF,false,Rx,0,8,69,00,A3,A3,A3,A3,A3,A3,
2183042271,000003AF,false,Rx,0,8,B9,00,00,00,00,00,00,00,
2183467408,000003CF,false,Rx,0,8,69,00,A3,A3,A3,A3,A3,A3,
2183542484,000003AF,false,Rx,0,8,B9,00,00,00,00,00,00,00,
2183971301,000003CF,false,Rx,0,8,69,00,A3,A3,A3,A3,A3,A3,
2184042727,000003AF,false,Rx,0,8,B9,00,00,00,00,00,00,00,
2184475318,000003CF,false,Rx,0,8,69,00,A3,A3,A3,A3,A3,A3,
2184542731,000003AF,false,Rx,0,8,B9,00,00,00,00,00,00,00,
2184979199,000003CF,false,Rx,0,8,69,00,A3,A3,A3,A3,A3,A3,
2185042800,000003AF,false,Rx,0,8,B9,00,00,00,00,00,00,00,
2185483343,000003CF,false,Rx,0,8,69,00,A3,A3,A3,A3,A3,A3,
2185543066,000003AF,false,Rx,0,8,B9,00,00,00,00,00,00,00,
2185987289,000003CF,false,Rx,0,8,69,00,A3,A3,A3,A3,A3,A3,
2186043245,000003AF,false,Rx,0,8,B9,00,00,00,00,00,00,00,
2186491196,000003CF,false,Rx,0,8,69,00,A3,A3,A3,A3,A3,A3,
2186543246,000003AF,false,Rx,0,8,B9,00,00,00,00,00,00,00,
2186995188,000003CF,false,Rx,0,8,69,00,A3,A3,A3,A3,A3,A3,
2187043559,000003AF,false,Rx,0,8,B9,00,00,00,00,00,00,00,
2187499106,000003CF,false,Rx,0,8,69,00,A3,A3,A3,A3,A3,A3,
2187543626,000003AF,false,Rx,0,8,B9,00,00,00,00,00,00,00,
2188003014,000003CF,false,Rx,0,8,69,00,A3,A3,A3,A3,A3,A3,
2188043797,000003AF,false,Rx,0,8,B9,00,00,00,00,00,00,00,
2188507142,000003CF,false,Rx,0,8,69,00,A3,A3,A3,A3,A3,A3,
2188543827,000003AF,false,Rx,0,8,B9,00,00,00,00,00,00,00,
2189011046,000003CF,false,Rx,0,8,69,00,A3,A3,A3,A3,A3,A3,
2189043899,000003AF,false,Rx,0,8,B9,00,00,00,00,00,00,00,
2189514802,000003CF,false,Rx,0,8,69,00,A3,A3,A3,A3,A3,A3,
2189544242,000003AF,false,Rx,0,8,B9,00,00,00,00,00,00,00,
2190018917,000003CF,false,Rx,0,8,69,00,A3,A3,A3,A3,A3,A3,
2190044345,000003AF,false,Rx,0,8,B9,00,00,00,00,00,00,00,
2190522809,000003CF,false,Rx,0,8,69,00,A3,A3,A3,A3,A3,A3,
2190544519,000003AF,false,Rx,0,8,B9,00,00,00,00,00,00,00,
2191027050,000003CF,false,Rx,0,8,69,00,A3,A3,A3,A3,A3,A3,
2191044467,000003AF,false,Rx,0,8,B9,00,00,00,00,00,00,00,
2191530625,000003CF,false,Rx,0,8,69,00,A3,A3,A3,A3,A3,A3,
2191544710,000003AF,false,Rx,0,8,B9,00,00,00,00,00,00,00,
2192034743,000003CF,false,Rx,0,8,69,00,A3,A3,A3,A3,A3,A3,
2192044881,000003AF,false,Rx,0,8,B9,00,00,00,00,00,00,00,
2192538544,000003CF,false,Rx,0,8,69,00,A3,A3,A3,A3,A3,A3,
2192544990,000003AF,false,Rx,0,8,B9,00,00,00,00,00,00,00,
2193042559,000003CF,false,Rx,0,8,69,00,A3,A3,A3,A3,A3,A3,
2193045071,000003AF,false,Rx,0,8,B9,00,00,00,00,00,00,00,
2193545211,000003AF,false,Rx,0,8,B9,00,00,00,00,00,00,00,
2193546601,000003CF,false,Rx,0,8,69,00,A3,A3,A3,A3,A3,A3,
2194045401,000003AF,false,Rx,0,8,B9,00,00,00,00,00,00,00,
2194050563,000003CF,false,Rx,0,8,69,00,A3,A3,A3,A3,A3,A3,
2194545533,000003AF,false,Rx,0,8,B9,00,00,00,00,00,00,00,
2194554359,000003CF,false,Rx,0,8,69,00,A3,A3,A3,A3,A3,A3,
2195045783,000003AF,false,Rx,0,8,B9,00,00,00,00,00,00,00,
2195058396,000003CF,false,Rx,0,8,69,00,A3,A3,A3,A3,A3,A3,
2195545908,000003AF,false,Rx,0,8,B9,00,00,00,00,00,00,00,
2195562283,000003CF,false,Rx,0,8,69,00,A3,A3,A3,A3,A3,A3,
2196045881,000003AF,false,Rx,0,8,B9,00,00,00,00,00,00,00,
2196066372,000003CF,false,Rx,0,8,69,00,A3,A3,A3,A3,A3,A3,
2196546040,000003AF,false,Rx,0,8,B9,00,00,00,00,00,00,00,
2196570357,000003CF,false,Rx,0,8,69,00,A3,A3,A3,A3,A3,A3,
2197046164,000003AF,false,Rx,0,8,B9,00,00,00,00,00,00,00,
2197074342,000003CF,false,Rx,0,8,69,00,A3,A3,A3,A3,A3,A3,
2197546387,000003AF,false,Rx,0,8,B9,00,00,00,00,00,00,00,
2197578330,000003CF,false,Rx,0,8,69,00,A3,A3,A3,A3,A3,A3,
2198046504,000003AF,false,Rx,0,8,B9,00,00,00,00,00,00,00,
2198082152,000003CF,false,Rx,0,8,69,00,A3,A3,A3,A3,A3,A3,
2198546554,000003AF,false,Rx,0,8,B9,00,00,00,00,00,00,00,
2198586026,000003CF,false,Rx,0,8,69,00,A3,A3,A3,A3,A3,A3,
2199046715,000003AF,false,Rx,0,8,B9,00,00,00,00,00,00,00,
2199089975,000003CF,false,Rx,0,8,69,00,A3,A3,A3,A3,A3,A3,
2199546882,000003AF,false,Rx,0,8,B9,00,00,00,00,00,00,00,
2199594160,000003CF,false,Rx,0,8,69,00,A3,A3,A3,A3,A3,A3,
2200047067,000003AF,false,Rx,0,8,B9,00,00,00,00,00,00,00,
2200098007,000003CF,false,Rx,0,8,69,00,A3,A3,A3,A3,A3,A3,
2200547225,000003AF,false,Rx,0,8,B9,00,00,00,00,00,00,00,
2200601972,000003CF,false,Rx,0,8,69,00,A3,A3,A3,A3,A3,A3,
2201047284,000003AF,false,Rx,0,8,B9,00,00,00,00,00,00,00,
2201105910,000003CF,false,Rx,0,8,69,00,A3,A3,A3,A3,A3,A3,
2201547439,000003AF,false,Rx,0,8,B9,00,00,00,00,00,00,00,
2201609892,000003CF,false,Rx,0,8,69,00,A3,A3,A3,A3,A3,A3,
2202047528,000003AF,false,Rx,0,8,B9,00,00,00,00,00,00,00,
2202113836,000003CF,false,Rx,0,8,69,00,A3,A3,A3,A3,A3,A3,
2202547631,000003AF,false,Rx,0,8,B9,00,00,00,00,00,00,00,
2202617824,000003CF,false,Rx,0,8,69,00,A3,A3,A3,A3,A3,A3,
2203047802,000003AF,false,Rx,0,8,B9,00,00,00,00,00,00,00,
2203121638,000003CF,false,Rx,0,8,69,00,A3,A3,A3,A3,A3,A3,
2203548096,000003AF,false,Rx,0,8,B9,00,00,00,00,00,00,00,
2203625710,000003CF,false,Rx,0,8,69,00,A3,A3,A3,A3,A3,A3,
2204048151,000003AF,false,Rx,0,8,B9,00,00,00,00,00,00,00,
2204129520,000003CF,false,Rx,0,8,69,00,A3,A3,A3,A3,A3,A3,
2204548372,000003AF,false,Rx,0,8,B9,00,00,00,00,00,00,00,
2204633524,000003CF,false,Rx,0,8,69,00,A3,A3,A3,A3,A3,A3,
2205048526,000003AF,false,Rx,0,8,B9,00,00,00,00,00,00,00,
2205137633,000003CF,false,Rx,0,8,69,00,A3,A3,A3,A3,A3,A3,
2205548561,000003AF,false,Rx,0,8,B9,00,00,00,00,00,00,00,
2205641524,000003CF,false,Rx,0,8,69,00,A3,A3,A3,A3,A3,A3,
2206048789,000003AF,false,Rx,0,8,B9,00,00,00,00,00,00,00,
2206145573,000003CF,false,Rx,0,8,69,00,A3,A3,A3,A3,A3,A3,
2206548908,000003AF,false,Rx,0,8,B9,00,00,00,00,00,00,00,
2206651259,000003CF,false,Rx,0,8,69,00,A3,A3,A3,A3,A3,A3,
2207049018,000003AF,false,Rx,0,8,B9,00,00,00,00,00,00,00,
2207153414,000003CF,false,Rx,0,8,69,00,A3,A3,A3,A3,A3,A3,
2207548980,000003AF,false,Rx,0,8,B9,00,00,00,00,00,00,00,
2207657396,000003CF,false,Rx,0,8,69,00,A3,A3,A3,A3,A3,A3,
2208049345,000003AF,false,Rx,0,8,B9,00,00,00,00,00,00,00,
2208162723,000003CF,false,Rx,0,8,69,00,A3,A3,A3,A3,A3,A3,
2208549461,000003AF,false,Rx,0,8,B9,00,00,00,00,00,00,00,
2208669285,000003CF,false,Rx,0,8,69,00,A3,A3,A3,A3,A3,A3,
2209049492,000003AF,false,Rx,0,8,B9,00,00,00,00,00,00,00,
2209169183,000003CF,false,Rx,0,8,69,00,A3,A3,A3,A3,A3,A3,
2209549575,000003AF,false,Rx,0,8,B9,00,00,00,00,00,00,00,
2209673177,000003CF,false,Rx,0,8,69,00,A3,A3,A3,A3,A3,A3,
2210049682,000003AF,false,Rx,0,8,B9,00,00,00,00,00,00,00,
2210177184,000003CF,false,Rx,0,8,69,00,A3,A3,A3,A3,A3,A3,
2210549978,000003AF,false,Rx,0,8,B9,00,00,00,00,00,00,00,
2210681169,000003CF,false,Rx,0,8,69,00,A3,A3,A3,A3,A3,A3,
2211050050,000003AF,false,Rx,0,8,B9,00,00,00,00,00,00,00,
2211185028,000003CF,false,Rx,0,8,69,00,A3,A3,A3,A3,A3,A3,
2211550184,000003AF,false,Rx,0,8,B9,00,00,00,00,00,00,00,
2211689042,000003CF,false,Rx,0,8,69,00,A3,A3,A3,A3,A3,A3,
2212050402,000003AF,false,Rx,0,8,B9,00,00,00,00,00,00,00,
2212193005,000003CF,false,Rx,0,8,69,00,A3,A3,A3,A3,A3,A3,
2212550500,000003AF,false,Rx,0,8,B9,00,00,00,00,00,00,00,
2212697113,000003CF,false,Rx,0,8,69,00,A3,A3,A3,A3,A3,A3,
2213050581,000003AF,false,Rx,0,8,B9,00,00,00,00,00,00,00,
2213203647,000003CF,false,Rx,0,8,69,00,A3,A3,A3,A3,A3,A3,
2213550856,000003AF,false,Rx,0,8,B9,00,00,00,00,00,00,00,
2213706430,000003CF,false,Rx,0,8,69,00,A3,A3,A3,A3,A3,A3,
2214050901,000003AF,false,Rx,0,8,B9,00,00,00,00,00,00,00,
2214208926,000003CF,false,Rx,0,8,69,00,A3,A3,A3,A3,A3,A3,
2214551026,000003AF,false,Rx,0,8,B9,00,00,00,00,00,00,00,
2214712825,000003CF,false,Rx,0,8,69,00,A3,A3,A3,A3,A3,A3,
2215051202,000003AF,false,Rx,0,8,B9,00,00,00,00,00,00,00,
2215216588,000003CF,false,Rx,0,8,69,00,A3,A3,A3,A3,A3,A3,
2215551376,000003AF,false,Rx,0,8,B9,00,00,00,00,00,00,00,
2215720715,000003CF,false,Rx,0,8,69,00,A3,A3,A3,A3,A3,A3,
